****************************************************************************
* hwloc 2.7.1 received invalid information from the operating system.
*
* Failed with: intersection without inclusion
* while inserting Group0 (P#8 cpuset 0x000f0000) at L1d (P#8 cpuset 0x00010006)
* coming from: linux:sysfs:cluster
*
* The following FAQ entry in the hwloc documentation may help:
*   What should I do when hwloc reports "operating system" warnings?
* Otherwise please report this error message to the hwloc user's mailing list,
* along with the files generated by the hwloc-gather-topology script.
* 
* hwloc will now ignore this invalid topology information and continue.
****************************************************************************
hwloc/linux: Ignoring PCI device with non-16bit domain.
Pass --enable-32bits-pci-domain to configure to support such devices
(warning: it would break the library ABI, don't enable unless really needed).
Welcome to: Ludwig v0.23.0 (Serial version running on 1 process)
Git commit: e2e0fd7cb5b2599d9615e757779c1b834df541c2

Start time: Sun Sep 20 15:05:06 2026

Compiler:
  name:           NVIDIA nvcc 13.3.73
  version-string: none
  options:        -ccbin=/usr/local/ompi/bin/mpicc -O0 -g -G -DADDR_SOA -DNSIMDVL=4 -arch=sm_89 -x cu -dc -Xcompiler -Wall

Note assertions via standard C assert() are on.

Target thread model: CUDA.
Default threads per block: 128; max. threads per block: 1024.

Read 44 user parameters from input

System details
--------------
System size:    48 48 48
Decomposition:  1 1 1
Local domain:   48 48 48
Periodic:       1 1 1
Halo nhalo:     3
Reorder:        true
Initialised:    1

Free energy details
-------------------

Electrokinetics (single fluid) selected

Parameters:
Electrokinetic species:     2
Boltzmann factor:           1.0000000e+05 (T =  1.0000000e-05)
Unit charge:                1.0000000e+00
Permittivity:               1.0000000e+04
Bjerrum length:             7.9577472e-01
Valency species 0:          1
Diffusivity species 0:      1.0000000e-02
Valency species 1:         -1
Diffusivity species 1:      1.0000000e-02
Solver type:                          fft
Solver stencil points:                 27
Relative tolerance:         1.0000000e-18
Absolute tolerance:         1.0000000e-18
Max. no. of iterations:             10000
Number of multisteps:       1
Diffusive accuracy in NPE:  0.0000000e+00
Force calculation:      phi_gradmu_correction
psi_solver_fft: using discrete Laplacian (stencil 27 points)

System properties
----------------
Mean fluid density:           8.00000e-01
Shear viscosity               5.00000e-02
Bulk viscosity                5.00000e-02
Temperature                   1.00000e-05
External body force density   0.00000e+00  0.00000e+00  0.00000e+00
External E-field amplitude    0.00000e+00  0.00000e+00  0.00000e+00
External E-field frequency    0.00000e+00
External magnetic field       0.00000e+00  0.00000e+00  0.00000e+00

Lattice Boltzmann distributions
-------------------------------
Model:            d3q19 R
SIMD vector len:  4
Number of sets:   1
Halo type:        full halo
Input format:     binary
Output format:    binary
I/O grid:         1 1 1

Lattice Boltzmann collision
---------------------------
Relaxation time scheme:   M10
Hydrodynamic modes:       on
Ghost modes:              on
Isothermal fluctuations:  off
Shear relaxation time:    6.87500e-01
Bulk relaxation time:     6.87500e-01
Ghost relaxation time:    1.00000e+00
[User   ] Random number seed: 8361235

Hydrodynamics
-------------
Hydrodynamics: on

Advection scheme order:  1 (default)

Initial charge densities
------------------------
Initial conditions:         Uniform
Initial condition rho_el:  0.0000000e+00
Debye length:                        inf

Colloid information
-------------------

Colloid I/O settings
--------------------
Decomposition:                1  1  1
Number of files:              1
Input format:                 ascii
Output format:                ascii
Single file read flag:        0

colloid_io_read: reading from config.cds.init.001-001 etc
Read a total of 2544 colloids from file

Initialised 2544 colloids

Soft sphere potential
epsilon:                   1.0000000e-05
sigma:                     1.0000000e+00
exponent nu:               1.2000000e+01
cut off (surface-surface)  1.8000000e+00
epsilon / kT               1.0000000e+00
Harmonic bond
Spring constant:           2.0000000e-03  
                          
Equilibrium separation:    3.5000000e+00  
                          

Colloid cell list information
-----------------------------
Input radius maximum:         1.0000000e+00
Hydrodynamic radius maximum:  5.0000000e-02
Surface-surface interaction:  1.8000000e+00
Centre-centre interaction:    1.4000000e+01
Final cell list:              3 3 3
Final cell lengths:           1.6000000e+01  1.6000000e+01  1.6000000e+01


Arranging initial charge neutrality.

[DIAG psi_electroneutral] qtot=0.0000000000000000e+00 n_near=9 n_near_global=9 vf=110592 vf_eff=110583 rho_el=0.0000000000000000e+00 rhoi=0.0000000000000000e+00 rhoi_opp=0.0000000000000000e+00 nc=0 nn=1
Subgrid kernel set from input: hann
Hann kernel order set from input: 4
Interlacing mode set from input: 0
Initial conditions.

Scalars - total mean variance min max
[rho]       88473.60  0.80000000000  3.1256109e-12  0.80000000000  0.80000000000
[psi]  0.0000000e+00  0.0000000e+00  0.0000000e+00
[rho]  0.0000000e+00  0.0000000e+00  0.0000000e+00
[rho]  0.0000000e+00  0.0000000e+00  0.0000000e+00
[elc]  0.0000000e+00  0.0000000e+00  0.0000000e+00
[psi]  0.0000000e+00  0.0000000e+00  0.0000000e+00
[rho]  0.0000000e+00  0.0000000e+00  0.0000000e+00
[rho]  0.0000000e+00  0.0000000e+00  0.0000000e+00
[elc]  0.0000000e+00  0.0000000e+00  0.0000000e+00

Free energies - timestep f v f/v f_s a f_s/a
[fe]              0  0.0000000000e+00  1.1059200000e+05  0.0000000000e+00  0.0000000000e+00

Momentum - x y z
[total   ]  0.0000000e+00  3.8369308e-13  0.0000000e+00
[fluid   ]  0.0000000e+00  3.8369308e-13  0.0000000e+00
[colloids]  0.0000000e+00  0.0000000e+00  0.0000000e+00
[subgrid ]  0.0000000e+00  0.0000000e+00  0.0000000e+00

Total force - x y z
[fluid   ]  0.0000000e+00  0.0000000e+00  0.0000000e+00
[colloids]  0.0000000e+00  0.0000000e+00  0.0000000e+00
[subgrid ]  0.0000000e+00  0.0000000e+00  0.0000000e+00

Starting time step loop.
Kappa calculado: 0.000000000000000
particle_Esub.csv: appending to existing file
particle_force.csv: appending to existing file
Using non-Ewald solver
  Current step =0
Writing distribution output at step 1!
MPIIO wrote to dist-000000001.001-001
-       dist aggregated  50.430 MB in   0.499 seconds
-       dist wrote       50.430 MB in   0.014 seconds
-       dist rate         3.703 GB per second
Writing colloid output at step 1!

colloid_io_write:
writing colloid information to config.cds00000001.001-001 etc
Writing electrokinetic data at step 1!
MPIIO wrote to psi-000000001.001-001
-        psi aggregated   2.654 MB in   0.027 seconds
-        psi wrote        2.654 MB in   0.001 seconds
-        psi rate         2.367 GB per second
MPIIO wrote to qsi-000000001.001-001
-        qsi aggregated   5.198 MB in   0.047 seconds
-        qsi wrote        5.198 MB in   0.002 seconds
-        qsi rate         3.015 GB per second
MPIIO wrote to efield-000000001.001-001
-     efield aggregated   7.741 MB in   0.066 seconds
-     efield wrote        7.741 MB in   0.002 seconds
-     efield rate         3.156 GB per second
Writing rho/velocity output at step 1!
MPIIO wrote to rho-000000001.001-001
-        rho aggregated   2.654 MB in   0.027 seconds
-        rho wrote        2.654 MB in   0.001 seconds
-        rho rate         2.392 GB per second
MPIIO wrote to vel-000000001.001-001
-        vel aggregated   7.741 MB in   0.090 seconds
-        vel wrote        7.741 MB in   0.002 seconds
-        vel rate         3.118 GB per second
  Current step =0
  Current step =0
  Current step =0
  Current step =0
  Current step =0
  Current step =0
  Current step =0
  Current step =0
  Current step =0
  Current step =0
  Current step =0
  Current step =0
  Current step =0
  Current step =0
  Current step =0
  Current step =0
  Current step =0
  Current step =0

Particle statistics:
Pair potential minimum h is:  2.1056806e+00
Pair potential energy is:     0.0000000e+00
Bond harmonic potential minimum r is:  3.0988641e+00
Bond harmonic potential maximum r is:  3.8741306e+00
Bond harmonic potential energy is:     5.6357109e-02

Colloid velocities - x y z
[minimum ] -2.4189132e-02 -1.7557757e-02 -2.5829011e-02
[maximum ]  2.1935579e-02  2.3100377e-02  2.5665858e-02
  Current step =0

Scalars - total mean variance min max
[rho]       88473.60  0.80000000000  4.4696047e-10  0.79989767317  0.80008752844
[psi]  0.0000000e+00  0.0000000e+00  0.0000000e+00
[rho]  0.0000000e+00  0.0000000e+00  0.0000000e+00
[rho]  0.0000000e+00  0.0000000e+00  0.0000000e+00
[elc]  0.0000000e+00  0.0000000e+00  0.0000000e+00
[psi]  0.0000000e+00  0.0000000e+00  0.0000000e+00
[rho]  0.0000000e+00  0.0000000e+00  0.0000000e+00
[rho]  0.0000000e+00  0.0000000e+00  0.0000000e+00
[elc]  0.0000000e+00  0.0000000e+00  0.0000000e+00

Free energies - timestep f v f/v f_s a f_s/a
[fe]             20  0.0000000000e+00  1.1059200000e+05  0.0000000000e+00  0.0000000000e+00

Momentum - x y z
[total   ] -9.9634722e-05  1.8365394e-04 -1.0201761e-04
[fluid   ] -3.1051550e-15 -7.3899220e-16 -5.7766292e-15
[colloids]  0.0000000e+00  0.0000000e+00  0.0000000e+00
[subgrid ] -9.9634722e-05  1.8365394e-04 -1.0201761e-04

Total force - x y z
[fluid   ] -1.3479867e-18  4.0903089e-18 -1.2327696e-17
[colloids]  0.0000000e+00  0.0000000e+00  0.0000000e+00
[subgrid ] -1.0043108e-02  1.8474575e-02 -1.0274195e-02

Velocity - x y z
[minimum ] -2.7876718e-04 -2.8950351e-04 -4.2285779e-04
[maximum ]  3.3315906e-04  3.9504175e-04  2.9758868e-04

Completed cycle 20
  Current step =0
  Current step =0
  Current step =0
  Current step =0
  Current step =0
  Current step =0
  Current step =0
  Current step =0
  Current step =0
  Current step =0
  Current step =0
  Current step =0
  Current step =0
  Current step =0
  Current step =0
  Current step =0
  Current step =0
  Current step =0
  Current step =0

Particle statistics:
Pair potential minimum h is:  1.8130742e+00
Pair potential energy is:     0.0000000e+00
Bond harmonic potential minimum r is:  3.1175445e+00
Bond harmonic potential maximum r is:  3.8068257e+00
Bond harmonic potential energy is:     2.9922997e-02

Colloid velocities - x y z
[minimum ] -1.2383998e-02 -1.0317862e-02 -9.7400335e-03
[maximum ]  1.1144346e-02  1.1081325e-02  1.4520404e-02
  Current step =0

Scalars - total mean variance min max
[rho]       88473.60  0.80000000000  1.7965718e-10  0.79992534487  0.80005174739
[psi]  0.0000000e+00  0.0000000e+00  0.0000000e+00
[rho]  0.0000000e+00  0.0000000e+00  0.0000000e+00
[rho]  0.0000000e+00  0.0000000e+00  0.0000000e+00
[elc]  0.0000000e+00  0.0000000e+00  0.0000000e+00
[psi]  0.0000000e+00  0.0000000e+00  0.0000000e+00
[rho]  0.0000000e+00  0.0000000e+00  0.0000000e+00
[rho]  0.0000000e+00  0.0000000e+00  0.0000000e+00
[elc]  0.0000000e+00  0.0000000e+00  0.0000000e+00

Free energies - timestep f v f/v f_s a f_s/a
[fe]             40  0.0000000000e+00  1.1059200000e+05  0.0000000000e+00  0.0000000000e+00

Momentum - x y z
[total   ] -8.4733132e-05  9.7221903e-05 -8.3474103e-05
[fluid   ]  1.6202317e-15  1.6375790e-15 -3.9308834e-15
[colloids]  0.0000000e+00  0.0000000e+00  0.0000000e+00
[subgrid ] -8.4733132e-05  9.7221903e-05 -8.3474103e-05

Total force - x y z
[fluid   ] -1.1707614e-18  2.9938325e-18 -4.4087846e-18
[colloids]  0.0000000e+00  0.0000000e+00  0.0000000e+00
[subgrid ] -8.5439378e-03  9.7878967e-03 -8.3965262e-03

Velocity - x y z
[minimum ] -2.1049397e-04 -2.7325947e-04 -2.6235558e-04
[maximum ]  2.2378768e-04  2.5088119e-04  2.3800468e-04

Completed cycle 40
  Current step =0
  Current step =0
  Current step =0
  Current step =0
  Current step =0
  Current step =0
  Current step =0
  Current step =0
  Current step =0
  Current step =0
  Current step =0
  Current step =0
  Current step =0
  Current step =0
  Current step =0
  Current step =0
  Current step =0
  Current step =0
  Current step =0

Particle statistics:
Pair potential minimum h is:  1.6603461e+00
Pair potential energy is:     6.0909203e-09
Bond harmonic potential minimum r is:  3.1464304e+00
Bond harmonic potential maximum r is:  3.7733241e+00
Bond harmonic potential energy is:     2.0112253e-02

Colloid velocities - x y z
[minimum ] -7.7067780e-03 -6.2744007e-03 -7.6337563e-03
[maximum ]  9.3449646e-03  7.9160233e-03  1.0630928e-02
  Current step =0

Scalars - total mean variance min max
[rho]       88473.60  0.80000000000  9.4151464e-11  0.79996599010  0.80003265176
[psi]  0.0000000e+00  0.0000000e+00  0.0000000e+00
[rho]  0.0000000e+00  0.0000000e+00  0.0000000e+00
[rho]  0.0000000e+00  0.0000000e+00  0.0000000e+00
[elc]  0.0000000e+00  0.0000000e+00  0.0000000e+00
[psi]  0.0000000e+00  0.0000000e+00  0.0000000e+00
[rho]  0.0000000e+00  0.0000000e+00  0.0000000e+00
[rho]  0.0000000e+00  0.0000000e+00  0.0000000e+00
[elc]  0.0000000e+00  0.0000000e+00  0.0000000e+00

Free energies - timestep f v f/v f_s a f_s/a
[fe]             60  0.0000000000e+00  1.1059200000e+05  0.0000000000e+00  0.0000000000e+00

Momentum - x y z
[total   ] -6.2475577e-05  7.4315766e-05 -5.2542375e-05
[fluid   ] -2.5326963e-14  2.1677105e-14 -1.8443580e-14
[colloids]  0.0000000e+00  0.0000000e+00  0.0000000e+00
[subgrid ] -6.2475577e-05  7.4315766e-05 -5.2542375e-05

Total force - x y z
[fluid   ] -4.5956244e-19  1.9335597e-18 -2.6628438e-18
[colloids]  0.0000000e+00  0.0000000e+00  0.0000000e+00
[subgrid ] -6.2893761e-03  7.4925159e-03 -5.2829509e-03

Velocity - x y z
[minimum ] -2.0384047e-04 -2.1352727e-04 -2.2037731e-04
[maximum ]  1.8751237e-04  1.6929611e-04  2.1203745e-04

Completed cycle 60
  Current step =0
  Current step =0
  Current step =0
  Current step =0
  Current step =0
  Current step =0
  Current step =0
  Current step =0
  Current step =0
  Current step =0
  Current step =0
  Current step =0
  Current step =0
  Current step =0
  Current step =0
  Current step =0
  Current step =0
  Current step =0
  Current step =0

Particle statistics:
Pair potential minimum h is:  1.5676454e+00
Pair potential energy is:     2.3362296e-08
Bond harmonic potential minimum r is:  3.1765729e+00
Bond harmonic potential maximum r is:  3.7596454e+00
Bond harmonic potential energy is:     1.5011483e-02

Colloid velocities - x y z
[minimum ] -6.0811613e-03 -5.0174223e-03 -6.3403393e-03
[maximum ]  6.8360790e-03  5.7504582e-03  7.2025464e-03
  Current step =0

Scalars - total mean variance min max
[rho]       88473.60  0.80000000000  8.4525276e-11  0.79996925147  0.80003537667
[psi]  0.0000000e+00  0.0000000e+00  0.0000000e+00
[rho]  0.0000000e+00  0.0000000e+00  0.0000000e+00
[rho]  0.0000000e+00  0.0000000e+00  0.0000000e+00
[elc]  0.0000000e+00  0.0000000e+00  0.0000000e+00
[psi]  0.0000000e+00  0.0000000e+00  0.0000000e+00
[rho]  0.0000000e+00  0.0000000e+00  0.0000000e+00
[rho]  0.0000000e+00  0.0000000e+00  0.0000000e+00
[elc]  0.0000000e+00  0.0000000e+00  0.0000000e+00

Free energies - timestep f v f/v f_s a f_s/a
[fe]             80  0.0000000000e+00  1.1059200000e+05  0.0000000000e+00  0.0000000000e+00

Momentum - x y z
[total   ] -5.3754585e-05  5.7050230e-05 -3.3149265e-05
[fluid   ] -2.3828162e-14  1.4464124e-14 -1.2774504e-14
[colloids]  0.0000000e+00  0.0000000e+00  0.0000000e+00
[subgrid ] -5.3754585e-05  5.7050230e-05 -3.3149265e-05

Total force - x y z
[fluid   ] -2.2941584e-19  1.4406491e-18 -1.4647128e-18
[colloids]  0.0000000e+00  0.0000000e+00  0.0000000e+00
[subgrid ] -5.4168441e-03  5.7611264e-03 -3.3363267e-03

Velocity - x y z
[minimum ] -1.8820619e-04 -2.0879149e-04 -1.6903510e-04
[maximum ]  1.5047169e-04  1.4866340e-04  1.8173215e-04

Completed cycle 80
  Current step =0
  Current step =0
  Current step =0
  Current step =0
  Current step =0
  Current step =0
  Current step =0
  Current step =0
  Current step =0
  Current step =0
  Current step =0
  Current step =0
  Current step =0
  Current step =0
  Current step =0
  Current step =0
  Current step =0
  Current step =0
  Current step =0

Particle statistics:
Pair potential minimum h is:  1.5073292e+00
Pair potential energy is:     4.7184146e-08
Bond harmonic potential minimum r is:  3.2040928e+00
Bond harmonic potential maximum r is:  3.7457832e+00
Bond harmonic potential energy is:     1.1898012e-02

Colloid velocities - x y z
[minimum ] -4.4890746e-03 -4.1198086e-03 -5.2985146e-03
[maximum ]  5.5925864e-03  4.5391161e-03  5.1220188e-03
  Current step =0
Writing colloid output at step 100!

colloid_io_write:
writing colloid information to config.cds00000100.001-001 etc

Scalars - total mean variance min max
[rho]       88473.60  0.80000000000  4.6717741e-11  0.79997752103  0.80002736504
[psi]  0.0000000e+00  0.0000000e+00  0.0000000e+00
[rho]  0.0000000e+00  0.0000000e+00  0.0000000e+00
[rho]  0.0000000e+00  0.0000000e+00  0.0000000e+00
[elc]  0.0000000e+00  0.0000000e+00  0.0000000e+00
[psi]  0.0000000e+00  0.0000000e+00  0.0000000e+00
[rho]  0.0000000e+00  0.0000000e+00  0.0000000e+00
[rho]  0.0000000e+00  0.0000000e+00  0.0000000e+00
[elc]  0.0000000e+00  0.0000000e+00  0.0000000e+00

Free energies - timestep f v f/v f_s a f_s/a
[fe]            100  0.0000000000e+00  1.1059200000e+05  0.0000000000e+00  0.0000000000e+00

Momentum - x y z
[total   ] -4.6694750e-05  4.6759254e-05 -2.1389395e-05
[fluid   ] -1.3610640e-14  2.7641084e-14 -6.7480743e-15
[colloids]  0.0000000e+00  0.0000000e+00  0.0000000e+00
[subgrid ] -4.6694750e-05  4.6759254e-05 -2.1389395e-05

Total force - x y z
[fluid   ] -3.9860491e-19  1.7855201e-18 -5.5675624e-19
[colloids]  0.0000000e+00  0.0000000e+00  0.0000000e+00
[subgrid ] -4.7119113e-03  4.7241056e-03 -2.1558126e-03

Velocity - x y z
[minimum ] -1.7691092e-04 -1.9605788e-04 -1.4192924e-04
[maximum ]  1.2753075e-04  1.2792444e-04  1.6916659e-04

Completed cycle 100
  Current step =0
  Current step =0
  Current step =0
  Current step =0
  Current step =0
  Current step =0
  Current step =0
  Current step =0
  Current step =0
  Current step =0
  Current step =0
  Current step =0
  Current step =0
  Current step =0
  Current step =0
  Current step =0
  Current step =0
  Current step =0
  Current step =0

Particle statistics:
Pair potential minimum h is:  1.4663599e+00
Pair potential energy is:     7.4060805e-08
Bond harmonic potential minimum r is:  3.2293330e+00
Bond harmonic potential maximum r is:  3.7375397e+00
Bond harmonic potential energy is:     9.8103747e-03

Colloid velocities - x y z
[minimum ] -3.3218390e-03 -3.5786163e-03 -4.4048857e-03
[maximum ]  4.6895654e-03  3.9639888e-03  3.9132754e-03
  Current step =0

Scalars - total mean variance min max
[rho]       88473.60  0.80000000000  4.6495918e-11  0.79997584333  0.80002277870
[psi]  0.0000000e+00  0.0000000e+00  0.0000000e+00
[rho]  0.0000000e+00  0.0000000e+00  0.0000000e+00
[rho]  0.0000000e+00  0.0000000e+00  0.0000000e+00
[elc]  0.0000000e+00  0.0000000e+00  0.0000000e+00
[psi]  0.0000000e+00  0.0000000e+00  0.0000000e+00
[rho]  0.0000000e+00  0.0000000e+00  0.0000000e+00
[rho]  0.0000000e+00  0.0000000e+00  0.0000000e+00
[elc]  0.0000000e+00  0.0000000e+00  0.0000000e+00

Free energies - timestep f v f/v f_s a f_s/a
[fe]            120  0.0000000000e+00  1.1059200000e+05  0.0000000000e+00  0.0000000000e+00

Momentum - x y z
[total   ] -4.0376292e-05  3.7597433e-05 -1.3049566e-05
[fluid   ] -2.1517510e-14  3.1322167e-14 -1.7399276e-14
[colloids]  0.0000000e+00  0.0000000e+00  0.0000000e+00
[subgrid ] -4.0376292e-05  3.7597433e-05 -1.3049566e-05

Total force - x y z
[fluid   ] -1.6156604e-19  2.0381809e-18 -8.1281690e-19
[colloids]  0.0000000e+00  0.0000000e+00  0.0000000e+00
[subgrid ] -4.0663161e-03  3.8097157e-03 -1.3135974e-03

Velocity - x y z
[minimum ] -1.4400196e-04 -1.7653995e-04 -1.2451433e-04
[maximum ]  1.0987099e-04  1.2409808e-04  1.3673710e-04

Completed cycle 120
  Current step =0
  Current step =0
  Current step =0
  Current step =0
  Current step =0
  Current step =0
  Current step =0
  Current step =0
  Current step =0
  Current step =0
  Current step =0
  Current step =0
  Current step =0
  Current step =0
  Current step =0
  Current step =0
  Current step =0
  Current step =0
  Current step =0

Particle statistics:
Pair potential minimum h is:  1.4373328e+00
Pair potential energy is:     1.0230371e-07
Bond harmonic potential minimum r is:  3.2506519e+00
Bond harmonic potential maximum r is:  3.7341635e+00
Bond harmonic potential energy is:     8.3147095e-03

Colloid velocities - x y z
[minimum ] -2.8490754e-03 -3.1768391e-03 -3.7567245e-03
[maximum ]  3.9919928e-03  3.4506634e-03  3.1842936e-03
  Current step =0

Scalars - total mean variance min max
[rho]       88473.60  0.80000000000  4.2227222e-11  0.79997185586  0.80001942220
[psi]  0.0000000e+00  0.0000000e+00  0.0000000e+00
[rho]  0.0000000e+00  0.0000000e+00  0.0000000e+00
[rho]  0.0000000e+00  0.0000000e+00  0.0000000e+00
[elc]  0.0000000e+00  0.0000000e+00  0.0000000e+00
[psi]  0.0000000e+00  0.0000000e+00  0.0000000e+00
[rho]  0.0000000e+00  0.0000000e+00  0.0000000e+00
[rho]  0.0000000e+00  0.0000000e+00  0.0000000e+00
[elc]  0.0000000e+00  0.0000000e+00  0.0000000e+00

Free energies - timestep f v f/v f_s a f_s/a
[fe]            140  0.0000000000e+00  1.1059200000e+05  0.0000000000e+00  0.0000000000e+00

Momentum - x y z
[total   ] -3.5356088e-05  3.2220921e-05 -9.0848250e-06
[fluid   ] -2.1063012e-14  2.9348052e-14 -1.5345364e-14
[colloids]  0.0000000e+00  0.0000000e+00  0.0000000e+00
[subgrid ] -3.5356088e-05  3.2220921e-05 -9.0848250e-06

Total force - x y z
[fluid   ]  1.0855873e-19  2.2645982e-18 -5.3626337e-19
[colloids]  0.0000000e+00  0.0000000e+00  0.0000000e+00
[subgrid ] -3.5629112e-03  3.2716767e-03 -9.1369515e-04

Velocity - x y z
[minimum ] -1.3000355e-04 -1.6649687e-04 -1.1315751e-04
[maximum ]  1.0912677e-04  1.2473239e-04  1.1992998e-04

Completed cycle 140
  Current step =0
  Current step =0
  Current step =0
  Current step =0
  Current step =0
  Current step =0
  Current step =0
  Current step =0
  Current step =0
  Current step =0
  Current step =0
  Current step =0
  Current step =0
  Current step =0
  Current step =0
  Current step =0
  Current step =0
  Current step =0
  Current step =0

Particle statistics:
Pair potential minimum h is:  1.4160977e+00
Pair potential energy is:     1.2996465e-07
Bond harmonic potential minimum r is:  3.2687916e+00
Bond harmonic potential maximum r is:  3.7300204e+00
Bond harmonic potential energy is:     7.1905247e-03

Colloid velocities - x y z
[minimum ] -2.6041246e-03 -2.8324966e-03 -3.2346413e-03
[maximum ]  3.4474190e-03  3.0099345e-03  2.9023350e-03
  Current step =0

Scalars - total mean variance min max
[rho]       88473.60  0.80000000000  2.8489211e-11  0.79998208458  0.80002411878
[psi]  0.0000000e+00  0.0000000e+00  0.0000000e+00
[rho]  0.0000000e+00  0.0000000e+00  0.0000000e+00
[rho]  0.0000000e+00  0.0000000e+00  0.0000000e+00
[elc]  0.0000000e+00  0.0000000e+00  0.0000000e+00
[psi]  0.0000000e+00  0.0000000e+00  0.0000000e+00
[rho]  0.0000000e+00  0.0000000e+00  0.0000000e+00
[rho]  0.0000000e+00  0.0000000e+00  0.0000000e+00
[elc]  0.0000000e+00  0.0000000e+00  0.0000000e+00

Free energies - timestep f v f/v f_s a f_s/a
[fe]            160  0.0000000000e+00  1.1059200000e+05  0.0000000000e+00  0.0000000000e+00

Momentum - x y z
[total   ] -3.1939558e-05  2.8648874e-05 -5.8896781e-06
[fluid   ] -2.9823366e-14  2.0525248e-14 -1.2993079e-14
[colloids]  0.0000000e+00  0.0000000e+00  0.0000000e+00
[subgrid ] -3.1939557e-05  2.8648874e-05 -5.8896781e-06

Total force - x y z
[fluid   ]  4.8242046e-21  1.3773501e-18 -5.1657699e-19
[colloids]  0.0000000e+00  0.0000000e+00  0.0000000e+00
[subgrid ] -3.2225101e-03  2.9090082e-03 -5.9213136e-04

Velocity - x y z
[minimum ] -1.2263495e-04 -1.5859896e-04 -1.0805968e-04
[maximum ]  1.0192759e-04  1.1864929e-04  1.1862839e-04

Completed cycle 160
  Current step =0
  Current step =0
  Current step =0
  Current step =0
  Current step =0
  Current step =0
  Current step =0
  Current step =0
  Current step =0
  Current step =0
  Current step =0
  Current step =0
  Current step =0
  Current step =0
  Current step =0
  Current step =0
  Current step =0
  Current step =0
  Current step =0

Particle statistics:
Pair potential minimum h is:  1.4003603e+00
Pair potential energy is:     1.5563071e-07
Bond harmonic potential minimum r is:  3.2844201e+00
Bond harmonic potential maximum r is:  3.7254735e+00
Bond harmonic potential energy is:     6.3142441e-03

Colloid velocities - x y z
[minimum ] -2.3593430e-03 -2.6911395e-03 -2.7973387e-03
[maximum ]  3.0224814e-03  2.6205341e-03  2.7055493e-03
  Current step =0

Scalars - total mean variance min max
[rho]       88473.60  0.80000000000  2.1551760e-11  0.79998470152  0.80001440262
[psi]  0.0000000e+00  0.0000000e+00  0.0000000e+00
[rho]  0.0000000e+00  0.0000000e+00  0.0000000e+00
[rho]  0.0000000e+00  0.0000000e+00  0.0000000e+00
[elc]  0.0000000e+00  0.0000000e+00  0.0000000e+00
[psi]  0.0000000e+00  0.0000000e+00  0.0000000e+00
[rho]  0.0000000e+00  0.0000000e+00  0.0000000e+00
[rho]  0.0000000e+00  0.0000000e+00  0.0000000e+00
[elc]  0.0000000e+00  0.0000000e+00  0.0000000e+00

Free energies - timestep f v f/v f_s a f_s/a
[fe]            180  0.0000000000e+00  1.1059200000e+05  0.0000000000e+00  0.0000000000e+00

Momentum - x y z
[total   ] -2.9372938e-05  2.4637878e-05 -3.2516913e-06
[fluid   ] -2.0729946e-14  2.3498564e-14 -1.5470264e-14
[colloids]  0.0000000e+00  0.0000000e+00  0.0000000e+00
[subgrid ] -2.9372938e-05  2.4637878e-05 -3.2516913e-06

Total force - x y z
[fluid   ]  6.3207892e-20  1.1042795e-18 -4.4964204e-19
[colloids]  0.0000000e+00  0.0000000e+00  0.0000000e+00
[subgrid ] -2.9680628e-03  2.5101032e-03 -3.2632569e-04

Velocity - x y z
[minimum ] -1.1861358e-04 -1.4445020e-04 -9.2531609e-05
[maximum ]  9.9880308e-05  1.1478798e-04  1.1636342e-04

Completed cycle 180
  Current step =0
  Current step =0
  Current step =0
  Current step =0
  Current step =0
  Current step =0
  Current step =0
  Current step =0
  Current step =0
  Current step =0
  Current step =0
  Current step =0
  Current step =0
  Current step =0
  Current step =0
  Current step =0
  Current step =0
  Current step =0
  Current step =0

Particle statistics:
Pair potential minimum h is:  1.3886069e+00
Pair potential energy is:     1.7864732e-07
Bond harmonic potential minimum r is:  3.2979906e+00
Bond harmonic potential maximum r is:  3.7206500e+00
Bond harmonic potential energy is:     5.6129861e-03

Colloid velocities - x y z
[minimum ] -2.1285715e-03 -2.5638237e-03 -2.4219144e-03
[maximum ]  2.6625513e-03  2.2893181e-03  2.5312778e-03
  Current step =0
Writing colloid output at step 200!

colloid_io_write:
writing colloid information to config.cds00000200.001-001 etc

Scalars - total mean variance min max
[rho]       88473.60  0.80000000000  3.5710213e-11  0.79998285329  0.80001856090
[psi]  0.0000000e+00  0.0000000e+00  0.0000000e+00
[rho]  0.0000000e+00  0.0000000e+00  0.0000000e+00
[rho]  0.0000000e+00  0.0000000e+00  0.0000000e+00
[elc]  0.0000000e+00  0.0000000e+00  0.0000000e+00
[psi]  0.0000000e+00  0.0000000e+00  0.0000000e+00
[rho]  0.0000000e+00  0.0000000e+00  0.0000000e+00
[rho]  0.0000000e+00  0.0000000e+00  0.0000000e+00
[elc]  0.0000000e+00  0.0000000e+00  0.0000000e+00

Free energies - timestep f v f/v f_s a f_s/a
[fe]            200  0.0000000000e+00  1.1059200000e+05  0.0000000000e+00  0.0000000000e+00

Momentum - x y z
[total   ] -2.7576020e-05  2.1542431e-05 -1.1629152e-06
[fluid   ] -1.9581559e-14  1.7433971e-14 -1.8159085e-14
[colloids]  0.0000000e+00  0.0000000e+00  0.0000000e+00
[subgrid ] -2.7576020e-05  2.1542431e-05 -1.1629152e-06

Total force - x y z
[fluid   ]  2.0653818e-19  1.2971339e-18 -3.5441098e-19
[colloids]  0.0000000e+00  0.0000000e+00  0.0000000e+00
[subgrid ] -2.7839565e-03  2.1967138e-03 -1.1633427e-04

Velocity - x y z
[minimum ] -1.1494668e-04 -1.3500071e-04 -8.4866658e-05
[maximum ]  9.5032295e-05  1.1200280e-04  1.1108530e-04

Completed cycle 200
  Current step =0
  Current step =0
  Current step =0
  Current step =0
  Current step =0
  Current step =0
  Current step =0
  Current step =0
  Current step =0
  Current step =0
  Current step =0
  Current step =0
  Current step =0
  Current step =0
  Current step =0
  Current step =0
  Current step =0
  Current step =0
  Current step =0

Particle statistics:
Pair potential minimum h is:  1.3797116e+00
Pair potential energy is:     1.9904260e-07
Bond harmonic potential minimum r is:  3.3098888e+00
Bond harmonic potential maximum r is:  3.7157440e+00
Bond harmonic potential energy is:     5.0390890e-03

Colloid velocities - x y z
[minimum ] -1.9166462e-03 -2.4582292e-03 -2.1055715e-03
[maximum ]  2.3714747e-03  2.1032107e-03  2.3745939e-03
  Current step =0

Scalars - total mean variance min max
[rho]       88473.60  0.80000000000  1.3050672e-11  0.79998502258  0.80001244415
[psi]  0.0000000e+00  0.0000000e+00  0.0000000e+00
[rho]  0.0000000e+00  0.0000000e+00  0.0000000e+00
[rho]  0.0000000e+00  0.0000000e+00  0.0000000e+00
[elc]  0.0000000e+00  0.0000000e+00  0.0000000e+00
[psi]  0.0000000e+00  0.0000000e+00  0.0000000e+00
[rho]  0.0000000e+00  0.0000000e+00  0.0000000e+00
[rho]  0.0000000e+00  0.0000000e+00  0.0000000e+00
[elc]  0.0000000e+00  0.0000000e+00  0.0000000e+00

Free energies - timestep f v f/v f_s a f_s/a
[fe]            220  0.0000000000e+00  1.1059200000e+05  0.0000000000e+00  0.0000000000e+00

Momentum - x y z
[total   ] -2.6070203e-05  1.9160469e-05 -5.6990800e-07
[fluid   ] -9.6103681e-15  5.6586680e-15 -3.2092384e-15
[colloids]  0.0000000e+00  0.0000000e+00  0.0000000e+00
[subgrid ] -2.6070203e-05  1.9160469e-05 -5.6990800e-07

Total force - x y z
[fluid   ]  2.7375686e-19  8.8765902e-19 -4.2245475e-19
[colloids]  0.0000000e+00  0.0000000e+00  0.0000000e+00
[subgrid ] -2.6301746e-03  1.9553167e-03 -5.3692574e-05

Velocity - x y z
[minimum ] -1.0881555e-04 -1.2223793e-04 -7.9202449e-05
[maximum ]  9.6423057e-05  1.0939523e-04  1.0321762e-04

Completed cycle 220
  Current step =0
  Current step =0
  Current step =0
  Current step =0
  Current step =0
  Current step =0
  Current step =0
  Current step =0
  Current step =0
  Current step =0
  Current step =0
  Current step =0
  Current step =0
  Current step =0
  Current step =0
  Current step =0
  Current step =0
  Current step =0
  Current step =0

Particle statistics:
Pair potential minimum h is:  1.3729584e+00
Pair potential energy is:     2.1694040e-07
Bond harmonic potential minimum r is:  3.3203561e+00
Bond harmonic potential maximum r is:  3.7108468e+00
Bond harmonic potential energy is:     4.5605255e-03

Colloid velocities - x y z
[minimum ] -1.7192545e-03 -2.3453658e-03 -1.8358381e-03
[maximum ]  2.1234884e-03  2.0167287e-03  2.2340813e-03
  Current step =0

Scalars - total mean variance min max
[rho]       88473.60  0.80000000000  1.5425661e-11  0.79998810075  0.80001028145
[psi]  0.0000000e+00  0.0000000e+00  0.0000000e+00
[rho]  0.0000000e+00  0.0000000e+00  0.0000000e+00
[rho]  0.0000000e+00  0.0000000e+00  0.0000000e+00
[elc]  0.0000000e+00  0.0000000e+00  0.0000000e+00
[psi]  0.0000000e+00  0.0000000e+00  0.0000000e+00
[rho]  0.0000000e+00  0.0000000e+00  0.0000000e+00
[rho]  0.0000000e+00  0.0000000e+00  0.0000000e+00
[elc]  0.0000000e+00  0.0000000e+00  0.0000000e+00

Free energies - timestep f v f/v f_s a f_s/a
[fe]            240  0.0000000000e+00  1.1059200000e+05  0.0000000000e+00  0.0000000000e+00

Momentum - x y z
[total   ] -2.4688247e-05  1.7279879e-05  1.6837002e-07
[fluid   ] -1.5216994e-14  1.5210055e-14 -4.2743586e-15
[colloids]  0.0000000e+00  0.0000000e+00  0.0000000e+00
[subgrid ] -2.4688247e-05  1.7279879e-05  1.6837002e-07

Total force - x y z
[fluid   ]  5.3337041e-19  1.2469985e-18 -8.9692916e-20
[colloids]  0.0000000e+00  0.0000000e+00  0.0000000e+00
[subgrid ] -2.4909305e-03  1.7696217e-03  2.3892749e-05

Velocity - x y z
[minimum ] -1.0509212e-04 -1.1633362e-04 -7.0170238e-05
[maximum ]  9.0092935e-05  1.0155895e-04  9.8687869e-05

Completed cycle 240
  Current step =0
  Current step =0
  Current step =0
  Current step =0
  Current step =0
  Current step =0
  Current step =0
  Current step =0
  Current step =0
  Current step =0
  Current step =0
  Current step =0
  Current step =0
  Current step =0
  Current step =0
  Current step =0
  Current step =0
  Current step =0
  Current step =0

Particle statistics:
Pair potential minimum h is:  1.3679091e+00
Pair potential energy is:     2.3282152e-07
Bond harmonic potential minimum r is:  3.3296517e+00
Bond harmonic potential maximum r is:  3.7059322e+00
Bond harmonic potential energy is:     4.1554988e-03

Colloid velocities - x y z
[minimum ] -1.5648746e-03 -2.2351882e-03 -1.6406651e-03
[maximum ]  1.9220693e-03  1.9346505e-03  2.1014073e-03
  Current step =0

Scalars - total mean variance min max
[rho]       88473.60  0.80000000000  2.0328184e-11  0.79998902743  0.80001336653
[psi]  0.0000000e+00  0.0000000e+00  0.0000000e+00
[rho]  0.0000000e+00  0.0000000e+00  0.0000000e+00
[rho]  0.0000000e+00  0.0000000e+00  0.0000000e+00
[elc]  0.0000000e+00  0.0000000e+00  0.0000000e+00
[psi]  0.0000000e+00  0.0000000e+00  0.0000000e+00
[rho]  0.0000000e+00  0.0000000e+00  0.0000000e+00
[rho]  0.0000000e+00  0.0000000e+00  0.0000000e+00
[elc]  0.0000000e+00  0.0000000e+00  0.0000000e+00

Free energies - timestep f v f/v f_s a f_s/a
[fe]            260  0.0000000000e+00  1.1059200000e+05  0.0000000000e+00  0.0000000000e+00

Momentum - x y z
[total   ] -2.3281970e-05  1.5719993e-05  4.3210507e-07
[fluid   ] -2.1233015e-15  1.8710727e-14 -5.4123372e-16
[colloids]  0.0000000e+00  0.0000000e+00  0.0000000e+00
[subgrid ] -2.3281970e-05  1.5719993e-05  4.3210507e-07

Total force - x y z
[fluid   ] -1.0662999e-19  8.6632978e-19 -3.5672853e-19
[colloids]  0.0000000e+00  0.0000000e+00  0.0000000e+00
[subgrid ] -2.3549625e-03  1.6108289e-03  4.7811546e-05

Velocity - x y z
[minimum ] -9.4333201e-05 -1.0966850e-04 -6.4678158e-05
[maximum ]  8.5511293e-05  9.6189803e-05  9.5197160e-05

Completed cycle 260
  Current step =0
  Current step =0
  Current step =0
  Current step =0
  Current step =0
  Current step =0
  Current step =0
  Current step =0
  Current step =0
  Current step =0
  Current step =0
  Current step =0
  Current step =0
  Current step =0
  Current step =0
  Current step =0
  Current step =0
  Current step =0
  Current step =0

Particle statistics:
Pair potential minimum h is:  1.3641314e+00
Pair potential energy is:     2.4724355e-07
Bond harmonic potential minimum r is:  3.3379557e+00
Bond harmonic potential maximum r is:  3.7011556e+00
Bond harmonic potential energy is:     3.8087407e-03

Colloid velocities - x y z
[minimum ] -1.3814110e-03 -2.1372588e-03 -1.6093841e-03
[maximum ]  1.7452985e-03  1.8576405e-03  1.9812063e-03
  Current step =0

Scalars - total mean variance min max
[rho]       88473.60  0.80000000000  1.8154256e-11  0.79998938327  0.80001100356
[psi]  0.0000000e+00  0.0000000e+00  0.0000000e+00
[rho]  0.0000000e+00  0.0000000e+00  0.0000000e+00
[rho]  0.0000000e+00  0.0000000e+00  0.0000000e+00
[elc]  0.0000000e+00  0.0000000e+00  0.0000000e+00
[psi]  0.0000000e+00  0.0000000e+00  0.0000000e+00
[rho]  0.0000000e+00  0.0000000e+00  0.0000000e+00
[rho]  0.0000000e+00  0.0000000e+00  0.0000000e+00
[elc]  0.0000000e+00  0.0000000e+00  0.0000000e+00

Free energies - timestep f v f/v f_s a f_s/a
[fe]            280  0.0000000000e+00  1.1059200000e+05  0.0000000000e+00  0.0000000000e+00

Momentum - x y z
[total   ] -2.1518313e-05  1.3816862e-05  9.0128981e-08
[fluid   ] -7.6015583e-15  1.2427559e-14 -6.8348105e-15
[colloids]  0.0000000e+00  0.0000000e+00  0.0000000e+00
[subgrid ] -2.1518313e-05  1.3816862e-05  9.0128988e-08

Total force - x y z
[fluid   ]  5.1765730e-19  7.8753152e-19 -2.7467709e-19
[colloids]  0.0000000e+00  0.0000000e+00  0.0000000e+00
[subgrid ] -2.1777375e-03  1.4175185e-03  1.4619648e-05

Velocity - x y z
[minimum ] -9.0111257e-05 -1.0388350e-04 -6.0556171e-05
[maximum ]  8.4258099e-05  9.2446412e-05  8.9080126e-05

Completed cycle 280
  Current step =0
  Current step =0
  Current step =0
  Current step =0
  Current step =0
  Current step =0
  Current step =0
  Current step =0
  Current step =0
  Current step =0
  Current step =0
  Current step =0
  Current step =0
  Current step =0
  Current step =0
  Current step =0
  Current step =0
  Current step =0
  Current step =0

Particle statistics:
Pair potential minimum h is:  1.3613568e+00
Pair potential energy is:     2.6045825e-07
Bond harmonic potential minimum r is:  3.3445612e+00
Bond harmonic potential maximum r is:  3.6965017e+00
Bond harmonic potential energy is:     3.5089942e-03

Colloid velocities - x y z
[minimum ] -1.2979161e-03 -2.0475694e-03 -1.5744619e-03
[maximum ]  1.5863463e-03  1.7865298e-03  1.8688131e-03
  Current step =0
Writing colloid output at step 300!

colloid_io_write:
writing colloid information to config.cds00000300.001-001 etc

Scalars - total mean variance min max
[rho]       88473.60  0.80000000000  6.5840666e-12  0.79999179035  0.80000823542
[psi]  0.0000000e+00  0.0000000e+00  0.0000000e+00
[rho]  0.0000000e+00  0.0000000e+00  0.0000000e+00
[rho]  0.0000000e+00  0.0000000e+00  0.0000000e+00
[elc]  0.0000000e+00  0.0000000e+00  0.0000000e+00
[psi]  0.0000000e+00  0.0000000e+00  0.0000000e+00
[rho]  0.0000000e+00  0.0000000e+00  0.0000000e+00
[rho]  0.0000000e+00  0.0000000e+00  0.0000000e+00
[elc]  0.0000000e+00  0.0000000e+00  0.0000000e+00

Free energies - timestep f v f/v f_s a f_s/a
[fe]            300  0.0000000000e+00  1.1059200000e+05  0.0000000000e+00  0.0000000000e+00

Momentum - x y z
[total   ] -2.0841821e-05  1.2259536e-05  3.7335078e-07
[fluid   ] -2.0410756e-14  1.1081414e-14 -1.8630930e-14
[colloids]  0.0000000e+00  0.0000000e+00  0.0000000e+00
[subgrid ] -2.0841821e-05  1.2259536e-05  3.7335080e-07

Total force - x y z
[fluid   ]  3.4651880e-19  7.0537282e-19 -1.9828613e-19
[colloids]  0.0000000e+00  0.0000000e+00  0.0000000e+00
[subgrid ] -2.1015817e-03  1.2632592e-03  4.6761310e-05

Velocity - x y z
[minimum ] -8.8419541e-05 -1.0097028e-04 -5.5500167e-05
[maximum ]  7.9698631e-05  8.8504374e-05  8.1695374e-05

Completed cycle 300
  Current step =0
  Current step =0
  Current step =0
  Current step =0
  Current step =0
  Current step =0
  Current step =0
  Current step =0
  Current step =0
  Current step =0
  Current step =0
  Current step =0
  Current step =0
  Current step =0
  Current step =0
  Current step =0
  Current step =0
  Current step =0
  Current step =0

Particle statistics:
Pair potential minimum h is:  1.3593166e+00
Pair potential energy is:     2.7283796e-07
Bond harmonic potential minimum r is:  3.3489076e+00
Bond harmonic potential maximum r is:  3.6919895e+00
Bond harmonic potential energy is:     3.2470924e-03

Colloid velocities - x y z
[minimum ] -1.2595867e-03 -1.9646938e-03 -1.5364957e-03
[maximum ]  1.4515708e-03  1.7199527e-03  1.7608304e-03
  Current step =0

Scalars - total mean variance min max
[rho]       88473.60  0.80000000000  1.5156987e-11  0.79998933816  0.80001146144
[psi]  0.0000000e+00  0.0000000e+00  0.0000000e+00
[rho]  0.0000000e+00  0.0000000e+00  0.0000000e+00
[rho]  0.0000000e+00  0.0000000e+00  0.0000000e+00
[elc]  0.0000000e+00  0.0000000e+00  0.0000000e+00
[psi]  0.0000000e+00  0.0000000e+00  0.0000000e+00
[rho]  0.0000000e+00  0.0000000e+00  0.0000000e+00
[rho]  0.0000000e+00  0.0000000e+00  0.0000000e+00
[elc]  0.0000000e+00  0.0000000e+00  0.0000000e+00

Free energies - timestep f v f/v f_s a f_s/a
[fe]            320  0.0000000000e+00  1.1059200000e+05  0.0000000000e+00  0.0000000000e+00

Momentum - x y z
[total   ] -2.0002071e-05  1.1294915e-05  4.4098867e-07
[fluid   ] -1.5321078e-14  6.4392935e-15 -9.8428210e-15
[colloids]  0.0000000e+00  0.0000000e+00  0.0000000e+00
[subgrid ] -2.0002071e-05  1.1294915e-05  4.4098868e-07

Total force - x y z
[fluid   ]  5.1653503e-19  7.5996818e-19 -1.3065754e-19
[colloids]  0.0000000e+00  0.0000000e+00  0.0000000e+00
[subgrid ] -2.0198755e-03  1.1645358e-03  5.2424474e-05

Velocity - x y z
[minimum ] -7.9872953e-05 -9.7846870e-05 -5.3113763e-05
[maximum ]  7.8752900e-05  8.0991276e-05  7.8915526e-05

Completed cycle 320
  Current step =0
  Current step =0
  Current step =0
  Current step =0
  Current step =0
  Current step =0
  Current step =0
  Current step =0
  Current step =0
  Current step =0
  Current step =0
  Current step =0
  Current step =0
  Current step =0
  Current step =0
  Current step =0
  Current step =0
  Current step =0
  Current step =0

Particle statistics:
Pair potential minimum h is:  1.3578910e+00
Pair potential energy is:     2.8461382e-07
Bond harmonic potential minimum r is:  3.3529905e+00
Bond harmonic potential maximum r is:  3.6876199e+00
Bond harmonic potential energy is:     3.0163964e-03

Colloid velocities - x y z
[minimum ] -1.2228485e-03 -1.8848101e-03 -1.4946751e-03
[maximum ]  1.3416648e-03  1.6578458e-03  1.6597540e-03
  Current step =0

Scalars - total mean variance min max
[rho]       88473.60  0.80000000000  9.3780539e-12  0.79999009242  0.80000818718
[psi]  0.0000000e+00  0.0000000e+00  0.0000000e+00
[rho]  0.0000000e+00  0.0000000e+00  0.0000000e+00
[rho]  0.0000000e+00  0.0000000e+00  0.0000000e+00
[elc]  0.0000000e+00  0.0000000e+00  0.0000000e+00
[psi]  0.0000000e+00  0.0000000e+00  0.0000000e+00
[rho]  0.0000000e+00  0.0000000e+00  0.0000000e+00
[rho]  0.0000000e+00  0.0000000e+00  0.0000000e+00
[elc]  0.0000000e+00  0.0000000e+00  0.0000000e+00

Free energies - timestep f v f/v f_s a f_s/a
[fe]            340  0.0000000000e+00  1.1059200000e+05  0.0000000000e+00  0.0000000000e+00

Momentum - x y z
[total   ] -1.8979041e-05  1.0481045e-05  2.8344078e-07
[fluid   ] -9.9469044e-15  4.4513004e-15 -1.7333357e-14
[colloids]  0.0000000e+00  0.0000000e+00  0.0000000e+00
[subgrid ] -1.8979041e-05  1.0481045e-05  2.8344080e-07

Total force - x y z
[fluid   ]  4.1756216e-19  7.1417900e-19 -3.6914529e-19
[colloids]  0.0000000e+00  0.0000000e+00  0.0000000e+00
[subgrid ] -1.9229112e-03  1.0824542e-03  3.6956093e-05

Velocity - x y z
[minimum ] -7.4842941e-05 -9.6255035e-05 -5.0670714e-05
[maximum ]  7.1153604e-05  7.5137519e-05  7.4484959e-05

Completed cycle 340
  Current step =0
  Current step =0
  Current step =0
  Current step =0
  Current step =0
  Current step =0
  Current step =0
  Current step =0
  Current step =0
  Current step =0
  Current step =0
  Current step =0
  Current step =0
  Current step =0
  Current step =0
  Current step =0
  Current step =0
  Current step =0
  Current step =0

Particle statistics:
Pair potential minimum h is:  1.3569795e+00
Pair potential energy is:     2.9587563e-07
Bond harmonic potential minimum r is:  3.3568133e+00
Bond harmonic potential maximum r is:  3.6834008e+00
Bond harmonic potential energy is:     2.8117103e-03

Colloid velocities - x y z
[minimum ] -1.1988068e-03 -1.8127941e-03 -1.4490054e-03
[maximum ]  1.2314532e-03  1.6033695e-03  1.5682945e-03
  Current step =0

Scalars - total mean variance min max
[rho]       88473.60  0.80000000000  8.9643848e-12  0.79998965852  0.80000938784
[psi]  0.0000000e+00  0.0000000e+00  0.0000000e+00
[rho]  0.0000000e+00  0.0000000e+00  0.0000000e+00
[rho]  0.0000000e+00  0.0000000e+00  0.0000000e+00
[elc]  0.0000000e+00  0.0000000e+00  0.0000000e+00
[psi]  0.0000000e+00  0.0000000e+00  0.0000000e+00
[rho]  0.0000000e+00  0.0000000e+00  0.0000000e+00
[rho]  0.0000000e+00  0.0000000e+00  0.0000000e+00
[elc]  0.0000000e+00  0.0000000e+00  0.0000000e+00

Free energies - timestep f v f/v f_s a f_s/a
[fe]            360  0.0000000000e+00  1.1059200000e+05  0.0000000000e+00  0.0000000000e+00

Momentum - x y z
[total   ] -1.7985303e-05  9.5019606e-06  6.5780927e-08
[fluid   ] -1.5279444e-14  1.6080887e-14 -4.1841530e-15
[colloids]  0.0000000e+00  0.0000000e+00  0.0000000e+00
[subgrid ] -1.7985303e-05  9.5019606e-06  6.5780931e-08

Total force - x y z
[fluid   ]  2.7606842e-19  5.4412189e-19 -4.3115567e-19
[colloids]  0.0000000e+00  0.0000000e+00  0.0000000e+00
[subgrid ] -1.8191126e-03  9.8484800e-04  1.5680673e-05

Velocity - x y z
[minimum ] -7.0691790e-05 -8.9648064e-05 -4.7488523e-05
[maximum ]  7.0899639e-05  7.1514685e-05  7.0137106e-05

Completed cycle 360
  Current step =0
  Current step =0
  Current step =0
  Current step =0
  Current step =0
  Current step =0
  Current step =0
  Current step =0
  Current step =0
  Current step =0
  Current step =0
  Current step =0
  Current step =0
  Current step =0
  Current step =0
  Current step =0
  Current step =0
  Current step =0
  Current step =0

Particle statistics:
Pair potential minimum h is:  1.3564494e+00
Pair potential energy is:     3.0680960e-07
Bond harmonic potential minimum r is:  3.3604462e+00
Bond harmonic potential maximum r is:  3.6793845e+00
Bond harmonic potential energy is:     2.6289687e-03

Colloid velocities - x y z
[minimum ] -1.1726426e-03 -1.7437851e-03 -1.4044849e-03
[maximum ]  1.1391862e-03  1.5465037e-03  1.4795164e-03
  Current step =0

Scalars - total mean variance min max
[rho]       88473.60  0.80000000000  1.1018297e-11  0.79999332509  0.80000979770
[psi]  0.0000000e+00  0.0000000e+00  0.0000000e+00
[rho]  0.0000000e+00  0.0000000e+00  0.0000000e+00
[rho]  0.0000000e+00  0.0000000e+00  0.0000000e+00
[elc]  0.0000000e+00  0.0000000e+00  0.0000000e+00
[psi]  0.0000000e+00  0.0000000e+00  0.0000000e+00
[rho]  0.0000000e+00  0.0000000e+00  0.0000000e+00
[rho]  0.0000000e+00  0.0000000e+00  0.0000000e+00
[elc]  0.0000000e+00  0.0000000e+00  0.0000000e+00

Free energies - timestep f v f/v f_s a f_s/a
[fe]            380  0.0000000000e+00  1.1059200000e+05  0.0000000000e+00  0.0000000000e+00

Momentum - x y z
[total   ] -1.7359138e-05  8.9223494e-06  3.6162214e-08
[fluid   ] -2.1763841e-14  1.4478002e-14 -1.3135326e-14
[colloids]  0.0000000e+00  0.0000000e+00  0.0000000e+00
[subgrid ] -1.7359138e-05  8.9223494e-06  3.6162227e-08

Total force - x y z
[fluid   ]  1.2476308e-19  7.2129053e-19  2.4115979e-20
[colloids]  0.0000000e+00  0.0000000e+00  0.0000000e+00
[subgrid ] -1.7538102e-03  9.2515883e-04  1.3330621e-05

Velocity - x y z
[minimum ] -6.8280452e-05 -8.6939814e-05 -4.7078800e-05
[maximum ]  6.7237076e-05  6.8307315e-05  6.5231377e-05

Completed cycle 380
  Current step =0
  Current step =0
  Current step =0
  Current step =0
  Current step =0
  Current step =0
  Current step =0
  Current step =0
  Current step =0
  Current step =0
  Current step =0
  Current step =0
  Current step =0
  Current step =0
  Current step =0
  Current step =0
  Current step =0
  Current step =0
  Current step =0

Particle statistics:
Pair potential minimum h is:  1.3561814e+00
Pair potential energy is:     3.1766520e-07
Bond harmonic potential minimum r is:  3.3639002e+00
Bond harmonic potential maximum r is:  3.6754987e+00
Bond harmonic potential energy is:     2.4650267e-03

Colloid velocities - x y z
[minimum ] -1.1450623e-03 -1.6795127e-03 -1.3518145e-03
[maximum ]  1.0567347e-03  1.4907142e-03  1.3973470e-03
  Current step =0
Writing colloid output at step 400!

colloid_io_write:
writing colloid information to config.cds00000400.001-001 etc

Scalars - total mean variance min max
[rho]       88473.60  0.80000000000  8.7159169e-12  0.79999052288  0.80000641009
[psi]  0.0000000e+00  0.0000000e+00  0.0000000e+00
[rho]  0.0000000e+00  0.0000000e+00  0.0000000e+00
[rho]  0.0000000e+00  0.0000000e+00  0.0000000e+00
[elc]  0.0000000e+00  0.0000000e+00  0.0000000e+00
[psi]  0.0000000e+00  0.0000000e+00  0.0000000e+00
[rho]  0.0000000e+00  0.0000000e+00  0.0000000e+00
[rho]  0.0000000e+00  0.0000000e+00  0.0000000e+00
[elc]  0.0000000e+00  0.0000000e+00  0.0000000e+00

Free energies - timestep f v f/v f_s a f_s/a
[fe]            400  0.0000000000e+00  1.1059200000e+05  0.0000000000e+00  0.0000000000e+00

Momentum - x y z
[total   ] -1.6825631e-05  8.3961589e-06 -4.6782907e-08
[fluid   ] -1.8270108e-14  1.1178558e-14 -1.6549262e-14
[colloids]  0.0000000e+00  0.0000000e+00  0.0000000e+00
[subgrid ] -1.6825631e-05  8.3961589e-06 -4.6782891e-08

Total force - x y z
[fluid   ]  2.3835844e-19  6.3947409e-19 -7.4772493e-20
[colloids]  0.0000000e+00  0.0000000e+00  0.0000000e+00
[subgrid ] -1.6993463e-03  8.7113272e-04  6.2669598e-06

Velocity - x y z
[minimum ] -6.3308234e-05 -8.6613320e-05 -4.6029048e-05
[maximum ]  6.5847551e-05  6.2820235e-05  6.1473784e-05

Completed cycle 400
  Current step =0
  Current step =0
  Current step =0
  Current step =0
  Current step =0
  Current step =0
  Current step =0
  Current step =0
  Current step =0
  Current step =0
  Current step =0
  Current step =0
  Current step =0
  Current step =0
  Current step =0
  Current step =0
  Current step =0
  Current step =0
  Current step =0

Particle statistics:
Pair potential minimum h is:  1.3561719e+00
Pair potential energy is:     3.2845660e-07
Bond harmonic potential minimum r is:  3.3671982e+00
Bond harmonic potential maximum r is:  3.6717710e+00
Bond harmonic potential energy is:     2.3171028e-03

Colloid velocities - x y z
[minimum ] -1.1127539e-03 -1.6190480e-03 -1.2990198e-03
[maximum ]  9.8317356e-04  1.4435224e-03  1.3216238e-03
  Current step =0

Scalars - total mean variance min max
[rho]       88473.60  0.80000000000  5.9614536e-12  0.79999358274  0.80000777450
[psi]  0.0000000e+00  0.0000000e+00  0.0000000e+00
[rho]  0.0000000e+00  0.0000000e+00  0.0000000e+00
[rho]  0.0000000e+00  0.0000000e+00  0.0000000e+00
[elc]  0.0000000e+00  0.0000000e+00  0.0000000e+00
[psi]  0.0000000e+00  0.0000000e+00  0.0000000e+00
[rho]  0.0000000e+00  0.0000000e+00  0.0000000e+00
[rho]  0.0000000e+00  0.0000000e+00  0.0000000e+00
[elc]  0.0000000e+00  0.0000000e+00  0.0000000e+00

Free energies - timestep f v f/v f_s a f_s/a
[fe]            420  0.0000000000e+00  1.1059200000e+05  0.0000000000e+00  0.0000000000e+00

Momentum - x y z
[total   ] -1.6139736e-05  7.7578685e-06 -2.6382620e-07
[fluid   ] -1.1608770e-14  5.6031568e-15 -3.3410774e-15
[colloids]  0.0000000e+00  0.0000000e+00  0.0000000e+00
[subgrid ] -1.6139736e-05  7.7578685e-06 -2.6382620e-07

Total force - x y z
[fluid   ]  1.8143152e-19  5.6276798e-19 -1.0204425e-19
[colloids]  0.0000000e+00  0.0000000e+00  0.0000000e+00
[subgrid ] -1.6335329e-03  8.0962745e-04 -1.5945601e-05

Velocity - x y z
[minimum ] -5.9943835e-05 -8.1849355e-05 -4.4171954e-05
[maximum ]  6.0659949e-05  5.7549099e-05  5.9743855e-05

Completed cycle 420
  Current step =0
  Current step =0
  Current step =0
  Current step =0
  Current step =0
  Current step =0
  Current step =0
  Current step =0
  Current step =0
  Current step =0
  Current step =0
  Current step =0
  Current step =0
  Current step =0
  Current step =0
  Current step =0
  Current step =0
  Current step =0
  Current step =0

Particle statistics:
Pair potential minimum h is:  1.3563950e+00
Pair potential energy is:     3.3927415e-07
Bond harmonic potential minimum r is:  3.3703574e+00
Bond harmonic potential maximum r is:  3.6681674e+00
Bond harmonic potential energy is:     2.1830990e-03

Colloid velocities - x y z
[minimum ] -1.0824803e-03 -1.5590697e-03 -1.2452203e-03
[maximum ]  9.5435636e-04  1.3966265e-03  1.2454102e-03
  Current step =0

Scalars - total mean variance min max
[rho]       88473.60  0.80000000000  9.1191499e-12  0.79999306459  0.80001026558
[psi]  0.0000000e+00  0.0000000e+00  0.0000000e+00
[rho]  0.0000000e+00  0.0000000e+00  0.0000000e+00
[rho]  0.0000000e+00  0.0000000e+00  0.0000000e+00
[elc]  0.0000000e+00  0.0000000e+00  0.0000000e+00
[psi]  0.0000000e+00  0.0000000e+00  0.0000000e+00
[rho]  0.0000000e+00  0.0000000e+00  0.0000000e+00
[rho]  0.0000000e+00  0.0000000e+00  0.0000000e+00
[elc]  0.0000000e+00  0.0000000e+00  0.0000000e+00

Free energies - timestep f v f/v f_s a f_s/a
[fe]            440  0.0000000000e+00  1.1059200000e+05  0.0000000000e+00  0.0000000000e+00

Momentum - x y z
[total   ] -1.5536319e-05  7.3944186e-06 -1.9366421e-07
[fluid   ] -1.0068335e-14  1.1608770e-14 -1.9984014e-15
[colloids]  0.0000000e+00  0.0000000e+00  0.0000000e+00
[subgrid ] -1.5536319e-05  7.3944186e-06 -1.9366421e-07

Total force - x y z
[fluid   ]  1.9296673e-19  6.2989573e-19  6.3167613e-20
[colloids]  0.0000000e+00  0.0000000e+00  0.0000000e+00
[subgrid ] -1.5748931e-03  7.7102332e-04 -9.9755939e-06

Velocity - x y z
[minimum ] -5.4778236e-05 -7.9408992e-05 -4.1393807e-05
[maximum ]  5.8002523e-05  5.4390992e-05  5.6933893e-05

Completed cycle 440
  Current step =0
  Current step =0
  Current step =0
  Current step =0
  Current step =0
  Current step =0
  Current step =0
  Current step =0
  Current step =0
  Current step =0
  Current step =0
  Current step =0
  Current step =0
  Current step =0
  Current step =0
  Current step =0
  Current step =0
  Current step =0
  Current step =0

Particle statistics:
Pair potential minimum h is:  1.3567630e+00
Pair potential energy is:     3.5026324e-07
Bond harmonic potential minimum r is:  3.3733871e+00
Bond harmonic potential maximum r is:  3.6647222e+00
Bond harmonic potential energy is:     2.0611886e-03

Colloid velocities - x y z
[minimum ] -1.0525829e-03 -1.5038301e-03 -1.1918741e-03
[maximum ]  9.3621010e-04  1.3495296e-03  1.1764997e-03
  Current step =0

Scalars - total mean variance min max
[rho]       88473.60  0.80000000000  8.2448492e-12  0.79999048531  0.80000652886
[psi]  0.0000000e+00  0.0000000e+00  0.0000000e+00
[rho]  0.0000000e+00  0.0000000e+00  0.0000000e+00
[rho]  0.0000000e+00  0.0000000e+00  0.0000000e+00
[elc]  0.0000000e+00  0.0000000e+00  0.0000000e+00
[psi]  0.0000000e+00  0.0000000e+00  0.0000000e+00
[rho]  0.0000000e+00  0.0000000e+00  0.0000000e+00
[rho]  0.0000000e+00  0.0000000e+00  0.0000000e+00
[elc]  0.0000000e+00  0.0000000e+00  0.0000000e+00

Free energies - timestep f v f/v f_s a f_s/a
[fe]            460  0.0000000000e+00  1.1059200000e+05  0.0000000000e+00  0.0000000000e+00

Momentum - x y z
[total   ] -1.4959175e-05  7.0600712e-06 -3.1979336e-07
[fluid   ]  7.6882944e-15  1.8155616e-14  8.7117813e-15
[colloids]  0.0000000e+00  0.0000000e+00  0.0000000e+00
[subgrid ] -1.4959175e-05  7.0600712e-06 -3.1979337e-07

Total force - x y z
[fluid   ]  3.3417856e-19  3.6959812e-19  1.3873355e-19
[colloids]  0.0000000e+00  0.0000000e+00  0.0000000e+00
[subgrid ] -1.5117832e-03  7.3592050e-04 -2.1346303e-05

Velocity - x y z
[minimum ] -5.4015368e-05 -7.5897198e-05 -4.0140601e-05
[maximum ]  5.7597029e-05  5.2445395e-05  5.6654771e-05

Completed cycle 460
  Current step =0
  Current step =0
  Current step =0
  Current step =0
  Current step =0
  Current step =0
  Current step =0
  Current step =0
  Current step =0
  Current step =0
  Current step =0
  Current step =0
  Current step =0
  Current step =0
  Current step =0
  Current step =0
  Current step =0
  Current step =0
  Current step =0

Particle statistics:
Pair potential minimum h is:  1.3572377e+00
Pair potential energy is:     3.6154208e-07
Bond harmonic potential minimum r is:  3.3762962e+00
Bond harmonic potential maximum r is:  3.6614230e+00
Bond harmonic potential energy is:     1.9497305e-03

Colloid velocities - x y z
[minimum ] -1.0249843e-03 -1.4537472e-03 -1.1382204e-03
[maximum ]  9.1317240e-04  1.3051123e-03  1.1123140e-03
  Current step =0

Scalars - total mean variance min max
[rho]       88473.60  0.80000000000  3.1062930e-12  0.79999464842  0.80000410094
[psi]  0.0000000e+00  0.0000000e+00  0.0000000e+00
[rho]  0.0000000e+00  0.0000000e+00  0.0000000e+00
[rho]  0.0000000e+00  0.0000000e+00  0.0000000e+00
[elc]  0.0000000e+00  0.0000000e+00  0.0000000e+00
[psi]  0.0000000e+00  0.0000000e+00  0.0000000e+00
[rho]  0.0000000e+00  0.0000000e+00  0.0000000e+00
[rho]  0.0000000e+00  0.0000000e+00  0.0000000e+00
[elc]  0.0000000e+00  0.0000000e+00  0.0000000e+00

Free energies - timestep f v f/v f_s a f_s/a
[fe]            480  0.0000000000e+00  1.1059200000e+05  0.0000000000e+00  0.0000000000e+00

Momentum - x y z
[total   ] -1.4655489e-05  6.7354585e-06 -3.4249097e-07
[fluid   ]  6.3768435e-15  3.9589859e-14  1.6330687e-14
[colloids]  0.0000000e+00  0.0000000e+00  0.0000000e+00
[subgrid ] -1.4655489e-05  6.7354585e-06 -3.4249098e-07

Total force - x y z
[fluid   ]  1.4696610e-19  3.9693008e-19 -5.1625371e-20
[colloids]  0.0000000e+00  0.0000000e+00  0.0000000e+00
[subgrid ] -1.4786258e-03  7.0556343e-04 -2.2309075e-05

Velocity - x y z
[minimum ] -5.2414074e-05 -7.4622328e-05 -4.1533646e-05
[maximum ]  5.4713453e-05  4.8642918e-05  5.6671475e-05

Completed cycle 480
  Current step =0
  Current step =0
  Current step =0
  Current step =0
  Current step =0
  Current step =0
  Current step =0
  Current step =0
  Current step =0
  Current step =0
  Current step =0
  Current step =0
  Current step =0
  Current step =0
  Current step =0
  Current step =0
  Current step =0
  Current step =0
  Current step =0

Particle statistics:
Pair potential minimum h is:  1.3578236e+00
Pair potential energy is:     3.7306213e-07
Bond harmonic potential minimum r is:  3.3791074e+00
Bond harmonic potential maximum r is:  3.6582100e+00
Bond harmonic potential energy is:     1.8475418e-03

Colloid velocities - x y z
[minimum ] -1.0290694e-03 -1.4050000e-03 -1.0834527e-03
[maximum ]  8.8789046e-04  1.2626639e-03  1.0638766e-03
  Current step =0
Writing colloid output at step 500!

colloid_io_write:
writing colloid information to config.cds00000500.001-001 etc

Scalars - total mean variance min max
[rho]       88473.60  0.80000000000  7.6574302e-12  0.79999403252  0.80000927323
[psi]  0.0000000e+00  0.0000000e+00  0.0000000e+00
[rho]  0.0000000e+00  0.0000000e+00  0.0000000e+00
[rho]  0.0000000e+00  0.0000000e+00  0.0000000e+00
[elc]  0.0000000e+00  0.0000000e+00  0.0000000e+00
[psi]  0.0000000e+00  0.0000000e+00  0.0000000e+00
[rho]  0.0000000e+00  0.0000000e+00  0.0000000e+00
[rho]  0.0000000e+00  0.0000000e+00  0.0000000e+00
[elc]  0.0000000e+00  0.0000000e+00  0.0000000e+00

Free energies - timestep f v f/v f_s a f_s/a
[fe]            500  0.0000000000e+00  1.1059200000e+05  0.0000000000e+00  0.0000000000e+00

Momentum - x y z
[total   ] -1.4084567e-05  6.3429455e-06 -4.8967175e-07
[fluid   ]  9.8393516e-15  2.5656560e-14  1.3076346e-14
[colloids]  0.0000000e+00  0.0000000e+00  0.0000000e+00
[subgrid ] -1.4084567e-05  6.3429454e-06 -4.8967176e-07

Total force - x y z
[fluid   ]  2.2786121e-19  2.3877342e-19  3.8365779e-20
[colloids]  0.0000000e+00  0.0000000e+00  0.0000000e+00
[subgrid ] -1.4268025e-03  6.6476694e-04 -3.8859674e-05

Velocity - x y z
[minimum ] -4.6896283e-05 -7.2974011e-05 -3.7685083e-05
[maximum ]  5.1086880e-05  4.3920704e-05  5.3261038e-05

Completed cycle 500
  Current step =0
  Current step =0
  Current step =0
  Current step =0
  Current step =0
  Current step =0
  Current step =0
  Current step =0
  Current step =0
  Current step =0
  Current step =0
  Current step =0
  Current step =0
  Current step =0
  Current step =0
  Current step =0
  Current step =0
  Current step =0
  Current step =0

Particle statistics:
Pair potential minimum h is:  1.3584998e+00
Pair potential energy is:     3.8489766e-07
Bond harmonic potential minimum r is:  3.3818146e+00
Bond harmonic potential maximum r is:  3.6551367e+00
Bond harmonic potential energy is:     1.7535745e-03

Colloid velocities - x y z
[minimum ] -1.0322650e-03 -1.3570084e-03 -1.0304555e-03
[maximum ]  8.6291325e-04  1.2235599e-03  1.0291563e-03
  Current step =0

Scalars - total mean variance min max
[rho]       88473.60  0.80000000000  6.7430506e-12  0.79999300888  0.80000642708
[psi]  0.0000000e+00  0.0000000e+00  0.0000000e+00
[rho]  0.0000000e+00  0.0000000e+00  0.0000000e+00
[rho]  0.0000000e+00  0.0000000e+00  0.0000000e+00
[elc]  0.0000000e+00  0.0000000e+00  0.0000000e+00
[psi]  0.0000000e+00  0.0000000e+00  0.0000000e+00
[rho]  0.0000000e+00  0.0000000e+00  0.0000000e+00
[rho]  0.0000000e+00  0.0000000e+00  0.0000000e+00
[elc]  0.0000000e+00  0.0000000e+00  0.0000000e+00

Free energies - timestep f v f/v f_s a f_s/a
[fe]            520  0.0000000000e+00  1.1059200000e+05  0.0000000000e+00  0.0000000000e+00

Momentum - x y z
[total   ] -1.3553348e-05  5.9734272e-06 -5.1601867e-07
[fluid   ]  2.6492697e-14  1.5931700e-14  5.3811122e-15
[colloids]  0.0000000e+00  0.0000000e+00  0.0000000e+00
[subgrid ] -1.3553348e-05  5.9734272e-06 -5.1601867e-07

Total force - x y z
[fluid   ]  5.9173619e-20  4.8628601e-19 -1.6020602e-19
[colloids]  0.0000000e+00  0.0000000e+00  0.0000000e+00
[subgrid ] -1.3745491e-03  6.2696587e-04 -4.1657030e-05

Velocity - x y z
[minimum ] -4.4426612e-05 -6.9246105e-05 -3.5810725e-05
[maximum ]  4.9423038e-05  4.1634023e-05  5.2794663e-05

Completed cycle 520
  Current step =0
  Current step =0
  Current step =0
  Current step =0
  Current step =0
  Current step =0
  Current step =0
  Current step =0
  Current step =0
  Current step =0
  Current step =0
  Current step =0
  Current step =0
  Current step =0
  Current step =0
  Current step =0
  Current step =0
  Current step =0
  Current step =0

Particle statistics:
Pair potential minimum h is:  1.3592444e+00
Pair potential energy is:     3.9708059e-07
Bond harmonic potential minimum r is:  3.3844216e+00
Bond harmonic potential maximum r is:  3.6521838e+00
Bond harmonic potential energy is:     1.6669137e-03

Colloid velocities - x y z
[minimum ] -1.0375920e-03 -1.3130607e-03 -9.7962581e-04
[maximum ]  8.5471825e-04  1.1852536e-03  9.9788940e-04
  Current step =0

Scalars - total mean variance min max
[rho]       88473.60  0.80000000000  5.5034866e-12  0.79999411440  0.80000524872
[psi]  0.0000000e+00  0.0000000e+00  0.0000000e+00
[rho]  0.0000000e+00  0.0000000e+00  0.0000000e+00
[rho]  0.0000000e+00  0.0000000e+00  0.0000000e+00
[elc]  0.0000000e+00  0.0000000e+00  0.0000000e+00
[psi]  0.0000000e+00  0.0000000e+00  0.0000000e+00
[rho]  0.0000000e+00  0.0000000e+00  0.0000000e+00
[rho]  0.0000000e+00  0.0000000e+00  0.0000000e+00
[elc]  0.0000000e+00  0.0000000e+00  0.0000000e+00

Free energies - timestep f v f/v f_s a f_s/a
[fe]            540  0.0000000000e+00  1.1059200000e+05  0.0000000000e+00  0.0000000000e+00

Momentum - x y z
[total   ] -1.3209042e-05  5.6903746e-06 -6.6855208e-07
[fluid   ]  3.4014458e-14  2.2173235e-14  3.6567971e-15
[colloids]  0.0000000e+00  0.0000000e+00  0.0000000e+00
[subgrid ] -1.3209042e-05  5.6903746e-06 -6.6855209e-07

Total force - x y z
[fluid   ]  2.1129354e-19  5.0360367e-19 -1.1171892e-20
[colloids]  0.0000000e+00  0.0000000e+00  0.0000000e+00
[subgrid ] -1.3343923e-03  5.9933301e-04 -5.5855602e-05

Velocity - x y z
[minimum ] -4.4962035e-05 -6.6941294e-05 -3.6484275e-05
[maximum ]  4.7601951e-05  4.0444139e-05  5.4013425e-05

Completed cycle 540
  Current step =0
  Current step =0
  Current step =0
  Current step =0
  Current step =0
  Current step =0
  Current step =0
  Current step =0
  Current step =0
  Current step =0
  Current step =0
  Current step =0
  Current step =0
  Current step =0
  Current step =0
  Current step =0
  Current step =0
  Current step =0
  Current step =0

Particle statistics:
Pair potential minimum h is:  1.3600052e+00
Pair potential energy is:     4.0973874e-07
Bond harmonic potential minimum r is:  3.3869484e+00
Bond harmonic potential maximum r is:  3.6493550e+00
Bond harmonic potential energy is:     1.5867794e-03

Colloid velocities - x y z
[minimum ] -1.0414649e-03 -1.2715338e-03 -9.2949029e-04
[maximum ]  8.4298346e-04  1.1453559e-03  9.6506217e-04
  Current step =0

Scalars - total mean variance min max
[rho]       88473.60  0.80000000000  2.8034242e-12  0.79999534031  0.80000452072
[psi]  0.0000000e+00  0.0000000e+00  0.0000000e+00
[rho]  0.0000000e+00  0.0000000e+00  0.0000000e+00
[rho]  0.0000000e+00  0.0000000e+00  0.0000000e+00
[elc]  0.0000000e+00  0.0000000e+00  0.0000000e+00
[psi]  0.0000000e+00  0.0000000e+00  0.0000000e+00
[rho]  0.0000000e+00  0.0000000e+00  0.0000000e+00
[rho]  0.0000000e+00  0.0000000e+00  0.0000000e+00
[elc]  0.0000000e+00  0.0000000e+00  0.0000000e+00

Free energies - timestep f v f/v f_s a f_s/a
[fe]            560  0.0000000000e+00  1.1059200000e+05  0.0000000000e+00  0.0000000000e+00

Momentum - x y z
[total   ] -1.2787617e-05  5.3226574e-06 -9.4213146e-07
[fluid   ]  3.0073166e-14  1.2344292e-14 -9.6277153e-15
[colloids]  0.0000000e+00  0.0000000e+00  0.0000000e+00
[subgrid ] -1.2787618e-05  5.3226574e-06 -9.4213146e-07

Total force - x y z
[fluid   ]  1.0072498e-19  3.6918992e-19 -9.2206696e-20
[colloids]  0.0000000e+00  0.0000000e+00  0.0000000e+00
[subgrid ] -1.2912559e-03  5.6086507e-04 -8.3648961e-05

Velocity - x y z
[minimum ] -4.1693654e-05 -6.5643666e-05 -3.5010880e-05
[maximum ]  4.7068112e-05  3.7784643e-05  5.1781830e-05

Completed cycle 560
  Current step =0
  Current step =0
  Current step =0
  Current step =0
  Current step =0
  Current step =0
  Current step =0
  Current step =0
  Current step =0
  Current step =0
  Current step =0
  Current step =0
  Current step =0
  Current step =0
  Current step =0
  Current step =0
  Current step =0
  Current step =0
  Current step =0

Particle statistics:
Pair potential minimum h is:  1.3607805e+00
Pair potential energy is:     4.2286548e-07
Bond harmonic potential minimum r is:  3.3893937e+00
Bond harmonic potential maximum r is:  3.6466215e+00
Bond harmonic potential energy is:     1.5124783e-03

Colloid velocities - x y z
[minimum ] -1.0414567e-03 -1.2323976e-03 -8.7966494e-04
[maximum ]  8.2759949e-04  1.1088024e-03  9.3392401e-04
  Current step =0

Scalars - total mean variance min max
[rho]       88473.60  0.80000000000  6.5250028e-12  0.79999154364  0.80000541075
[psi]  0.0000000e+00  0.0000000e+00  0.0000000e+00
[rho]  0.0000000e+00  0.0000000e+00  0.0000000e+00
[rho]  0.0000000e+00  0.0000000e+00  0.0000000e+00
[elc]  0.0000000e+00  0.0000000e+00  0.0000000e+00
[psi]  0.0000000e+00  0.0000000e+00  0.0000000e+00
[rho]  0.0000000e+00  0.0000000e+00  0.0000000e+00
[rho]  0.0000000e+00  0.0000000e+00  0.0000000e+00
[elc]  0.0000000e+00  0.0000000e+00  0.0000000e+00

Free energies - timestep f v f/v f_s a f_s/a
[fe]            580  0.0000000000e+00  1.1059200000e+05  0.0000000000e+00  0.0000000000e+00

Momentum - x y z
[total   ] -1.2234759e-05  4.8938080e-06 -1.1515698e-06
[fluid   ]  2.6739028e-14  9.6103681e-16 -1.0016293e-14
[colloids]  0.0000000e+00  0.0000000e+00  0.0000000e+00
[subgrid ] -1.2234759e-05  4.8938080e-06 -1.1515698e-06

Total force - x y z
[fluid   ]  2.2613649e-20  3.6457564e-19 -9.6959546e-20
[colloids]  0.0000000e+00  0.0000000e+00  0.0000000e+00
[subgrid ] -1.2389108e-03  5.1820722e-04 -1.0449519e-04

Velocity - x y z
[minimum ] -3.9491679e-05 -6.6198173e-05 -3.4062267e-05
[maximum ]  4.3548529e-05  3.4063156e-05  4.9792717e-05

Completed cycle 580
  Current step =0
  Current step =0
  Current step =0
  Current step =0
  Current step =0
  Current step =0
  Current step =0
  Current step =0
  Current step =0
  Current step =0
  Current step =0
  Current step =0
  Current step =0
  Current step =0
  Current step =0
  Current step =0
  Current step =0
  Current step =0
  Current step =0

Particle statistics:
Pair potential minimum h is:  1.3616169e+00
Pair potential energy is:     4.3633585e-07
Bond harmonic potential minimum r is:  3.3917568e+00
Bond harmonic potential maximum r is:  3.6439798e+00
Bond harmonic potential energy is:     1.4434480e-03

Colloid velocities - x y z
[minimum ] -1.0404929e-03 -1.1938448e-03 -8.3151639e-04
[maximum ]  8.1613695e-04  1.0760417e-03  9.0615179e-04
  Current step =0
Writing colloid output at step 600!

colloid_io_write:
writing colloid information to config.cds00000600.001-001 etc

Scalars - total mean variance min max
[rho]       88473.60  0.80000000000  2.9106717e-12  0.79999526400  0.80000525288
[psi]  0.0000000e+00  0.0000000e+00  0.0000000e+00
[rho]  0.0000000e+00  0.0000000e+00  0.0000000e+00
[rho]  0.0000000e+00  0.0000000e+00  0.0000000e+00
[elc]  0.0000000e+00  0.0000000e+00  0.0000000e+00
[psi]  0.0000000e+00  0.0000000e+00  0.0000000e+00
[rho]  0.0000000e+00  0.0000000e+00  0.0000000e+00
[rho]  0.0000000e+00  0.0000000e+00  0.0000000e+00
[elc]  0.0000000e+00  0.0000000e+00  0.0000000e+00

Free energies - timestep f v f/v f_s a f_s/a
[fe]            600  0.0000000000e+00  1.1059200000e+05  0.0000000000e+00  0.0000000000e+00

Momentum - x y z
[total   ] -1.1742461e-05  4.5110664e-06 -1.2509496e-06
[fluid   ]  2.3991226e-14  7.3656359e-15  1.9394208e-15
[colloids]  0.0000000e+00  0.0000000e+00  0.0000000e+00
[subgrid ] -1.1742461e-05  4.5110664e-06 -1.2509496e-06

Total force - x y z
[fluid   ]  5.5775919e-20  2.0162611e-19 -1.4943578e-20
[colloids]  0.0000000e+00  0.0000000e+00  0.0000000e+00
[subgrid ] -1.1902111e-03  4.8040997e-04 -1.1563733e-04

Velocity - x y z
[minimum ] -3.7278583e-05 -6.3419960e-05 -3.1955407e-05
[maximum ]  4.1769488e-05  3.2125673e-05  5.0301380e-05

Completed cycle 600
  Current step =0
  Current step =0
  Current step =0
  Current step =0
  Current step =0
  Current step =0
  Current step =0
  Current step =0
  Current step =0
  Current step =0
  Current step =0
  Current step =0
  Current step =0
  Current step =0
  Current step =0
  Current step =0
  Current step =0
  Current step =0
  Current step =0

Particle statistics:
Pair potential minimum h is:  1.3624732e+00
Pair potential energy is:     4.5031053e-07
Bond harmonic potential minimum r is:  3.3940457e+00
Bond harmonic potential maximum r is:  3.6414517e+00
Bond harmonic potential energy is:     1.3791903e-03

Colloid velocities - x y z
[minimum ] -1.0421108e-03 -1.1564770e-03 -7.8786361e-04
[maximum ]  8.0255542e-04  1.0417543e-03  8.7798003e-04
  Current step =0

Scalars - total mean variance min max
[rho]       88473.60  0.80000000000  5.6886718e-12  0.79999415064  0.80000622109
[psi]  0.0000000e+00  0.0000000e+00  0.0000000e+00
[rho]  0.0000000e+00  0.0000000e+00  0.0000000e+00
[rho]  0.0000000e+00  0.0000000e+00  0.0000000e+00
[elc]  0.0000000e+00  0.0000000e+00  0.0000000e+00
[psi]  0.0000000e+00  0.0000000e+00  0.0000000e+00
[rho]  0.0000000e+00  0.0000000e+00  0.0000000e+00
[rho]  0.0000000e+00  0.0000000e+00  0.0000000e+00
[elc]  0.0000000e+00  0.0000000e+00  0.0000000e+00

Free energies - timestep f v f/v f_s a f_s/a
[fe]            620  0.0000000000e+00  1.1059200000e+05  0.0000000000e+00  0.0000000000e+00

Momentum - x y z
[total   ] -1.1438568e-05  4.3405298e-06 -1.3006299e-06
[fluid   ]  2.2457730e-14  3.0322966e-15 -1.6802532e-14
[colloids]  0.0000000e+00  0.0000000e+00  0.0000000e+00
[subgrid ] -1.1438568e-05  4.3405298e-06 -1.3006299e-06

Total force - x y z
[fluid   ]  1.5634134e-19  1.3943607e-19 -1.1340138e-19
[colloids]  0.0000000e+00  0.0000000e+00  0.0000000e+00
[subgrid ] -1.1579417e-03  4.6153540e-04 -1.2059836e-04

Velocity - x y z
[minimum ] -3.6051025e-05 -6.1465874e-05 -3.1020199e-05
[maximum ]  4.1279352e-05  3.2282347e-05  4.8235608e-05

Completed cycle 620
  Current step =0
  Current step =0
  Current step =0
  Current step =0
  Current step =0
  Current step =0
  Current step =0
  Current step =0
  Current step =0
  Current step =0
  Current step =0
  Current step =0
  Current step =0
  Current step =0
  Current step =0
  Current step =0
  Current step =0
  Current step =0
  Current step =0

Particle statistics:
Pair potential minimum h is:  1.3633148e+00
Pair potential energy is:     4.6480773e-07
Bond harmonic potential minimum r is:  3.3962640e+00
Bond harmonic potential maximum r is:  3.6390167e+00
Bond harmonic potential energy is:     1.3192237e-03

Colloid velocities - x y z
[minimum ] -1.0433845e-03 -1.1226904e-03 -7.4472660e-04
[maximum ]  7.9099267e-04  1.0071064e-03  8.5282596e-04
  Current step =0

Scalars - total mean variance min max
[rho]       88473.60  0.80000000000  2.7938762e-12  0.79999475835  0.80000456233
[psi]  0.0000000e+00  0.0000000e+00  0.0000000e+00
[rho]  0.0000000e+00  0.0000000e+00  0.0000000e+00
[rho]  0.0000000e+00  0.0000000e+00  0.0000000e+00
[elc]  0.0000000e+00  0.0000000e+00  0.0000000e+00
[psi]  0.0000000e+00  0.0000000e+00  0.0000000e+00
[rho]  0.0000000e+00  0.0000000e+00  0.0000000e+00
[rho]  0.0000000e+00  0.0000000e+00  0.0000000e+00
[elc]  0.0000000e+00  0.0000000e+00  0.0000000e+00

Free energies - timestep f v f/v f_s a f_s/a
[fe]            640  0.0000000000e+00  1.1059200000e+05  0.0000000000e+00  0.0000000000e+00

Momentum - x y z
[total   ] -1.1202632e-05  4.1791763e-06 -1.3993739e-06
[fluid   ]  3.4902636e-15 -9.2703623e-15 -8.8609675e-15
[colloids]  0.0000000e+00  0.0000000e+00  0.0000000e+00
[subgrid ] -1.1202632e-05  4.1791763e-06 -1.3993739e-06

Total force - x y z
[fluid   ]  1.9316543e-19  2.0793915e-19  2.7230316e-20
[colloids]  0.0000000e+00  0.0000000e+00  0.0000000e+00
[subgrid ] -1.1305170e-03  4.4519450e-04 -1.2918277e-04

Velocity - x y z
[minimum ] -3.6372939e-05 -6.0541888e-05 -3.1259522e-05
[maximum ]  3.9863931e-05  2.9914188e-05  4.8129689e-05

Completed cycle 640
  Current step =0
  Current step =0
  Current step =0
  Current step =0
  Current step =0
  Current step =0
  Current step =0
  Current step =0
  Current step =0
  Current step =0
  Current step =0
  Current step =0
  Current step =0
  Current step =0
  Current step =0
  Current step =0
  Current step =0
  Current step =0
  Current step =0

Particle statistics:
Pair potential minimum h is:  1.3641504e+00
Pair potential energy is:     4.7980620e-07
Bond harmonic potential minimum r is:  3.3984124e+00
Bond harmonic potential maximum r is:  3.6366640e+00
Bond harmonic potential energy is:     1.2631005e-03

Colloid velocities - x y z
[minimum ] -1.0395670e-03 -1.0910249e-03 -7.0375571e-04
[maximum ]  7.7696241e-04  9.7585288e-04  8.2747077e-04
  Current step =0

Scalars - total mean variance min max
[rho]       88473.60  0.80000000000  4.2020831e-12  0.79999544317  0.80000593187
[psi]  0.0000000e+00  0.0000000e+00  0.0000000e+00
[rho]  0.0000000e+00  0.0000000e+00  0.0000000e+00
[rho]  0.0000000e+00  0.0000000e+00  0.0000000e+00
[elc]  0.0000000e+00  0.0000000e+00  0.0000000e+00
[psi]  0.0000000e+00  0.0000000e+00  0.0000000e+00
[rho]  0.0000000e+00  0.0000000e+00  0.0000000e+00
[rho]  0.0000000e+00  0.0000000e+00  0.0000000e+00
[elc]  0.0000000e+00  0.0000000e+00  0.0000000e+00

Free energies - timestep f v f/v f_s a f_s/a
[fe]            660  0.0000000000e+00  1.1059200000e+05  0.0000000000e+00  0.0000000000e+00

Momentum - x y z
[total   ] -1.0877173e-05  3.9698741e-06 -1.4398530e-06
[fluid   ]  1.0335482e-14 -3.4555692e-15  2.9247438e-15
[colloids]  0.0000000e+00  0.0000000e+00  0.0000000e+00
[subgrid ] -1.0877173e-05  3.9698741e-06 -1.4398530e-06

Total force - x y z
[fluid   ]  8.0796483e-20  2.4361546e-19 -4.1475928e-21
[colloids]  0.0000000e+00  0.0000000e+00  0.0000000e+00
[subgrid ] -1.0998213e-03  4.2531219e-04 -1.3401751e-04

Velocity - x y z
[minimum ] -3.4416501e-05 -5.9908768e-05 -3.0333192e-05
[maximum ]  3.8092641e-05  2.7239633e-05  4.7281572e-05

Completed cycle 660
  Current step =0
  Current step =0
  Current step =0
  Current step =0
  Current step =0
  Current step =0
  Current step =0
  Current step =0
  Current step =0
  Current step =0
  Current step =0
  Current step =0
  Current step =0
  Current step =0
  Current step =0
  Current step =0
  Current step =0
  Current step =0
  Current step =0

Particle statistics:
Pair potential minimum h is:  1.3650075e+00
Pair potential energy is:     4.9530742e-07
Bond harmonic potential minimum r is:  3.4005012e+00
Bond harmonic potential maximum r is:  3.6343783e+00
Bond harmonic potential energy is:     1.2104984e-03

Colloid velocities - x y z
[minimum ] -1.0357542e-03 -1.0581489e-03 -6.6519045e-04
[maximum ]  7.6029402e-04  9.4548950e-04  8.0181750e-04
  Current step =0

Scalars - total mean variance min max
[rho]       88473.60  0.80000000000  2.0947688e-12  0.79999634991  0.80000460782
[psi]  0.0000000e+00  0.0000000e+00  0.0000000e+00
[rho]  0.0000000e+00  0.0000000e+00  0.0000000e+00
[rho]  0.0000000e+00  0.0000000e+00  0.0000000e+00
[elc]  0.0000000e+00  0.0000000e+00  0.0000000e+00
[psi]  0.0000000e+00  0.0000000e+00  0.0000000e+00
[rho]  0.0000000e+00  0.0000000e+00  0.0000000e+00
[rho]  0.0000000e+00  0.0000000e+00  0.0000000e+00
[elc]  0.0000000e+00  0.0000000e+00  0.0000000e+00

Free energies - timestep f v f/v f_s a f_s/a
[fe]            680  0.0000000000e+00  1.1059200000e+05  0.0000000000e+00  0.0000000000e+00

Momentum - x y z
[total   ] -1.0450052e-05  3.8387866e-06 -1.4049628e-06
[fluid   ]  3.4867942e-15 -3.0149494e-15 -8.3960616e-16
[colloids]  0.0000000e+00  0.0000000e+00  0.0000000e+00
[subgrid ] -1.0450052e-05  3.8387866e-06 -1.4049628e-06

Total force - x y z
[fluid   ]  6.2399560e-20  1.8640690e-19 -3.6967639e-20
[colloids]  0.0000000e+00  0.0000000e+00  0.0000000e+00
[subgrid ] -1.0609061e-03  4.1104258e-04 -1.3172722e-04

Velocity - x y z
[minimum ] -3.1435493e-05 -5.9335301e-05 -2.7774399e-05
[maximum ]  3.7201473e-05  2.7398486e-05  4.4174877e-05

Completed cycle 680
  Current step =0
  Current step =0
  Current step =0
  Current step =0
  Current step =0
  Current step =0
  Current step =0
  Current step =0
  Current step =0
  Current step =0
  Current step =0
  Current step =0
  Current step =0
  Current step =0
  Current step =0
  Current step =0
  Current step =0
  Current step =0
  Current step =0

Particle statistics:
Pair potential minimum h is:  1.3658639e+00
Pair potential energy is:     5.1133981e-07
Bond harmonic potential minimum r is:  3.4025203e+00
Bond harmonic potential maximum r is:  3.6321818e+00
Bond harmonic potential energy is:     1.1611443e-03

Colloid velocities - x y z
[minimum ] -1.0342903e-03 -1.0273899e-03 -6.2933369e-04
[maximum ]  7.4838617e-04  9.1618681e-04  7.8045642e-04
  Current step =0
Writing colloid output at step 700!

colloid_io_write:
writing colloid information to config.cds00000700.001-001 etc

Scalars - total mean variance min max
[rho]       88473.60  0.80000000000  5.4318772e-12  0.79999292732  0.80000569524
[psi]  0.0000000e+00  0.0000000e+00  0.0000000e+00
[rho]  0.0000000e+00  0.0000000e+00  0.0000000e+00
[rho]  0.0000000e+00  0.0000000e+00  0.0000000e+00
[elc]  0.0000000e+00  0.0000000e+00  0.0000000e+00
[psi]  0.0000000e+00  0.0000000e+00  0.0000000e+00
[rho]  0.0000000e+00  0.0000000e+00  0.0000000e+00
[rho]  0.0000000e+00  0.0000000e+00  0.0000000e+00
[elc]  0.0000000e+00  0.0000000e+00  0.0000000e+00

Free energies - timestep f v f/v f_s a f_s/a
[fe]            700  0.0000000000e+00  1.1059200000e+05  0.0000000000e+00  0.0000000000e+00

Momentum - x y z
[total   ] -1.0271962e-05  3.6758181e-06 -1.5296266e-06
[fluid   ]  2.9212743e-15 -8.7568841e-15  3.7123082e-15
[colloids]  0.0000000e+00  0.0000000e+00  0.0000000e+00
[subgrid ] -1.0271962e-05  3.6758181e-06 -1.5296266e-06

Total force - x y z
[fluid   ]  7.6489457e-20  2.3811464e-19  4.4962942e-20
[colloids]  0.0000000e+00  0.0000000e+00  0.0000000e+00
[subgrid ] -1.0396670e-03  3.9407062e-04 -1.4378096e-04

Velocity - x y z
[minimum ] -3.2565596e-05 -5.6299903e-05 -2.7103296e-05
[maximum ]  3.6045286e-05  2.6621732e-05  4.5051058e-05

Completed cycle 700
  Current step =0
  Current step =0
  Current step =0
  Current step =0
  Current step =0
  Current step =0
  Current step =0
  Current step =0
  Current step =0
  Current step =0
  Current step =0
  Current step =0
  Current step =0
  Current step =0
  Current step =0
  Current step =0
  Current step =0
  Current step =0
  Current step =0

Particle statistics:
Pair potential minimum h is:  1.3650538e+00
Pair potential energy is:     5.2795202e-07
Bond harmonic potential minimum r is:  3.4044782e+00
Bond harmonic potential maximum r is:  3.6300717e+00
Bond harmonic potential energy is:     1.1147591e-03

Colloid velocities - x y z
[minimum ] -1.0317522e-03 -9.9936135e-04 -6.0861629e-04
[maximum ]  7.3723679e-04  8.8638461e-04  7.5883574e-04
  Current step =0

Scalars - total mean variance min max
[rho]       88473.60  0.80000000000  1.4126478e-12  0.79999725228  0.80000331921
[psi]  0.0000000e+00  0.0000000e+00  0.0000000e+00
[rho]  0.0000000e+00  0.0000000e+00  0.0000000e+00
[rho]  0.0000000e+00  0.0000000e+00  0.0000000e+00
[elc]  0.0000000e+00  0.0000000e+00  0.0000000e+00
[psi]  0.0000000e+00  0.0000000e+00  0.0000000e+00
[rho]  0.0000000e+00  0.0000000e+00  0.0000000e+00
[rho]  0.0000000e+00  0.0000000e+00  0.0000000e+00
[elc]  0.0000000e+00  0.0000000e+00  0.0000000e+00

Free energies - timestep f v f/v f_s a f_s/a
[fe]            720  0.0000000000e+00  1.1059200000e+05  0.0000000000e+00  0.0000000000e+00

Momentum - x y z
[total   ] -1.0085689e-05  3.5572687e-06 -1.6082607e-06
[fluid   ] -2.8345382e-15 -8.4654506e-16  1.7354174e-14
[colloids]  0.0000000e+00  0.0000000e+00  0.0000000e+00
[subgrid ] -1.0085689e-05  3.5572687e-06 -1.6082608e-06

Total force - x y z
[fluid   ]  1.1374621e-19  1.7619729e-19  2.4609712e-21
[colloids]  0.0000000e+00  0.0000000e+00  0.0000000e+00
[subgrid ] -1.0171881e-03  3.8272681e-04 -1.5090383e-04

Velocity - x y z
[minimum ] -3.3543576e-05 -5.5181475e-05 -2.8025050e-05
[maximum ]  3.4358826e-05  2.5372690e-05  4.4653906e-05

Completed cycle 720
  Current step =0
  Current step =0
  Current step =0
  Current step =0
  Current step =0
  Current step =0
  Current step =0
  Current step =0
  Current step =0
  Current step =0
  Current step =0
  Current step =0
  Current step =0
  Current step =0
  Current step =0
  Current step =0
  Current step =0
  Current step =0
  Current step =0

Particle statistics:
Pair potential minimum h is:  1.3570018e+00
Pair potential energy is:     5.4513175e-07
Bond harmonic potential minimum r is:  3.4063838e+00
Bond harmonic potential maximum r is:  3.6280142e+00
Bond harmonic potential energy is:     1.0710729e-03

Colloid velocities - x y z
[minimum ] -1.0269613e-03 -9.7213489e-04 -5.9613730e-04
[maximum ]  7.2082923e-04  8.6529538e-04  7.3622585e-04
  Current step =0

Scalars - total mean variance min max
[rho]       88473.60  0.80000000000  3.1722402e-12  0.79999565171  0.80000460653
[psi]  0.0000000e+00  0.0000000e+00  0.0000000e+00
[rho]  0.0000000e+00  0.0000000e+00  0.0000000e+00
[rho]  0.0000000e+00  0.0000000e+00  0.0000000e+00
[elc]  0.0000000e+00  0.0000000e+00  0.0000000e+00
[psi]  0.0000000e+00  0.0000000e+00  0.0000000e+00
[rho]  0.0000000e+00  0.0000000e+00  0.0000000e+00
[rho]  0.0000000e+00  0.0000000e+00  0.0000000e+00
[elc]  0.0000000e+00  0.0000000e+00  0.0000000e+00

Free energies - timestep f v f/v f_s a f_s/a
[fe]            740  0.0000000000e+00  1.1059200000e+05  0.0000000000e+00  0.0000000000e+00

Momentum - x y z
[total   ] -9.7793691e-06  3.3576215e-06 -1.6186940e-06
[fluid   ] -8.5209617e-15 -1.1900203e-15  1.2594092e-14
[colloids]  0.0000000e+00  0.0000000e+00  0.0000000e+00
[subgrid ] -9.7793691e-06  3.3576215e-06 -1.6186940e-06

Total force - x y z
[fluid   ] -7.4096784e-20  1.1774815e-19  2.1624557e-20
[colloids]  0.0000000e+00  0.0000000e+00  0.0000000e+00
[subgrid ] -9.8928131e-04  3.6177687e-04 -1.5271104e-04

Velocity - x y z
[minimum ] -3.1267946e-05 -5.5553839e-05 -2.6163756e-05
[maximum ]  3.3673793e-05  2.4931151e-05  4.1883188e-05

Completed cycle 740
  Current step =0
  Current step =0
  Current step =0
  Current step =0
  Current step =0
  Current step =0
  Current step =0
  Current step =0
  Current step =0
  Current step =0
  Current step =0
  Current step =0
  Current step =0
  Current step =0
  Current step =0
  Current step =0
  Current step =0
  Current step =0
  Current step =0

Particle statistics:
Pair potential minimum h is:  1.3493127e+00
Pair potential energy is:     5.6278189e-07
Bond harmonic potential minimum r is:  3.4082317e+00
Bond harmonic potential maximum r is:  3.6260233e+00
Bond harmonic potential energy is:     1.0298547e-03

Colloid velocities - x y z
[minimum ] -1.0202072e-03 -9.4533689e-04 -5.8125045e-04
[maximum ]  7.0655358e-04  8.4982778e-04  7.1605664e-04
  Current step =0

Scalars - total mean variance min max
[rho]       88473.60  0.80000000000  2.5093261e-12  0.79999487062  0.80000384157
[psi]  0.0000000e+00  0.0000000e+00  0.0000000e+00
[rho]  0.0000000e+00  0.0000000e+00  0.0000000e+00
[rho]  0.0000000e+00  0.0000000e+00  0.0000000e+00
[elc]  0.0000000e+00  0.0000000e+00  0.0000000e+00
[psi]  0.0000000e+00  0.0000000e+00  0.0000000e+00
[rho]  0.0000000e+00  0.0000000e+00  0.0000000e+00
[rho]  0.0000000e+00  0.0000000e+00  0.0000000e+00
[elc]  0.0000000e+00  0.0000000e+00  0.0000000e+00

Free energies - timestep f v f/v f_s a f_s/a
[fe]            760  0.0000000000e+00  1.1059200000e+05  0.0000000000e+00  0.0000000000e+00

Momentum - x y z
[total   ] -9.4742792e-06  3.1974961e-06 -1.6147656e-06
[fluid   ] -4.5935478e-15 -7.4870665e-15  2.0025648e-14
[colloids]  0.0000000e+00  0.0000000e+00  0.0000000e+00
[subgrid ] -9.4742792e-06  3.1974961e-06 -1.6147656e-06

Total force - x y z
[fluid   ]  9.1225811e-20  1.8286239e-19 -2.9001866e-20
[colloids]  0.0000000e+00  0.0000000e+00  0.0000000e+00
[subgrid ] -9.6101662e-04  3.4600431e-04 -1.5287319e-04

Velocity - x y z
[minimum ] -2.9339846e-05 -5.4211540e-05 -2.4775688e-05
[maximum ]  3.3357812e-05  2.5265644e-05  4.1273797e-05

Completed cycle 760
  Current step =0
  Current step =0
  Current step =0
  Current step =0
  Current step =0
  Current step =0
  Current step =0
  Current step =0
  Current step =0
  Current step =0
  Current step =0
  Current step =0
  Current step =0
  Current step =0
  Current step =0
  Current step =0
  Current step =0
  Current step =0
  Current step =0

Particle statistics:
Pair potential minimum h is:  1.3419491e+00
Pair potential energy is:     5.8090349e-07
Bond harmonic potential minimum r is:  3.4100217e+00
Bond harmonic potential maximum r is:  3.6240932e+00
Bond harmonic potential energy is:     9.9094497e-04

Colloid velocities - x y z
[minimum ] -1.0154743e-03 -9.1919157e-04 -5.6618547e-04
[maximum ]  6.9396179e-04  8.3514076e-04  6.9734078e-04
  Current step =0

Scalars - total mean variance min max
[rho]       88473.60  0.80000000000  3.8566927e-12  0.79999486138  0.80000479395
[psi]  0.0000000e+00  0.0000000e+00  0.0000000e+00
[rho]  0.0000000e+00  0.0000000e+00  0.0000000e+00
[rho]  0.0000000e+00  0.0000000e+00  0.0000000e+00
[elc]  0.0000000e+00  0.0000000e+00  0.0000000e+00
[psi]  0.0000000e+00  0.0000000e+00  0.0000000e+00
[rho]  0.0000000e+00  0.0000000e+00  0.0000000e+00
[rho]  0.0000000e+00  0.0000000e+00  0.0000000e+00
[elc]  0.0000000e+00  0.0000000e+00  0.0000000e+00

Free energies - timestep f v f/v f_s a f_s/a
[fe]            780  0.0000000000e+00  1.1059200000e+05  0.0000000000e+00  0.0000000000e+00

Momentum - x y z
[total   ] -9.1552534e-06  3.0689591e-06 -1.6434726e-06
[fluid   ] -2.3522850e-15  4.0002723e-15  2.4237556e-14
[colloids]  0.0000000e+00  0.0000000e+00  0.0000000e+00
[subgrid ] -9.1552534e-06  3.0689591e-06 -1.6434726e-06

Total force - x y z
[fluid   ]  1.8430966e-20  2.6419563e-19 -7.6882618e-20
[colloids]  0.0000000e+00  0.0000000e+00  0.0000000e+00
[subgrid ] -9.2685852e-04  3.3312241e-04 -1.5590990e-04

Velocity - x y z
[minimum ] -2.9913998e-05 -5.2030186e-05 -2.4332760e-05
[maximum ]  3.2266547e-05  2.5126949e-05  4.1087739e-05

Completed cycle 780
  Current step =0
  Current step =0
  Current step =0
  Current step =0
  Current step =0
  Current step =0
  Current step =0
  Current step =0
  Current step =0
  Current step =0
  Current step =0
  Current step =0
  Current step =0
  Current step =0
  Current step =0
  Current step =0
  Current step =0
  Current step =0
  Current step =0

Particle statistics:
Pair potential minimum h is:  1.3348752e+00
Pair potential energy is:     5.9959253e-07
Bond harmonic potential minimum r is:  3.4117624e+00
Bond harmonic potential maximum r is:  3.6222356e+00
Bond harmonic potential energy is:     9.5417898e-04

Colloid velocities - x y z
[minimum ] -1.0113091e-03 -8.9480626e-04 -5.5343606e-04
[maximum ]  6.8130116e-04  8.1692557e-04  6.7828742e-04
  Current step =0
Writing colloid output at step 800!

colloid_io_write:
writing colloid information to config.cds00000800.001-001 etc

Scalars - total mean variance min max
[rho]       88473.60  0.80000000000  1.0146328e-12  0.79999694924  0.80000277371
[psi]  0.0000000e+00  0.0000000e+00  0.0000000e+00
[rho]  0.0000000e+00  0.0000000e+00  0.0000000e+00
[rho]  0.0000000e+00  0.0000000e+00  0.0000000e+00
[elc]  0.0000000e+00  0.0000000e+00  0.0000000e+00
[psi]  0.0000000e+00  0.0000000e+00  0.0000000e+00
[rho]  0.0000000e+00  0.0000000e+00  0.0000000e+00
[rho]  0.0000000e+00  0.0000000e+00  0.0000000e+00
[elc]  0.0000000e+00  0.0000000e+00  0.0000000e+00

Free energies - timestep f v f/v f_s a f_s/a
[fe]            800  0.0000000000e+00  1.1059200000e+05  0.0000000000e+00  0.0000000000e+00

Momentum - x y z
[total   ] -9.0070442e-06  3.0070919e-06 -1.7125382e-06
[fluid   ] -9.5930208e-15  3.6498582e-15  2.8001906e-14
[colloids]  0.0000000e+00  0.0000000e+00  0.0000000e+00
[subgrid ] -9.0070442e-06  3.0070919e-06 -1.7125382e-06

Total force - x y z
[fluid   ]  1.4979479e-19  1.5737065e-19 -8.8786958e-20
[colloids]  0.0000000e+00  0.0000000e+00  0.0000000e+00
[subgrid ] -9.0947037e-04  3.2549430e-04 -1.6249332e-04

Velocity - x y z
[minimum ] -2.9848236e-05 -5.0773549e-05 -2.3878028e-05
[maximum ]  3.1151703e-05  2.4183154e-05  3.9849846e-05

Completed cycle 800
  Current step =0
  Current step =0
  Current step =0
  Current step =0
  Current step =0
  Current step =0
  Current step =0
  Current step =0
  Current step =0
  Current step =0
  Current step =0
  Current step =0
  Current step =0
  Current step =0
  Current step =0
  Current step =0
  Current step =0
  Current step =0
  Current step =0

Particle statistics:
Pair potential minimum h is:  1.3280999e+00
Pair potential energy is:     6.1878441e-07
Bond harmonic potential minimum r is:  3.4134542e+00
Bond harmonic potential maximum r is:  3.6204309e+00
Bond harmonic potential energy is:     9.1937849e-04

Colloid velocities - x y z
[minimum ] -1.0045408e-03 -8.7228830e-04 -5.4078400e-04
[maximum ]  6.6749875e-04  8.0186259e-04  6.6016656e-04
  Current step =0

Scalars - total mean variance min max
[rho]       88473.60  0.80000000000  2.7903235e-12  0.79999485691  0.80000380905
[psi]  0.0000000e+00  0.0000000e+00  0.0000000e+00
[rho]  0.0000000e+00  0.0000000e+00  0.0000000e+00
[rho]  0.0000000e+00  0.0000000e+00  0.0000000e+00
[elc]  0.0000000e+00  0.0000000e+00  0.0000000e+00
[psi]  0.0000000e+00  0.0000000e+00  0.0000000e+00
[rho]  0.0000000e+00  0.0000000e+00  0.0000000e+00
[rho]  0.0000000e+00  0.0000000e+00  0.0000000e+00
[elc]  0.0000000e+00  0.0000000e+00  0.0000000e+00

Free energies - timestep f v f/v f_s a f_s/a
[fe]            820  0.0000000000e+00  1.1059200000e+05  0.0000000000e+00  0.0000000000e+00

Momentum - x y z
[total   ] -8.8262111e-06  2.8949954e-06 -1.7255843e-06
[fluid   ] -2.3248764e-14  1.3503088e-14  2.9438257e-14
[colloids]  0.0000000e+00  0.0000000e+00  0.0000000e+00
[subgrid ] -8.8262111e-06  2.8949954e-06 -1.7255843e-06

Total force - x y z
[fluid   ]  1.0045285e-19  1.5133569e-19  1.1122866e-19
[colloids]  0.0000000e+00  0.0000000e+00  0.0000000e+00
[subgrid ] -8.9153420e-04  3.1486379e-04 -1.6339004e-04

Velocity - x y z
[minimum ] -2.9601537e-05 -5.0908289e-05 -2.3998640e-05
[maximum ]  2.9807528e-05  2.3610811e-05  3.8865363e-05

Completed cycle 820
  Current step =0
  Current step =0
  Current step =0
  Current step =0
  Current step =0
  Current step =0
  Current step =0
  Current step =0
  Current step =0
  Current step =0
  Current step =0
  Current step =0
  Current step =0
  Current step =0
  Current step =0
  Current step =0
  Current step =0
  Current step =0
  Current step =0

Particle statistics:
Pair potential minimum h is:  1.3216149e+00
Pair potential energy is:     6.3834504e-07
Bond harmonic potential minimum r is:  3.4150979e+00
Bond harmonic potential maximum r is:  3.6186662e+00
Bond harmonic potential energy is:     8.8638909e-04

Colloid velocities - x y z
[minimum ] -9.9535554e-04 -8.4971219e-04 -5.2658416e-04
[maximum ]  6.5298783e-04  7.8768362e-04  6.4230382e-04
  Current step =0

Scalars - total mean variance min max
[rho]       88473.60  0.80000000000  1.9070301e-12  0.79999749215  0.80000534379
[psi]  0.0000000e+00  0.0000000e+00  0.0000000e+00
[rho]  0.0000000e+00  0.0000000e+00  0.0000000e+00
[rho]  0.0000000e+00  0.0000000e+00  0.0000000e+00
[elc]  0.0000000e+00  0.0000000e+00  0.0000000e+00
[psi]  0.0000000e+00  0.0000000e+00  0.0000000e+00
[rho]  0.0000000e+00  0.0000000e+00  0.0000000e+00
[rho]  0.0000000e+00  0.0000000e+00  0.0000000e+00
[elc]  0.0000000e+00  0.0000000e+00  0.0000000e+00

Free energies - timestep f v f/v f_s a f_s/a
[fe]            840  0.0000000000e+00  1.1059200000e+05  0.0000000000e+00  0.0000000000e+00

Momentum - x y z
[total   ] -8.5260304e-06  2.7577383e-06 -1.7166913e-06
[fluid   ] -3.1700337e-14  1.5855373e-14  2.6686986e-14
[colloids]  0.0000000e+00  0.0000000e+00  0.0000000e+00
[subgrid ] -8.5260303e-06  2.7577383e-06 -1.7166913e-06

Total force - x y z
[fluid   ]  2.0567572e-20  6.0003088e-20 -3.3212110e-21
[colloids]  0.0000000e+00  0.0000000e+00  0.0000000e+00
[subgrid ] -8.6431011e-04  3.0147243e-04 -1.6378772e-04

Velocity - x y z
[minimum ] -2.7121216e-05 -4.9847011e-05 -2.2268787e-05
[maximum ]  3.0084260e-05  2.4112223e-05  3.7858517e-05

Completed cycle 840
  Current step =0
  Current step =0
  Current step =0
  Current step =0
  Current step =0
  Current step =0
  Current step =0
  Current step =0
  Current step =0
  Current step =0
  Current step =0
  Current step =0
  Current step =0
  Current step =0
  Current step =0
  Current step =0
  Current step =0
  Current step =0
  Current step =0

Particle statistics:
Pair potential minimum h is:  1.3153928e+00
Pair potential energy is:     6.5830730e-07
Bond harmonic potential minimum r is:  3.4166953e+00
Bond harmonic potential maximum r is:  3.6169587e+00
Bond harmonic potential energy is:     8.5511196e-04

Colloid velocities - x y z
[minimum ] -9.8849865e-04 -8.2671071e-04 -5.1357085e-04
[maximum ]  6.3916222e-04  7.7219823e-04  6.2507832e-04
  Current step =0

Scalars - total mean variance min max
[rho]       88473.60  0.80000000000  2.5137670e-12  0.79999595768  0.80000402251
[psi]  0.0000000e+00  0.0000000e+00  0.0000000e+00
[rho]  0.0000000e+00  0.0000000e+00  0.0000000e+00
[rho]  0.0000000e+00  0.0000000e+00  0.0000000e+00
[elc]  0.0000000e+00  0.0000000e+00  0.0000000e+00
[psi]  0.0000000e+00  0.0000000e+00  0.0000000e+00
[rho]  0.0000000e+00  0.0000000e+00  0.0000000e+00
[rho]  0.0000000e+00  0.0000000e+00  0.0000000e+00
[elc]  0.0000000e+00  0.0000000e+00  0.0000000e+00

Free energies - timestep f v f/v f_s a f_s/a
[fe]            860  0.0000000000e+00  1.1059200000e+05  0.0000000000e+00  0.0000000000e+00

Momentum - x y z
[total   ] -8.3156348e-06  2.7153511e-06 -1.7252960e-06
[fluid   ] -1.9616253e-14  2.2072622e-14  6.9076689e-15
[colloids]  0.0000000e+00  0.0000000e+00  0.0000000e+00
[subgrid ] -8.3156348e-06  2.7153511e-06 -1.7252960e-06

Total force - x y z
[fluid   ] -8.7076400e-21  2.0431071e-19  3.4219941e-20
[colloids]  0.0000000e+00  0.0000000e+00  0.0000000e+00
[subgrid ] -8.4319642e-04  2.9598212e-04 -1.6502753e-04

Velocity - x y z
[minimum ] -2.6406788e-05 -4.8268842e-05 -2.1108256e-05
[maximum ]  2.9664342e-05  2.4212699e-05  3.6380174e-05

Completed cycle 860
  Current step =0
  Current step =0
  Current step =0
  Current step =0
  Current step =0
  Current step =0
  Current step =0
  Current step =0
  Current step =0
  Current step =0
  Current step =0
  Current step =0
  Current step =0
  Current step =0
  Current step =0
  Current step =0
  Current step =0
  Current step =0
  Current step =0

Particle statistics:
Pair potential minimum h is:  1.3094335e+00
Pair potential energy is:     6.7865904e-07
Bond harmonic potential minimum r is:  3.4182434e+00
Bond harmonic potential maximum r is:  3.6153075e+00
Bond harmonic potential energy is:     8.2543216e-04

Colloid velocities - x y z
[minimum ] -9.8222692e-04 -8.0627920e-04 -5.0082764e-04
[maximum ]  6.2829457e-04  7.5867352e-04  6.0996631e-04
  Current step =0

Scalars - total mean variance min max
[rho]       88473.60  0.80000000000  1.7387203e-12  0.79999565331  0.80000324360
[psi]  0.0000000e+00  0.0000000e+00  0.0000000e+00
[rho]  0.0000000e+00  0.0000000e+00  0.0000000e+00
[rho]  0.0000000e+00  0.0000000e+00  0.0000000e+00
[elc]  0.0000000e+00  0.0000000e+00  0.0000000e+00
[psi]  0.0000000e+00  0.0000000e+00  0.0000000e+00
[rho]  0.0000000e+00  0.0000000e+00  0.0000000e+00
[rho]  0.0000000e+00  0.0000000e+00  0.0000000e+00
[elc]  0.0000000e+00  0.0000000e+00  0.0000000e+00

Free energies - timestep f v f/v f_s a f_s/a
[fe]            880  0.0000000000e+00  1.1059200000e+05  0.0000000000e+00  0.0000000000e+00

Momentum - x y z
[total   ] -8.2033970e-06  2.6508582e-06 -1.7867616e-06
[fluid   ] -1.9689111e-14  1.2930629e-14  6.1686767e-15
[colloids]  0.0000000e+00  0.0000000e+00  0.0000000e+00
[subgrid ] -8.2033970e-06  2.6508582e-06 -1.7867616e-06

Total force - x y z
[fluid   ] -7.7616231e-20  1.3497856e-19  5.1125963e-20
[colloids]  0.0000000e+00  0.0000000e+00  0.0000000e+00
[subgrid ] -8.2780044e-04  2.8945941e-04 -1.7016747e-04

Velocity - x y z
[minimum ] -2.8038873e-05 -4.6693717e-05 -2.1782161e-05
[maximum ]  2.7746830e-05  2.3111306e-05  3.6803253e-05

Completed cycle 880
  Current step =0
  Current step =0
  Current step =0
  Current step =0
  Current step =0
  Current step =0
  Current step =0
  Current step =0
  Current step =0
  Current step =0
  Current step =0
  Current step =0
  Current step =0
  Current step =0
  Current step =0
  Current step =0
  Current step =0
  Current step =0
  Current step =0

Particle statistics:
Pair potential minimum h is:  1.3037138e+00
Pair potential energy is:     6.9937762e-07
Bond harmonic potential minimum r is:  3.4197495e+00
Bond harmonic potential maximum r is:  3.6137031e+00
Bond harmonic potential energy is:     7.9721853e-04

Colloid velocities - x y z
[minimum ] -9.7377531e-04 -7.8707956e-04 -4.8858723e-04
[maximum ]  6.1562022e-04  7.4409953e-04  5.9388011e-04
  Current step =0
Writing colloid output at step 900!

colloid_io_write:
writing colloid information to config.cds00000900.001-001 etc

Scalars - total mean variance min max
[rho]       88473.60  0.80000000000  1.8697266e-12  0.79999672998  0.80000334867
[psi]  0.0000000e+00  0.0000000e+00  0.0000000e+00
[rho]  0.0000000e+00  0.0000000e+00  0.0000000e+00
[rho]  0.0000000e+00  0.0000000e+00  0.0000000e+00
[elc]  0.0000000e+00  0.0000000e+00  0.0000000e+00
[psi]  0.0000000e+00  0.0000000e+00  0.0000000e+00
[rho]  0.0000000e+00  0.0000000e+00  0.0000000e+00
[rho]  0.0000000e+00  0.0000000e+00  0.0000000e+00
[elc]  0.0000000e+00  0.0000000e+00  0.0000000e+00

Free energies - timestep f v f/v f_s a f_s/a
[fe]            900  0.0000000000e+00  1.1059200000e+05  0.0000000000e+00  0.0000000000e+00

Momentum - x y z
[total   ] -8.0528657e-06  2.5735794e-06 -1.8368908e-06
[fluid   ] -2.5864727e-14  1.1254886e-14  5.1486593e-15
[colloids]  0.0000000e+00  0.0000000e+00  0.0000000e+00
[subgrid ] -8.0528657e-06  2.5735794e-06 -1.8368908e-06

Total force - x y z
[fluid   ]  5.0192666e-20  1.8279436e-19 -1.7251623e-19
[colloids]  0.0000000e+00  0.0000000e+00  0.0000000e+00
[subgrid ] -8.1265767e-04  2.8197461e-04 -1.7549204e-04

Velocity - x y z
[minimum ] -2.7070112e-05 -4.6385096e-05 -2.1478000e-05
[maximum ]  2.7261635e-05  2.2568668e-05  3.5769323e-05

Completed cycle 900
  Current step =0
  Current step =0
  Current step =0
  Current step =0
  Current step =0
  Current step =0
  Current step =0
  Current step =0
  Current step =0
  Current step =0
  Current step =0
  Current step =0
  Current step =0
  Current step =0
  Current step =0
  Current step =0
  Current step =0
  Current step =0
  Current step =0

Particle statistics:
Pair potential minimum h is:  1.2982338e+00
Pair potential energy is:     7.2036717e-07
Bond harmonic potential minimum r is:  3.4212174e+00
Bond harmonic potential maximum r is:  3.6121293e+00
Bond harmonic potential energy is:     7.7036710e-04

Colloid velocities - x y z
[minimum ] -9.6351098e-04 -7.6734077e-04 -4.7689929e-04
[maximum ]  6.0024180e-04  7.2969101e-04  5.7737522e-04
  Current step =0

Scalars - total mean variance min max
[rho]       88473.60  0.80000000000  1.3400392e-12  0.79999699502  0.80000362090
[psi]  0.0000000e+00  0.0000000e+00  0.0000000e+00
[rho]  0.0000000e+00  0.0000000e+00  0.0000000e+00
[rho]  0.0000000e+00  0.0000000e+00  0.0000000e+00
[elc]  0.0000000e+00  0.0000000e+00  0.0000000e+00
[psi]  0.0000000e+00  0.0000000e+00  0.0000000e+00
[rho]  0.0000000e+00  0.0000000e+00  0.0000000e+00
[rho]  0.0000000e+00  0.0000000e+00  0.0000000e+00
[elc]  0.0000000e+00  0.0000000e+00  0.0000000e+00

Free energies - timestep f v f/v f_s a f_s/a
[fe]            920  0.0000000000e+00  1.1059200000e+05  0.0000000000e+00  0.0000000000e+00

Momentum - x y z
[total   ] -7.8261024e-06  2.4722198e-06 -1.8441381e-06
[fluid   ] -2.4296537e-14  1.9761970e-14  1.4859641e-14
[colloids]  0.0000000e+00  0.0000000e+00  0.0000000e+00
[subgrid ] -7.8261024e-06  2.4722198e-06 -1.8441381e-06

Total force - x y z
[fluid   ] -1.2619819e-20  1.9187158e-19 -1.1374127e-19
[colloids]  0.0000000e+00  0.0000000e+00  0.0000000e+00
[subgrid ] -7.9372837e-04  2.7133037e-04 -1.7707068e-04

Velocity - x y z
[minimum ] -2.4683718e-05 -4.6478846e-05 -1.9658418e-05
[maximum ]  2.7171781e-05  2.3071887e-05  3.3397086e-05

Completed cycle 920
  Current step =0
  Current step =0
  Current step =0
  Current step =0
  Current step =0
  Current step =0
  Current step =0
  Current step =0
  Current step =0
  Current step =0
  Current step =0
  Current step =0
  Current step =0
  Current step =0
  Current step =0
  Current step =0
  Current step =0
  Current step =0
  Current step =0

Particle statistics:
Pair potential minimum h is:  1.2930031e+00
Pair potential energy is:     7.4148282e-07
Bond harmonic potential minimum r is:  3.4226406e+00
Bond harmonic potential maximum r is:  3.6106007e+00
Bond harmonic potential energy is:     7.4480000e-04

Colloid velocities - x y z
[minimum ] -9.5436263e-04 -7.4805732e-04 -4.6373350e-04
[maximum ]  5.8849464e-04  7.1792524e-04  5.6368712e-04
  Current step =0

Scalars - total mean variance min max
[rho]       88473.60  0.80000000000  2.0746738e-12  0.79999573046  0.80000380118
[psi]  0.0000000e+00  0.0000000e+00  0.0000000e+00
[rho]  0.0000000e+00  0.0000000e+00  0.0000000e+00
[rho]  0.0000000e+00  0.0000000e+00  0.0000000e+00
[elc]  0.0000000e+00  0.0000000e+00  0.0000000e+00
[psi]  0.0000000e+00  0.0000000e+00  0.0000000e+00
[rho]  0.0000000e+00  0.0000000e+00  0.0000000e+00
[rho]  0.0000000e+00  0.0000000e+00  0.0000000e+00
[elc]  0.0000000e+00  0.0000000e+00  0.0000000e+00

Free energies - timestep f v f/v f_s a f_s/a
[fe]            940  0.0000000000e+00  1.1059200000e+05  0.0000000000e+00  0.0000000000e+00

Momentum - x y z
[total   ] -7.6482273e-06  2.3790470e-06 -1.8436606e-06
[fluid   ] -4.2629095e-14  2.7915170e-14  1.1234069e-14
[colloids]  0.0000000e+00  0.0000000e+00  0.0000000e+00
[subgrid ] -7.6482273e-06  2.3790470e-06 -1.8436606e-06

Total force - x y z
[fluid   ] -5.8473583e-20  1.0582121e-19  2.5947280e-20
[colloids]  0.0000000e+00  0.0000000e+00  0.0000000e+00
[subgrid ] -7.7507705e-04  2.6192146e-04 -1.7724626e-04

Velocity - x y z
[minimum ] -2.4535501e-05 -4.4310431e-05 -1.9059203e-05
[maximum ]  2.6774209e-05  2.2884058e-05  3.3810753e-05

Completed cycle 940
  Current step =0
  Current step =0
  Current step =0
  Current step =0
  Current step =0
  Current step =0
  Current step =0
  Current step =0
  Current step =0
  Current step =0
  Current step =0
  Current step =0
  Current step =0
  Current step =0
  Current step =0
  Current step =0
  Current step =0
  Current step =0
  Current step =0

Particle statistics:
Pair potential minimum h is:  1.2879827e+00
Pair potential energy is:     7.6282356e-07
Bond harmonic potential minimum r is:  3.4240237e+00
Bond harmonic potential maximum r is:  3.6091220e+00
Bond harmonic potential energy is:     7.2044803e-04

Colloid velocities - x y z
[minimum ] -9.4617624e-04 -7.3658877e-04 -4.5175329e-04
[maximum ]  5.7777570e-04  7.0500111e-04  5.4965820e-04
  Current step =0

Scalars - total mean variance min max
[rho]       88473.60  0.80000000000  1.8584023e-12  0.79999675002  0.80000358752
[psi]  0.0000000e+00  0.0000000e+00  0.0000000e+00
[rho]  0.0000000e+00  0.0000000e+00  0.0000000e+00
[rho]  0.0000000e+00  0.0000000e+00  0.0000000e+00
[elc]  0.0000000e+00  0.0000000e+00  0.0000000e+00
[psi]  0.0000000e+00  0.0000000e+00  0.0000000e+00
[rho]  0.0000000e+00  0.0000000e+00  0.0000000e+00
[rho]  0.0000000e+00  0.0000000e+00  0.0000000e+00
[elc]  0.0000000e+00  0.0000000e+00  0.0000000e+00

Free energies - timestep f v f/v f_s a f_s/a
[fe]            960  0.0000000000e+00  1.1059200000e+05  0.0000000000e+00  0.0000000000e+00

Momentum - x y z
[total   ] -7.5216701e-06  2.3150750e-06 -1.8991950e-06
[fluid   ] -3.2598924e-14  2.6204733e-14  2.3939184e-15
[colloids]  0.0000000e+00  0.0000000e+00  0.0000000e+00
[subgrid ] -7.5216700e-06  2.3150749e-06 -1.8991950e-06

Total force - x y z
[fluid   ]  7.6650124e-20  1.4358034e-19  1.7432347e-20
[colloids]  0.0000000e+00  0.0000000e+00  0.0000000e+00
[subgrid ] -7.5926099e-04  2.5522894e-04 -1.8243553e-04

Velocity - x y z
[minimum ] -2.5324802e-05 -4.2968223e-05 -1.9737332e-05
[maximum ]  2.5472094e-05  2.2321634e-05  3.3337555e-05

Completed cycle 960
  Current step =0
  Current step =0
  Current step =0
  Current step =0
  Current step =0
  Current step =0
  Current step =0
  Current step =0
  Current step =0
  Current step =0
  Current step =0
  Current step =0
  Current step =0
  Current step =0
  Current step =0
  Current step =0
  Current step =0
  Current step =0
  Current step =0

Particle statistics:
Pair potential minimum h is:  1.2831720e+00
Pair potential energy is:     7.8434259e-07
Bond harmonic potential minimum r is:  3.4253727e+00
Bond harmonic potential maximum r is:  3.6076788e+00
Bond harmonic potential energy is:     6.9723388e-04

Colloid velocities - x y z
[minimum ] -9.3691750e-04 -7.1832973e-04 -4.4158135e-04
[maximum ]  5.6521330e-04  6.9069428e-04  5.3537848e-04
  Current step =0

Scalars - total mean variance min max
[rho]       88473.60  0.80000000000  8.4299234e-13  0.79999786833  0.80000232293
[psi]  0.0000000e+00  0.0000000e+00  0.0000000e+00
[rho]  0.0000000e+00  0.0000000e+00  0.0000000e+00
[rho]  0.0000000e+00  0.0000000e+00  0.0000000e+00
[elc]  0.0000000e+00  0.0000000e+00  0.0000000e+00
[psi]  0.0000000e+00  0.0000000e+00  0.0000000e+00
[rho]  0.0000000e+00  0.0000000e+00  0.0000000e+00
[rho]  0.0000000e+00  0.0000000e+00  0.0000000e+00
[elc]  0.0000000e+00  0.0000000e+00  0.0000000e+00

Free energies - timestep f v f/v f_s a f_s/a
[fe]            980  0.0000000000e+00  1.1059200000e+05  0.0000000000e+00  0.0000000000e+00

Momentum - x y z
[total   ] -7.3364093e-06  2.2637066e-06 -1.9620761e-06
[fluid   ] -2.7318425e-14  3.3660574e-14  2.1267710e-15
[colloids]  0.0000000e+00  0.0000000e+00  0.0000000e+00
[subgrid ] -7.3364092e-06  2.2637065e-06 -1.9620761e-06

Total force - x y z
[fluid   ] -8.9234886e-20  1.5225369e-19 -4.1281894e-20
[colloids]  0.0000000e+00  0.0000000e+00  0.0000000e+00
[subgrid ] -7.4053915e-04  2.4941204e-04 -1.8864076e-04

Velocity - x y z
[minimum ] -2.4716260e-05 -4.2948703e-05 -1.8919176e-05
[maximum ]  2.4714023e-05  2.1523352e-05  3.1873119e-05

Completed cycle 980
  Current step =0
  Current step =0
  Current step =0
  Current step =0
  Current step =0
  Current step =0
  Current step =0
  Current step =0
  Current step =0
  Current step =0
  Current step =0
  Current step =0
  Current step =0
  Current step =0
  Current step =0
  Current step =0
  Current step =0
  Current step =0
  Current step =0

Particle statistics:
Pair potential minimum h is:  1.2785857e+00
Pair potential energy is:     8.0586477e-07
Bond harmonic potential minimum r is:  3.4266849e+00
Bond harmonic potential maximum r is:  3.6062676e+00
Bond harmonic potential energy is:     6.7506296e-04

Colloid velocities - x y z
[minimum ] -9.2513230e-04 -7.0128200e-04 -4.3005560e-04
[maximum ]  5.5259366e-04  6.7929161e-04  5.2188463e-04
  Current step =0
Writing distribution output at step 1000!
MPIIO wrote to dist-000001000.001-001
-       dist aggregated  50.430 MB in   0.530 seconds
-       dist wrote       50.430 MB in   0.014 seconds
-       dist rate         3.548 GB per second
Writing colloid output at step 1000!

colloid_io_write:
writing colloid information to config.cds00001000.001-001 etc
Writing electrokinetic data at step 1000!
MPIIO wrote to psi-000001000.001-001
-        psi aggregated   2.654 MB in   0.027 seconds
-        psi wrote        2.654 MB in   0.001 seconds
-        psi rate         2.169 GB per second
MPIIO wrote to qsi-000001000.001-001
-        qsi aggregated   5.198 MB in   0.048 seconds
-        qsi wrote        5.198 MB in   0.002 seconds
-        qsi rate         2.747 GB per second
MPIIO wrote to efield-000001000.001-001
-     efield aggregated   7.741 MB in   0.069 seconds
-     efield wrote        7.741 MB in   0.003 seconds
-     efield rate         3.057 GB per second
Writing rho/velocity output at step 1000!
MPIIO wrote to rho-000001000.001-001
-        rho aggregated   2.654 MB in   0.032 seconds
-        rho wrote        2.654 MB in   0.001 seconds
-        rho rate         2.195 GB per second
MPIIO wrote to vel-000001000.001-001
-        vel aggregated   7.741 MB in   0.093 seconds
-        vel wrote        7.741 MB in   0.002 seconds
-        vel rate         3.132 GB per second

Scalars - total mean variance min max
[rho]       88473.60  0.80000000000  1.5955015e-12  0.79999615696  0.80000317561
[psi]  0.0000000e+00  0.0000000e+00  0.0000000e+00
[rho]  0.0000000e+00  0.0000000e+00  0.0000000e+00
[rho]  0.0000000e+00  0.0000000e+00  0.0000000e+00
[elc]  0.0000000e+00  0.0000000e+00  0.0000000e+00
[psi]  0.0000000e+00  0.0000000e+00  0.0000000e+00
[rho]  0.0000000e+00  0.0000000e+00  0.0000000e+00
[rho]  0.0000000e+00  0.0000000e+00  0.0000000e+00
[elc]  0.0000000e+00  0.0000000e+00  0.0000000e+00

Free energies - timestep f v f/v f_s a f_s/a
[fe]           1000  0.0000000000e+00  1.1059200000e+05  0.0000000000e+00  0.0000000000e+00

Momentum - x y z
[total   ] -7.1265746e-06  2.1807137e-06 -2.0073890e-06
[fluid   ] -2.0414226e-14  2.2704061e-14 -4.2674198e-15
[colloids]  0.0000000e+00  0.0000000e+00  0.0000000e+00
[subgrid ] -7.1265746e-06  2.1807137e-06 -2.0073890e-06

Total force - x y z
[fluid   ] -1.6516393e-21  9.6321419e-20  6.7293251e-20
[colloids]  0.0000000e+00  0.0000000e+00  0.0000000e+00
[subgrid ] -7.2165075e-04  2.4166442e-04 -1.9370594e-04

Velocity - x y z
[minimum ] -2.3238772e-05 -4.2512410e-05 -1.8110101e-05
[maximum ]  2.4554861e-05  2.1676821e-05  3.1173338e-05

Completed cycle 1000
  Current step =0
  Current step =0
  Current step =0
  Current step =0
  Current step =0
  Current step =0
  Current step =0
  Current step =0
  Current step =0
  Current step =0
  Current step =0
  Current step =0
  Current step =0
  Current step =0
  Current step =0
  Current step =0
  Current step =0
  Current step =0
  Current step =0

Particle statistics:
Pair potential minimum h is:  1.2742026e+00
Pair potential energy is:     8.2738662e-07
Bond harmonic potential minimum r is:  3.4279609e+00
Bond harmonic potential maximum r is:  3.6048858e+00
Bond harmonic potential energy is:     6.5387842e-04

Colloid velocities - x y z
[minimum ] -9.1402695e-04 -6.8383212e-04 -4.2691007e-04
[maximum ]  5.4037887e-04  6.6806876e-04  5.0885678e-04
  Current step =0

Scalars - total mean variance min max
[rho]       88473.60  0.80000000000  1.5233370e-12  0.79999694940  0.80000337293
[psi]  0.0000000e+00  0.0000000e+00  0.0000000e+00
[rho]  0.0000000e+00  0.0000000e+00  0.0000000e+00
[rho]  0.0000000e+00  0.0000000e+00  0.0000000e+00
[elc]  0.0000000e+00  0.0000000e+00  0.0000000e+00
[psi]  0.0000000e+00  0.0000000e+00  0.0000000e+00
[rho]  0.0000000e+00  0.0000000e+00  0.0000000e+00
[rho]  0.0000000e+00  0.0000000e+00  0.0000000e+00
[elc]  0.0000000e+00  0.0000000e+00  0.0000000e+00

Free energies - timestep f v f/v f_s a f_s/a
[fe]           1020  0.0000000000e+00  1.1059200000e+05  0.0000000000e+00  0.0000000000e+00

Momentum - x y z
[total   ] -6.9559212e-06  2.1119560e-06 -1.9991715e-06
[fluid   ] -1.9231144e-14  3.2661374e-14 -8.3127949e-15
[colloids]  0.0000000e+00  0.0000000e+00  0.0000000e+00
[subgrid ] -6.9559212e-06  2.1119560e-06 -1.9991715e-06

Total force - x y z
[fluid   ]  5.8039046e-20  3.3214443e-20 -1.2968547e-19
[colloids]  0.0000000e+00  0.0000000e+00  0.0000000e+00
[subgrid ] -7.0525606e-04  2.3457643e-04 -1.9360129e-04

Velocity - x y z
[minimum ] -2.2415962e-05 -4.1192378e-05 -1.7570636e-05
[maximum ]  2.4362629e-05  2.1948205e-05  3.0363246e-05

Completed cycle 1020
  Current step =0
  Current step =0
  Current step =0
  Current step =0
  Current step =0
  Current step =0
  Current step =0
  Current step =0
  Current step =0
  Current step =0
  Current step =0
  Current step =0
  Current step =0
  Current step =0
  Current step =0
  Current step =0
  Current step =0
  Current step =0
  Current step =0

Particle statistics:
Pair potential minimum h is:  1.2700046e+00
Pair potential energy is:     8.4895745e-07
Bond harmonic potential minimum r is:  3.4292023e+00
Bond harmonic potential maximum r is:  3.6035471e+00
Bond harmonic potential energy is:     6.3363277e-04

Colloid velocities - x y z
[minimum ] -9.0455938e-04 -6.6733110e-04 -4.2910287e-04
[maximum ]  5.2998922e-04  6.5545074e-04  4.9657784e-04
  Current step =0

Scalars - total mean variance min max
[rho]       88473.60  0.80000000000  1.5460966e-12  0.79999614298  0.80000290406
[psi]  0.0000000e+00  0.0000000e+00  0.0000000e+00
[rho]  0.0000000e+00  0.0000000e+00  0.0000000e+00
[rho]  0.0000000e+00  0.0000000e+00  0.0000000e+00
[elc]  0.0000000e+00  0.0000000e+00  0.0000000e+00
[psi]  0.0000000e+00  0.0000000e+00  0.0000000e+00
[rho]  0.0000000e+00  0.0000000e+00  0.0000000e+00
[rho]  0.0000000e+00  0.0000000e+00  0.0000000e+00
[elc]  0.0000000e+00  0.0000000e+00  0.0000000e+00

Free energies - timestep f v f/v f_s a f_s/a
[fe]           1040  0.0000000000e+00  1.1059200000e+05  0.0000000000e+00  0.0000000000e+00

Momentum - x y z
[total   ] -6.7730548e-06  2.0930047e-06 -1.9918850e-06
[fluid   ] -2.0625862e-14  3.5256520e-14  1.7902346e-15
[colloids]  0.0000000e+00  0.0000000e+00  0.0000000e+00
[subgrid ] -6.7730548e-06  2.0930046e-06 -1.9918850e-06

Total force - x y z
[fluid   ]  6.0503895e-20  8.4385282e-20  4.1034840e-20
[colloids]  0.0000000e+00  0.0000000e+00  0.0000000e+00
[subgrid ] -6.8452103e-04  2.3163653e-04 -1.9252375e-04

Velocity - x y z
[minimum ] -2.2888275e-05 -3.9755296e-05 -1.7660388e-05
[maximum ]  2.3543794e-05  2.1241570e-05  2.9841524e-05

Completed cycle 1040
  Current step =0
  Current step =0
  Current step =0
  Current step =0
  Current step =0
  Current step =0
  Current step =0
  Current step =0
  Current step =0
  Current step =0
  Current step =0
  Current step =0
  Current step =0
  Current step =0
  Current step =0
  Current step =0
  Current step =0
  Current step =0
  Current step =0

Particle statistics:
Pair potential minimum h is:  1.2659912e+00
Pair potential energy is:     8.7052363e-07
Bond harmonic potential minimum r is:  3.4304097e+00
Bond harmonic potential maximum r is:  3.6022434e+00
Bond harmonic potential energy is:     6.1427356e-04

Colloid velocities - x y z
[minimum ] -8.9386498e-04 -6.5261961e-04 -4.2963405e-04
[maximum ]  5.1984012e-04  6.4431766e-04  4.8476589e-04
  Current step =0

Scalars - total mean variance min max
[rho]       88473.60  0.80000000000  6.0729199e-13  0.79999774764  0.80000177195
[psi]  0.0000000e+00  0.0000000e+00  0.0000000e+00
[rho]  0.0000000e+00  0.0000000e+00  0.0000000e+00
[rho]  0.0000000e+00  0.0000000e+00  0.0000000e+00
[elc]  0.0000000e+00  0.0000000e+00  0.0000000e+00
[psi]  0.0000000e+00  0.0000000e+00  0.0000000e+00
[rho]  0.0000000e+00  0.0000000e+00  0.0000000e+00
[rho]  0.0000000e+00  0.0000000e+00  0.0000000e+00
[elc]  0.0000000e+00  0.0000000e+00  0.0000000e+00

Free energies - timestep f v f/v f_s a f_s/a
[fe]           1060  0.0000000000e+00  1.1059200000e+05  0.0000000000e+00  0.0000000000e+00

Momentum - x y z
[total   ] -6.7134836e-06  2.0843307e-06 -1.9976025e-06
[fluid   ] -1.8821750e-14  4.6775084e-14  7.1991024e-15
[colloids]  0.0000000e+00  0.0000000e+00  0.0000000e+00
[subgrid ] -6.7134836e-06  2.0843307e-06 -1.9976025e-06

Total force - x y z
[fluid   ]  1.3384627e-19  1.1285785e-19 -3.2286318e-20
[colloids]  0.0000000e+00  0.0000000e+00  0.0000000e+00
[subgrid ] -6.7674171e-04  2.3109180e-04 -1.9250632e-04

Velocity - x y z
[minimum ] -2.3411493e-05 -3.9379709e-05 -1.7438141e-05
[maximum ]  2.2252080e-05  2.0445627e-05  2.9566425e-05

Completed cycle 1060
  Current step =0
  Current step =0
  Current step =0
  Current step =0
  Current step =0
  Current step =0
  Current step =0
  Current step =0
  Current step =0
  Current step =0
  Current step =0
  Current step =0
  Current step =0
  Current step =0
  Current step =0
  Current step =0
  Current step =0
  Current step =0
  Current step =0

Particle statistics:
Pair potential minimum h is:  1.2621570e+00
Pair potential energy is:     8.9203559e-07
Bond harmonic potential minimum r is:  3.4315875e+00
Bond harmonic potential maximum r is:  3.6009595e+00
Bond harmonic potential energy is:     5.9573471e-04

Colloid velocities - x y z
[minimum ] -8.8107239e-04 -6.3777100e-04 -4.2960663e-04
[maximum ]  5.0758156e-04  6.3265077e-04  4.7227536e-04
  Current step =0

Scalars - total mean variance min max
[rho]       88473.60  0.80000000000  1.6194823e-12  0.79999741216  0.80000407554
[psi]  0.0000000e+00  0.0000000e+00  0.0000000e+00
[rho]  0.0000000e+00  0.0000000e+00  0.0000000e+00
[rho]  0.0000000e+00  0.0000000e+00  0.0000000e+00
[elc]  0.0000000e+00  0.0000000e+00  0.0000000e+00
[psi]  0.0000000e+00  0.0000000e+00  0.0000000e+00
[rho]  0.0000000e+00  0.0000000e+00  0.0000000e+00
[rho]  0.0000000e+00  0.0000000e+00  0.0000000e+00
[elc]  0.0000000e+00  0.0000000e+00  0.0000000e+00

Free energies - timestep f v f/v f_s a f_s/a
[fe]           1080  0.0000000000e+00  1.1059200000e+05  0.0000000000e+00  0.0000000000e+00

Momentum - x y z
[total   ] -6.5675523e-06  2.0187271e-06 -1.9991110e-06
[fluid   ] -3.7071041e-14  3.4337116e-14 -1.5647206e-15
[colloids]  0.0000000e+00  0.0000000e+00  0.0000000e+00
[subgrid ] -6.5675523e-06  2.0187271e-06 -1.9991110e-06

Total force - x y z
[fluid   ]  1.1614076e-19  1.5773176e-19  7.7837089e-22
[colloids]  0.0000000e+00  0.0000000e+00  0.0000000e+00
[subgrid ] -6.6462435e-04  2.2463852e-04 -1.9352588e-04

Velocity - x y z
[minimum ] -2.1579770e-05 -3.9273713e-05 -1.6480557e-05
[maximum ]  2.2434920e-05  2.0534858e-05  2.8240814e-05

Completed cycle 1080
  Current step =0
  Current step =0
  Current step =0
  Current step =0
  Current step =0
  Current step =0
  Current step =0
  Current step =0
  Current step =0
  Current step =0
  Current step =0
  Current step =0
  Current step =0
  Current step =0
  Current step =0
  Current step =0
  Current step =0
  Current step =0
  Current step =0

Particle statistics:
Pair potential minimum h is:  1.2585003e+00
Pair potential energy is:     9.1337229e-07
Bond harmonic potential minimum r is:  3.4327346e+00
Bond harmonic potential maximum r is:  3.5997027e+00
Bond harmonic potential energy is:     5.7796869e-04

Colloid velocities - x y z
[minimum ] -8.6857873e-04 -6.2229536e-04 -4.3015454e-04
[maximum ]  4.9582675e-04  6.2139013e-04  4.6048724e-04
  Current step =0
Writing colloid output at step 1100!

colloid_io_write:
writing colloid information to config.cds00001100.001-001 etc

Scalars - total mean variance min max
[rho]       88473.60  0.80000000000  8.1756824e-13  0.79999813825  0.80000243299
[psi]  0.0000000e+00  0.0000000e+00  0.0000000e+00
[rho]  0.0000000e+00  0.0000000e+00  0.0000000e+00
[rho]  0.0000000e+00  0.0000000e+00  0.0000000e+00
[elc]  0.0000000e+00  0.0000000e+00  0.0000000e+00
[psi]  0.0000000e+00  0.0000000e+00  0.0000000e+00
[rho]  0.0000000e+00  0.0000000e+00  0.0000000e+00
[rho]  0.0000000e+00  0.0000000e+00  0.0000000e+00
[elc]  0.0000000e+00  0.0000000e+00  0.0000000e+00

Free energies - timestep f v f/v f_s a f_s/a
[fe]           1100  0.0000000000e+00  1.1059200000e+05  0.0000000000e+00  0.0000000000e+00

Momentum - x y z
[total   ] -6.3979344e-06  1.9911675e-06 -2.0436295e-06
[fluid   ] -4.2459092e-14  2.2107316e-14 -8.4342255e-15
[colloids]  0.0000000e+00  0.0000000e+00  0.0000000e+00
[subgrid ] -6.3979344e-06  1.9911674e-06 -2.0436295e-06

Total force - x y z
[fluid   ]  7.9641000e-20  9.3895864e-20 -9.6928145e-20
[colloids]  0.0000000e+00  0.0000000e+00  0.0000000e+00
[subgrid ] -6.4916805e-04  2.2128996e-04 -1.9856558e-04

Velocity - x y z
[minimum ] -2.0452120e-05 -3.8307870e-05 -1.5973523e-05
[maximum ]  2.2390517e-05  2.0800701e-05  2.7131246e-05

Completed cycle 1100
  Current step =0
  Current step =0
  Current step =0
  Current step =0
  Current step =0
  Current step =0
  Current step =0
  Current step =0
  Current step =0
  Current step =0
  Current step =0
  Current step =0
  Current step =0
  Current step =0
  Current step =0
  Current step =0
  Current step =0
  Current step =0
  Current step =0

Particle statistics:
Pair potential minimum h is:  1.2550161e+00
Pair potential energy is:     9.3447496e-07
Bond harmonic potential minimum r is:  3.4338486e+00
Bond harmonic potential maximum r is:  3.5984750e+00
Bond harmonic potential energy is:     5.6095053e-04

Colloid velocities - x y z
[minimum ] -8.5748755e-04 -6.0795375e-04 -4.3030416e-04
[maximum ]  4.8694382e-04  6.1152116e-04  4.5031694e-04
  Current step =0

Scalars - total mean variance min max
[rho]       88473.60  0.80000000000  1.5959456e-12  0.79999629939  0.80000285957
[psi]  0.0000000e+00  0.0000000e+00  0.0000000e+00
[rho]  0.0000000e+00  0.0000000e+00  0.0000000e+00
[rho]  0.0000000e+00  0.0000000e+00  0.0000000e+00
[elc]  0.0000000e+00  0.0000000e+00  0.0000000e+00
[psi]  0.0000000e+00  0.0000000e+00  0.0000000e+00
[rho]  0.0000000e+00  0.0000000e+00  0.0000000e+00
[rho]  0.0000000e+00  0.0000000e+00  0.0000000e+00
[elc]  0.0000000e+00  0.0000000e+00  0.0000000e+00

Free energies - timestep f v f/v f_s a f_s/a
[fe]           1120  0.0000000000e+00  1.1059200000e+05  0.0000000000e+00  0.0000000000e+00

Momentum - x y z
[total   ] -6.3295585e-06  1.9491612e-06 -2.0599801e-06
[fluid   ] -4.1730508e-14  2.1156688e-14 -3.8441472e-15
[colloids]  0.0000000e+00  0.0000000e+00  0.0000000e+00
[subgrid ] -6.3295584e-06  1.9491612e-06 -2.0599801e-06

Total force - x y z
[fluid   ] -6.6958724e-20  1.4550548e-20 -4.9492345e-20
[colloids]  0.0000000e+00  0.0000000e+00  0.0000000e+00
[subgrid ] -6.3943226e-04  2.1697154e-04 -1.9976134e-04

Velocity - x y z
[minimum ] -2.1492099e-05 -3.6707248e-05 -1.6026369e-05
[maximum ]  2.1345119e-05  2.0173180e-05  2.7553230e-05

Completed cycle 1120
  Current step =0
  Current step =0
  Current step =0
  Current step =0
  Current step =0
  Current step =0
  Current step =0
  Current step =0
  Current step =0
  Current step =0
  Current step =0
  Current step =0
  Current step =0
  Current step =0
  Current step =0
  Current step =0
  Current step =0
  Current step =0
  Current step =0

Particle statistics:
Pair potential minimum h is:  1.2516817e+00
Pair potential energy is:     9.5541963e-07
Bond harmonic potential minimum r is:  3.4349463e+00
Bond harmonic potential maximum r is:  3.5972773e+00
Bond harmonic potential energy is:     5.4462825e-04

Colloid velocities - x y z
[minimum ] -8.4583087e-04 -5.9462410e-04 -4.2940053e-04
[maximum ]  4.7747466e-04  6.0011650e-04  4.3929478e-04
  Current step =0

Scalars - total mean variance min max
[rho]       88473.60  0.80000000000  5.4445337e-13  0.79999808209  0.80000192440
[psi]  0.0000000e+00  0.0000000e+00  0.0000000e+00
[rho]  0.0000000e+00  0.0000000e+00  0.0000000e+00
[rho]  0.0000000e+00  0.0000000e+00  0.0000000e+00
[elc]  0.0000000e+00  0.0000000e+00  0.0000000e+00
[psi]  0.0000000e+00  0.0000000e+00  0.0000000e+00
[rho]  0.0000000e+00  0.0000000e+00  0.0000000e+00
[rho]  0.0000000e+00  0.0000000e+00  0.0000000e+00
[elc]  0.0000000e+00  0.0000000e+00  0.0000000e+00

Free energies - timestep f v f/v f_s a f_s/a
[fe]           1140  0.0000000000e+00  1.1059200000e+05  0.0000000000e+00  0.0000000000e+00

Momentum - x y z
[total   ] -6.2865820e-06  1.9226243e-06 -2.0193496e-06
[fluid   ] -3.7404108e-14  1.3020834e-14 -6.5850103e-15
[colloids]  0.0000000e+00  0.0000000e+00  0.0000000e+00
[subgrid ] -6.2865820e-06  1.9226243e-06 -2.0193496e-06

Total force - x y z
[fluid   ]  5.3065617e-20  1.2918015e-19  6.6778704e-20
[colloids]  0.0000000e+00  0.0000000e+00  0.0000000e+00
[subgrid ] -6.3365390e-04  2.1402410e-04 -1.9552118e-04

Velocity - x y z
[minimum ] -2.1504493e-05 -3.6225113e-05 -1.6062847e-05
[maximum ]  2.0619380e-05  1.9484776e-05  2.6812198e-05

Completed cycle 1140
  Current step =0
  Current step =0
  Current step =0
  Current step =0
  Current step =0
  Current step =0
  Current step =0
  Current step =0
  Current step =0
  Current step =0
  Current step =0
  Current step =0
  Current step =0
  Current step =0
  Current step =0
  Current step =0
  Current step =0
  Current step =0
  Current step =0

Particle statistics:
Pair potential minimum h is:  1.2485034e+00
Pair potential energy is:     9.7609348e-07
Bond harmonic potential minimum r is:  3.4360382e+00
Bond harmonic potential maximum r is:  3.5960981e+00
Bond harmonic potential energy is:     5.2895728e-04

Colloid velocities - x y z
[minimum ] -8.3245426e-04 -5.8137330e-04 -4.2846330e-04
[maximum ]  4.6608086e-04  5.8926115e-04  4.2808902e-04
  Current step =0

Scalars - total mean variance min max
[rho]       88473.60  0.80000000000  1.1892709e-12  0.79999709269  0.80000258187
[psi]  0.0000000e+00  0.0000000e+00  0.0000000e+00
[rho]  0.0000000e+00  0.0000000e+00  0.0000000e+00
[rho]  0.0000000e+00  0.0000000e+00  0.0000000e+00
[elc]  0.0000000e+00  0.0000000e+00  0.0000000e+00
[psi]  0.0000000e+00  0.0000000e+00  0.0000000e+00
[rho]  0.0000000e+00  0.0000000e+00  0.0000000e+00
[rho]  0.0000000e+00  0.0000000e+00  0.0000000e+00
[elc]  0.0000000e+00  0.0000000e+00  0.0000000e+00

Free energies - timestep f v f/v f_s a f_s/a
[fe]           1160  0.0000000000e+00  1.1059200000e+05  0.0000000000e+00  0.0000000000e+00

Momentum - x y z
[total   ] -6.1643935e-06  1.8739345e-06 -2.0363795e-06
[fluid   ] -4.2545828e-14  2.3626934e-14 -5.5129512e-15
[colloids]  0.0000000e+00  0.0000000e+00  0.0000000e+00
[subgrid ] -6.1643934e-06  1.8739344e-06 -2.0363795e-06

Total force - x y z
[fluid   ]  8.3345795e-20  2.3482354e-20 -4.5089095e-20
[colloids]  0.0000000e+00  0.0000000e+00  0.0000000e+00
[subgrid ] -6.2353493e-04  2.0897038e-04 -1.9757488e-04

Velocity - x y z
[minimum ] -2.0287946e-05 -3.6481131e-05 -1.4992047e-05
[maximum ]  2.0403715e-05  1.9399840e-05  2.5343462e-05

Completed cycle 1160
  Current step =0
  Current step =0
  Current step =0
  Current step =0
  Current step =0
  Current step =0
  Current step =0
  Current step =0
  Current step =0
  Current step =0
  Current step =0
  Current step =0
  Current step =0
  Current step =0
  Current step =0
  Current step =0
  Current step =0
  Current step =0
  Current step =0

Particle statistics:
Pair potential minimum h is:  1.2454893e+00
Pair potential energy is:     9.9633267e-07
Bond harmonic potential minimum r is:  3.4370857e+00
Bond harmonic potential maximum r is:  3.5949415e+00
Bond harmonic potential energy is:     5.1390864e-04

Colloid velocities - x y z
[minimum ] -8.1865323e-04 -5.6806483e-04 -4.2753168e-04
[maximum ]  4.5598625e-04  5.8053158e-04  4.1813530e-04
  Current step =0

Scalars - total mean variance min max
[rho]       88473.60  0.80000000000  5.7498450e-13  0.79999823298  0.80000241921
[psi]  0.0000000e+00  0.0000000e+00  0.0000000e+00
[rho]  0.0000000e+00  0.0000000e+00  0.0000000e+00
[rho]  0.0000000e+00  0.0000000e+00  0.0000000e+00
[elc]  0.0000000e+00  0.0000000e+00  0.0000000e+00
[psi]  0.0000000e+00  0.0000000e+00  0.0000000e+00
[rho]  0.0000000e+00  0.0000000e+00  0.0000000e+00
[rho]  0.0000000e+00  0.0000000e+00  0.0000000e+00
[elc]  0.0000000e+00  0.0000000e+00  0.0000000e+00

Free energies - timestep f v f/v f_s a f_s/a
[fe]           1180  0.0000000000e+00  1.1059200000e+05  0.0000000000e+00  0.0000000000e+00

Momentum - x y z
[total   ] -5.9898925e-06  1.8836388e-06 -2.0267195e-06
[fluid   ] -2.4615726e-14  2.7391284e-14 -1.5258628e-14
[colloids]  0.0000000e+00  0.0000000e+00  0.0000000e+00
[subgrid ] -5.9898925e-06  1.8836388e-06 -2.0267195e-06

Total force - x y z
[fluid   ] -1.3327472e-20  4.5034121e-20 -8.5945247e-20
[colloids]  0.0000000e+00  0.0000000e+00  0.0000000e+00
[subgrid ] -6.0714791e-04  2.1016371e-04 -1.9718068e-04

Velocity - x y z
[minimum ] -1.9325631e-05 -3.5316457e-05 -1.4643753e-05
[maximum ]  2.0869847e-05  1.9549309e-05  2.5188476e-05

Completed cycle 1180
  Current step =0
  Current step =0
  Current step =0
  Current step =0
  Current step =0
  Current step =0
  Current step =0
  Current step =0
  Current step =0
  Current step =0
  Current step =0
  Current step =0
  Current step =0
  Current step =0
  Current step =0
  Current step =0
  Current step =0
  Current step =0
  Current step =0

Particle statistics:
Pair potential minimum h is:  1.2426157e+00
Pair potential energy is:     1.0162401e-06
Bond harmonic potential minimum r is:  3.4380995e+00
Bond harmonic potential maximum r is:  3.5938156e+00
Bond harmonic potential energy is:     4.9947265e-04

Colloid velocities - x y z
[minimum ] -8.0646731e-04 -5.5483221e-04 -4.2613322e-04
[maximum ]  4.4741782e-04  5.7086017e-04  4.0829611e-04
  Current step =0
Writing colloid output at step 1200!

colloid_io_write:
writing colloid information to config.cds00001200.001-001 etc

Scalars - total mean variance min max
[rho]       88473.60  0.80000000000  1.5540902e-12  0.79999690006  0.80000316638
[psi]  0.0000000e+00  0.0000000e+00  0.0000000e+00
[rho]  0.0000000e+00  0.0000000e+00  0.0000000e+00
[rho]  0.0000000e+00  0.0000000e+00  0.0000000e+00
[elc]  0.0000000e+00  0.0000000e+00  0.0000000e+00
[psi]  0.0000000e+00  0.0000000e+00  0.0000000e+00
[rho]  0.0000000e+00  0.0000000e+00  0.0000000e+00
[rho]  0.0000000e+00  0.0000000e+00  0.0000000e+00
[elc]  0.0000000e+00  0.0000000e+00  0.0000000e+00

Free energies - timestep f v f/v f_s a f_s/a
[fe]           1200  0.0000000000e+00  1.1059200000e+05  0.0000000000e+00  0.0000000000e+00

Momentum - x y z
[total   ] -5.8806656e-06  1.8795865e-06 -2.0378190e-06
[fluid   ] -2.2197522e-14  2.0500962e-14 -1.2184698e-14
[colloids]  0.0000000e+00  0.0000000e+00  0.0000000e+00
[subgrid ] -5.8806655e-06  1.8795864e-06 -2.0378190e-06

Total force - x y z
[fluid   ]  2.8782241e-20  9.5618293e-20 -8.6822971e-20
[colloids]  0.0000000e+00  0.0000000e+00  0.0000000e+00
[subgrid ] -5.9462255e-04  2.0923144e-04 -1.9830350e-04

Velocity - x y z
[minimum ] -1.9526181e-05 -3.4067734e-05 -1.4693321e-05
[maximum ]  1.9836101e-05  1.9292022e-05  2.4732052e-05

Completed cycle 1200
  Current step =0
  Current step =0
  Current step =0
  Current step =0
  Current step =0
  Current step =0
  Current step =0
  Current step =0
  Current step =0
  Current step =0
  Current step =0
  Current step =0
  Current step =0
  Current step =0
  Current step =0
  Current step =0
  Current step =0
  Current step =0
  Current step =0

Particle statistics:
Pair potential minimum h is:  1.2398777e+00
Pair potential energy is:     1.0358048e-06
Bond harmonic potential minimum r is:  3.4390850e+00
Bond harmonic potential maximum r is:  3.5927183e+00
Bond harmonic potential energy is:     4.8560949e-04

Colloid velocities - x y z
[minimum ] -7.9430501e-04 -5.4274738e-04 -4.2460819e-04
[maximum ]  4.4002789e-04  5.6053704e-04  3.9869360e-04
  Current step =0

Scalars - total mean variance min max
[rho]       88473.60  0.80000000000  2.9887204e-13  0.79999835822  0.80000147523
[psi]  0.0000000e+00  0.0000000e+00  0.0000000e+00
[rho]  0.0000000e+00  0.0000000e+00  0.0000000e+00
[rho]  0.0000000e+00  0.0000000e+00  0.0000000e+00
[elc]  0.0000000e+00  0.0000000e+00  0.0000000e+00
[psi]  0.0000000e+00  0.0000000e+00  0.0000000e+00
[rho]  0.0000000e+00  0.0000000e+00  0.0000000e+00
[rho]  0.0000000e+00  0.0000000e+00  0.0000000e+00
[elc]  0.0000000e+00  0.0000000e+00  0.0000000e+00

Free energies - timestep f v f/v f_s a f_s/a
[fe]           1220  0.0000000000e+00  1.1059200000e+05  0.0000000000e+00  0.0000000000e+00

Momentum - x y z
[total   ] -5.8264769e-06  1.8771982e-06 -2.0715951e-06
[fluid   ] -1.8884200e-14  2.6378205e-14 -8.4307561e-15
[colloids]  0.0000000e+00  0.0000000e+00  0.0000000e+00
[subgrid ] -5.8264769e-06  1.8771982e-06 -2.0715951e-06

Total force - x y z
[fluid   ]  7.7839461e-20  1.6449845e-19 -7.4706736e-20
[colloids]  0.0000000e+00  0.0000000e+00  0.0000000e+00
[subgrid ] -5.8741506e-04  2.0844611e-04 -2.0120624e-04

Velocity - x y z
[minimum ] -1.9871978e-05 -3.3586642e-05 -1.4512916e-05
[maximum ]  1.8917461e-05  1.8463560e-05  2.4186660e-05

Completed cycle 1220
  Current step =0
  Current step =0
  Current step =0
  Current step =0
  Current step =0
  Current step =0
  Current step =0
  Current step =0
  Current step =0
  Current step =0
  Current step =0
  Current step =0
  Current step =0
  Current step =0
  Current step =0
  Current step =0
  Current step =0
  Current step =0
  Current step =0

Particle statistics:
Pair potential minimum h is:  1.2372780e+00
Pair potential energy is:     1.0549239e-06
Bond harmonic potential minimum r is:  3.4400441e+00
Bond harmonic potential maximum r is:  3.5916418e+00
Bond harmonic potential energy is:     4.7227534e-04

Colloid velocities - x y z
[minimum ] -7.8036888e-04 -5.3128144e-04 -4.2227352e-04
[maximum ]  4.3375503e-04  5.5160472e-04  3.9193312e-04
  Current step =0

Scalars - total mean variance min max
[rho]       88473.60  0.80000000000  9.5023989e-13  0.79999740320  0.80000241593
[psi]  0.0000000e+00  0.0000000e+00  0.0000000e+00
[rho]  0.0000000e+00  0.0000000e+00  0.0000000e+00
[rho]  0.0000000e+00  0.0000000e+00  0.0000000e+00
[elc]  0.0000000e+00  0.0000000e+00  0.0000000e+00
[psi]  0.0000000e+00  0.0000000e+00  0.0000000e+00
[rho]  0.0000000e+00  0.0000000e+00  0.0000000e+00
[rho]  0.0000000e+00  0.0000000e+00  0.0000000e+00
[elc]  0.0000000e+00  0.0000000e+00  0.0000000e+00

Free energies - timestep f v f/v f_s a f_s/a
[fe]           1240  0.0000000000e+00  1.1059200000e+05  0.0000000000e+00  0.0000000000e+00

Momentum - x y z
[total   ] -5.7320466e-06  1.8363010e-06 -2.0829125e-06
[fluid   ] -2.3075292e-14  2.6111058e-14 -1.2413681e-14
[colloids]  0.0000000e+00  0.0000000e+00  0.0000000e+00
[subgrid ] -5.7320466e-06  1.8363010e-06 -2.0829125e-06

Total force - x y z
[fluid   ] -6.4127421e-20  4.7074407e-20 -1.0458199e-19
[colloids]  0.0000000e+00  0.0000000e+00  0.0000000e+00
[subgrid ] -5.7884783e-04  2.0473468e-04 -2.0254543e-04

Velocity - x y z
[minimum ] -1.9035249e-05 -3.3548062e-05 -1.3859633e-05
[maximum ]  1.9372898e-05  1.8233633e-05  2.3639790e-05

Completed cycle 1240
  Current step =0
  Current step =0
  Current step =0
  Current step =0
  Current step =0
  Current step =0
  Current step =0
  Current step =0
  Current step =0
  Current step =0
  Current step =0
  Current step =0
  Current step =0
  Current step =0
  Current step =0
  Current step =0
  Current step =0
  Current step =0
  Current step =0

Particle statistics:
Pair potential minimum h is:  1.2348089e+00
Pair potential energy is:     1.0735586e-06
Bond harmonic potential minimum r is:  3.4409789e+00
Bond harmonic potential maximum r is:  3.5905804e+00
Bond harmonic potential energy is:     4.5944104e-04

Colloid velocities - x y z
[minimum ] -7.6599334e-04 -5.1905752e-04 -4.1982966e-04
[maximum ]  4.2773157e-04  5.4279979e-04  3.8471044e-04
  Current step =0

Scalars - total mean variance min max
[rho]       88473.60  0.80000000000  5.7920335e-13  0.79999847254  0.80000276731
[psi]  0.0000000e+00  0.0000000e+00  0.0000000e+00
[rho]  0.0000000e+00  0.0000000e+00  0.0000000e+00
[rho]  0.0000000e+00  0.0000000e+00  0.0000000e+00
[elc]  0.0000000e+00  0.0000000e+00  0.0000000e+00
[psi]  0.0000000e+00  0.0000000e+00  0.0000000e+00
[rho]  0.0000000e+00  0.0000000e+00  0.0000000e+00
[rho]  0.0000000e+00  0.0000000e+00  0.0000000e+00
[elc]  0.0000000e+00  0.0000000e+00  0.0000000e+00

Free energies - timestep f v f/v f_s a f_s/a
[fe]           1260  0.0000000000e+00  1.1059200000e+05  0.0000000000e+00  0.0000000000e+00

Momentum - x y z
[total   ] -5.6014890e-06  1.7842071e-06 -2.0648386e-06
[fluid   ] -2.3540198e-14  2.3307745e-14  2.6159630e-15
[colloids]  0.0000000e+00  0.0000000e+00  0.0000000e+00
[subgrid ] -5.6014890e-06  1.7842071e-06 -2.0648386e-06

Total force - x y z
[fluid   ]  8.6223629e-20  1.0501608e-19  4.5178816e-20
[colloids]  0.0000000e+00  0.0000000e+00  0.0000000e+00
[subgrid ] -5.6786408e-04  1.9935418e-04 -2.0150196e-04

Velocity - x y z
[minimum ] -1.7650415e-05 -3.3072696e-05 -1.3540725e-05
[maximum ]  1.9964476e-05  1.8538480e-05  2.2571129e-05

Completed cycle 1260
  Current step =0
  Current step =0
  Current step =0
  Current step =0
  Current step =0
  Current step =0
  Current step =0
  Current step =0
  Current step =0
  Current step =0
  Current step =0
  Current step =0
  Current step =0
  Current step =0
  Current step =0
  Current step =0
  Current step =0
  Current step =0
  Current step =0

Particle statistics:
Pair potential minimum h is:  1.2324658e+00
Pair potential energy is:     1.0916919e-06
Bond harmonic potential minimum r is:  3.4418888e+00
Bond harmonic potential maximum r is:  3.5895463e+00
Bond harmonic potential energy is:     4.4709371e-04

Colloid velocities - x y z
[minimum ] -7.5308351e-04 -5.0703796e-04 -4.1787678e-04
[maximum ]  4.2072034e-04  5.3401423e-04  3.7713325e-04
  Current step =0

Scalars - total mean variance min max
[rho]       88473.60  0.80000000000  1.1843859e-12  0.79999699803  0.80000274442
[psi]  0.0000000e+00  0.0000000e+00  0.0000000e+00
[rho]  0.0000000e+00  0.0000000e+00  0.0000000e+00
[rho]  0.0000000e+00  0.0000000e+00  0.0000000e+00
[elc]  0.0000000e+00  0.0000000e+00  0.0000000e+00
[psi]  0.0000000e+00  0.0000000e+00  0.0000000e+00
[rho]  0.0000000e+00  0.0000000e+00  0.0000000e+00
[rho]  0.0000000e+00  0.0000000e+00  0.0000000e+00
[elc]  0.0000000e+00  0.0000000e+00  0.0000000e+00

Free energies - timestep f v f/v f_s a f_s/a
[fe]           1280  0.0000000000e+00  1.1059200000e+05  0.0000000000e+00  0.0000000000e+00

Momentum - x y z
[total   ] -5.5243044e-06  1.7559628e-06 -2.0629014e-06
[fluid   ] -3.2050751e-14  3.0055819e-14  1.0894063e-14
[colloids]  0.0000000e+00  0.0000000e+00  0.0000000e+00
[subgrid ] -5.5243044e-06  1.7559627e-06 -2.0629014e-06

Total force - x y z
[fluid   ] -1.7401806e-20  1.1123266e-19 -4.6060920e-20
[colloids]  0.0000000e+00  0.0000000e+00  0.0000000e+00
[subgrid ] -5.5900707e-04  1.9587177e-04 -2.0125818e-04

Velocity - x y z
[minimum ] -1.7768340e-05 -3.1828965e-05 -1.3183026e-05
[maximum ]  1.9014581e-05  1.8235441e-05  2.2367642e-05

Completed cycle 1280
  Current step =0
  Current step =0
  Current step =0
  Current step =0
  Current step =0
  Current step =0
  Current step =0
  Current step =0
  Current step =0
  Current step =0
  Current step =0
  Current step =0
  Current step =0
  Current step =0
  Current step =0
  Current step =0
  Current step =0
  Current step =0
  Current step =0

Particle statistics:
Pair potential minimum h is:  1.2302384e+00
Pair potential energy is:     1.1093588e-06
Bond harmonic potential minimum r is:  3.4427748e+00
Bond harmonic potential maximum r is:  3.5885397e+00
Bond harmonic potential energy is:     4.3521098e-04

Colloid velocities - x y z
[minimum ] -7.4043694e-04 -4.9624508e-04 -4.1494534e-04
[maximum ]  4.1379763e-04  5.2561264e-04  3.7068771e-04
  Current step =0
Writing colloid output at step 1300!

colloid_io_write:
writing colloid information to config.cds00001300.001-001 etc

Scalars - total mean variance min max
[rho]       88473.60  0.80000000000  2.8521630e-13  0.79999824313  0.80000141621
[psi]  0.0000000e+00  0.0000000e+00  0.0000000e+00
[rho]  0.0000000e+00  0.0000000e+00  0.0000000e+00
[rho]  0.0000000e+00  0.0000000e+00  0.0000000e+00
[elc]  0.0000000e+00  0.0000000e+00  0.0000000e+00
[psi]  0.0000000e+00  0.0000000e+00  0.0000000e+00
[rho]  0.0000000e+00  0.0000000e+00  0.0000000e+00
[rho]  0.0000000e+00  0.0000000e+00  0.0000000e+00
[elc]  0.0000000e+00  0.0000000e+00  0.0000000e+00

Free energies - timestep f v f/v f_s a f_s/a
[fe]           1300  0.0000000000e+00  1.1059200000e+05  0.0000000000e+00  0.0000000000e+00

Momentum - x y z
[total   ] -5.4916743e-06  1.7392956e-06 -2.0894075e-06
[fluid   ] -3.2123609e-14  4.2660320e-14  8.7534147e-15
[colloids]  0.0000000e+00  0.0000000e+00  0.0000000e+00
[subgrid ] -5.4916743e-06  1.7392956e-06 -2.0894075e-06

Total force - x y z
[fluid   ]  4.1970384e-20  6.2370991e-20  8.1566752e-20
[colloids]  0.0000000e+00  0.0000000e+00  0.0000000e+00
[subgrid ] -5.5329499e-04  1.9417463e-04 -2.0339436e-04

Velocity - x y z
[minimum ] -1.8507658e-05 -3.1133385e-05 -1.3382215e-05
[maximum ]  1.8478785e-05  1.7516083e-05  2.2397568e-05

Completed cycle 1300
  Current step =0
  Current step =0
  Current step =0
  Current step =0
  Current step =0
  Current step =0
  Current step =0
  Current step =0
  Current step =0
  Current step =0
  Current step =0
  Current step =0
  Current step =0
  Current step =0
  Current step =0
  Current step =0
  Current step =0
  Current step =0
  Current step =0

Particle statistics:
Pair potential minimum h is:  1.2281202e+00
Pair potential energy is:     1.1265543e-06
Bond harmonic potential minimum r is:  3.4436413e+00
Bond harmonic potential maximum r is:  3.5875486e+00
Bond harmonic potential energy is:     4.2376211e-04

Colloid velocities - x y z
[minimum ] -7.2652362e-04 -4.8565545e-04 -4.1156990e-04
[maximum ]  4.0780061e-04  5.1646756e-04  3.6416547e-04
  Current step =0

Scalars - total mean variance min max
[rho]       88473.60  0.80000000000  8.0413454e-13  0.79999791606  0.80000234961
[psi]  0.0000000e+00  0.0000000e+00  0.0000000e+00
[rho]  0.0000000e+00  0.0000000e+00  0.0000000e+00
[rho]  0.0000000e+00  0.0000000e+00  0.0000000e+00
[elc]  0.0000000e+00  0.0000000e+00  0.0000000e+00
[psi]  0.0000000e+00  0.0000000e+00  0.0000000e+00
[rho]  0.0000000e+00  0.0000000e+00  0.0000000e+00
[rho]  0.0000000e+00  0.0000000e+00  0.0000000e+00
[elc]  0.0000000e+00  0.0000000e+00  0.0000000e+00

Free energies - timestep f v f/v f_s a f_s/a
[fe]           1320  0.0000000000e+00  1.1059200000e+05  0.0000000000e+00  0.0000000000e+00

Momentum - x y z
[total   ] -5.4304274e-06  1.7020020e-06 -2.0924735e-06
[fluid   ] -4.8110821e-14  4.9564519e-14 -1.7139068e-15
[colloids]  0.0000000e+00  0.0000000e+00  0.0000000e+00
[subgrid ] -5.4304273e-06  1.7020020e-06 -2.0924735e-06

Total force - x y z
[fluid   ]  6.1181264e-20  9.1493596e-20 -9.6206521e-20
[colloids]  0.0000000e+00  0.0000000e+00  0.0000000e+00
[subgrid ] -5.4816453e-04  1.9030398e-04 -2.0400459e-04

Velocity - x y z
[minimum ] -1.7544716e-05 -3.1243923e-05 -1.2813742e-05
[maximum ]  1.8363372e-05  1.7242158e-05  2.1359154e-05

Completed cycle 1320
  Current step =0
  Current step =0
  Current step =0
  Current step =0
  Current step =0
  Current step =0
  Current step =0
  Current step =0
  Current step =0
  Current step =0
  Current step =0
  Current step =0
  Current step =0
  Current step =0
  Current step =0
  Current step =0
  Current step =0
  Current step =0
  Current step =0

Particle statistics:
Pair potential minimum h is:  1.2261172e+00
Pair potential energy is:     1.1431644e-06
Bond harmonic potential minimum r is:  3.4444876e+00
Bond harmonic potential maximum r is:  3.5865727e+00
Bond harmonic potential energy is:     4.1272492e-04

Colloid velocities - x y z
[minimum ] -7.1194466e-04 -4.7467231e-04 -4.0847168e-04
[maximum ]  4.0407870e-04  5.0839416e-04  3.5733499e-04
  Current step =0

Scalars - total mean variance min max
[rho]       88473.60  0.80000000000  4.4608761e-13  0.79999802583  0.80000177151
[psi]  0.0000000e+00  0.0000000e+00  0.0000000e+00
[rho]  0.0000000e+00  0.0000000e+00  0.0000000e+00
[rho]  0.0000000e+00  0.0000000e+00  0.0000000e+00
[elc]  0.0000000e+00  0.0000000e+00  0.0000000e+00
[psi]  0.0000000e+00  0.0000000e+00  0.0000000e+00
[rho]  0.0000000e+00  0.0000000e+00  0.0000000e+00
[rho]  0.0000000e+00  0.0000000e+00  0.0000000e+00
[elc]  0.0000000e+00  0.0000000e+00  0.0000000e+00

Free energies - timestep f v f/v f_s a f_s/a
[fe]           1340  0.0000000000e+00  1.1059200000e+05  0.0000000000e+00  0.0000000000e+00

Momentum - x y z
[total   ] -5.2890711e-06  1.6389949e-06 -2.0957676e-06
[fluid   ] -3.7130021e-14  4.9207166e-14 -7.6362527e-15
[colloids]  0.0000000e+00  0.0000000e+00  0.0000000e+00
[subgrid ] -5.2890710e-06  1.6389949e-06 -2.0957675e-06

Total force - x y z
[fluid   ]  3.4196158e-20  4.6207405e-20 -4.9675640e-20
[colloids]  0.0000000e+00  0.0000000e+00  0.0000000e+00
[subgrid ] -5.3600816e-04  1.8382581e-04 -2.0484890e-04

Velocity - x y z
[minimum ] -1.6340943e-05 -3.0900665e-05 -1.2623133e-05
[maximum ]  1.8906175e-05  1.7420295e-05  2.0499098e-05

Completed cycle 1340
  Current step =0
  Current step =0
  Current step =0
  Current step =0
  Current step =0
  Current step =0
  Current step =0
  Current step =0
  Current step =0
  Current step =0
  Current step =0
  Current step =0
  Current step =0
  Current step =0
  Current step =0
  Current step =0
  Current step =0
  Current step =0
  Current step =0

Particle statistics:
Pair potential minimum h is:  1.2242239e+00
Pair potential energy is:     1.1591732e-06
Bond harmonic potential minimum r is:  3.4453114e+00
Bond harmonic potential maximum r is:  3.5856175e+00
Bond harmonic potential energy is:     4.0208513e-04

Colloid velocities - x y z
[minimum ] -6.9850713e-04 -4.6388460e-04 -4.0521483e-04
[maximum ]  3.9718070e-04  5.0126554e-04  3.5076727e-04
  Current step =0

Scalars - total mean variance min max
[rho]       88473.60  0.80000000000  8.8951069e-13  0.79999754711  0.80000227229
[psi]  0.0000000e+00  0.0000000e+00  0.0000000e+00
[rho]  0.0000000e+00  0.0000000e+00  0.0000000e+00
[rho]  0.0000000e+00  0.0000000e+00  0.0000000e+00
[elc]  0.0000000e+00  0.0000000e+00  0.0000000e+00
[psi]  0.0000000e+00  0.0000000e+00  0.0000000e+00
[rho]  0.0000000e+00  0.0000000e+00  0.0000000e+00
[rho]  0.0000000e+00  0.0000000e+00  0.0000000e+00
[elc]  0.0000000e+00  0.0000000e+00  0.0000000e+00

Free energies - timestep f v f/v f_s a f_s/a
[fe]           1360  0.0000000000e+00  1.1059200000e+05  0.0000000000e+00  0.0000000000e+00

Momentum - x y z
[total   ] -5.2131478e-06  1.6021359e-06 -2.0860913e-06
[fluid   ] -2.9257846e-14  4.9630439e-14 -1.2274903e-14
[colloids]  0.0000000e+00  0.0000000e+00  0.0000000e+00
[subgrid ] -5.2131478e-06  1.6021358e-06 -2.0860913e-06

Total force - x y z
[fluid   ] -4.4480895e-20  7.2073645e-20 -2.7042034e-21
[colloids]  0.0000000e+00  0.0000000e+00  0.0000000e+00
[subgrid ] -5.2741699e-04  1.8001344e-04 -2.0394949e-04

Velocity - x y z
[minimum ] -1.6505688e-05 -2.9677964e-05 -1.2079730e-05
[maximum ]  1.8993028e-05  1.7253487e-05  2.0604562e-05

Completed cycle 1360
  Current step =0
  Current step =0
  Current step =0
  Current step =0
  Current step =0
  Current step =0
  Current step =0
  Current step =0
  Current step =0
  Current step =0
  Current step =0
  Current step =0
  Current step =0
  Current step =0
  Current step =0
  Current step =0
  Current step =0
  Current step =0
  Current step =0

Particle statistics:
Pair potential minimum h is:  1.2224226e+00
Pair potential energy is:     1.1747042e-06
Bond harmonic potential minimum r is:  3.4461158e+00
Bond harmonic potential maximum r is:  3.5846866e+00
Bond harmonic potential energy is:     3.9182904e-04

Colloid velocities - x y z
[minimum ] -6.8586432e-04 -4.5371557e-04 -4.0154745e-04
[maximum ]  3.9053564e-04  4.9273495e-04  3.4425023e-04
  Current step =0

Scalars - total mean variance min max
[rho]       88473.60  0.80000000000  4.4209081e-13  0.79999813472  0.80000172992
[psi]  0.0000000e+00  0.0000000e+00  0.0000000e+00
[rho]  0.0000000e+00  0.0000000e+00  0.0000000e+00
[rho]  0.0000000e+00  0.0000000e+00  0.0000000e+00
[elc]  0.0000000e+00  0.0000000e+00  0.0000000e+00
[psi]  0.0000000e+00  0.0000000e+00  0.0000000e+00
[rho]  0.0000000e+00  0.0000000e+00  0.0000000e+00
[rho]  0.0000000e+00  0.0000000e+00  0.0000000e+00
[elc]  0.0000000e+00  0.0000000e+00  0.0000000e+00

Free energies - timestep f v f/v f_s a f_s/a
[fe]           1380  0.0000000000e+00  1.1059200000e+05  0.0000000000e+00  0.0000000000e+00

Momentum - x y z
[total   ] -5.1791821e-06  1.5935323e-06 -2.1049187e-06
[fluid   ] -3.4968556e-14  4.3288290e-14 -1.3176960e-14
[colloids]  0.0000000e+00  0.0000000e+00  0.0000000e+00
[subgrid ] -5.1791821e-06  1.5935322e-06 -2.1049187e-06

Total force - x y z
[fluid   ]  4.7699425e-20  1.4587431e-19 -7.6023549e-20
[colloids]  0.0000000e+00  0.0000000e+00  0.0000000e+00
[subgrid ] -5.2215732e-04  1.7862754e-04 -2.0557760e-04

Velocity - x y z
[minimum ] -1.6818537e-05 -2.8990617e-05 -1.2291009e-05
[maximum ]  1.7638303e-05  1.6656923e-05  2.0207608e-05

Completed cycle 1380
  Current step =0
  Current step =0
  Current step =0
  Current step =0
  Current step =0
  Current step =0
  Current step =0
  Current step =0
  Current step =0
  Current step =0
  Current step =0
  Current step =0
  Current step =0
  Current step =0
  Current step =0
  Current step =0
  Current step =0
  Current step =0
  Current step =0

Particle statistics:
Pair potential minimum h is:  1.2207164e+00
Pair potential energy is:     1.1896983e-06
Bond harmonic potential minimum r is:  3.4469026e+00
Bond harmonic potential maximum r is:  3.5837716e+00
Bond harmonic potential energy is:     3.8193372e-04

Colloid velocities - x y z
[minimum ] -6.7222192e-04 -4.4413295e-04 -3.9759700e-04
[maximum ]  3.8453997e-04  4.8453848e-04  3.3814762e-04
  Current step =0
Writing colloid output at step 1400!

colloid_io_write:
writing colloid information to config.cds00001400.001-001 etc

Scalars - total mean variance min max
[rho]       88473.60  0.80000000000  5.2280402e-13  0.79999809366  0.80000172842
[psi]  0.0000000e+00  0.0000000e+00  0.0000000e+00
[rho]  0.0000000e+00  0.0000000e+00  0.0000000e+00
[rho]  0.0000000e+00  0.0000000e+00  0.0000000e+00
[elc]  0.0000000e+00  0.0000000e+00  0.0000000e+00
[psi]  0.0000000e+00  0.0000000e+00  0.0000000e+00
[rho]  0.0000000e+00  0.0000000e+00  0.0000000e+00
[rho]  0.0000000e+00  0.0000000e+00  0.0000000e+00
[elc]  0.0000000e+00  0.0000000e+00  0.0000000e+00

Free energies - timestep f v f/v f_s a f_s/a
[fe]           1400  0.0000000000e+00  1.1059200000e+05  0.0000000000e+00  0.0000000000e+00

Momentum - x y z
[total   ] -5.1216863e-06  1.5702165e-06 -2.1214085e-06
[fluid   ] -4.0422526e-14  4.3923198e-14 -1.4079016e-14
[colloids]  0.0000000e+00  0.0000000e+00  0.0000000e+00
[subgrid ] -5.1216863e-06  1.5702165e-06 -2.1214085e-06

Total force - x y z
[fluid   ]  1.3505781e-20  3.0531908e-20  2.0531314e-20
[colloids]  0.0000000e+00  0.0000000e+00  0.0000000e+00
[subgrid ] -5.1666387e-04  1.7616483e-04 -2.0713592e-04

Velocity - x y z
[minimum ] -1.6435225e-05 -2.9085431e-05 -1.1872189e-05
[maximum ]  1.7440010e-05  1.6243383e-05  1.9470983e-05

Completed cycle 1400
  Current step =0
  Current step =0
  Current step =0
  Current step =0
  Current step =0
  Current step =0
  Current step =0
  Current step =0
  Current step =0
  Current step =0
  Current step =0
  Current step =0
  Current step =0
  Current step =0
  Current step =0
  Current step =0
  Current step =0
  Current step =0
  Current step =0

Particle statistics:
Pair potential minimum h is:  1.2191090e+00
Pair potential energy is:     1.2040571e-06
Bond harmonic potential minimum r is:  3.4476711e+00
Bond harmonic potential maximum r is:  3.5828682e+00
Bond harmonic potential energy is:     3.7237525e-04

Colloid velocities - x y z
[minimum ] -6.5772145e-04 -4.3438522e-04 -3.9348998e-04
[maximum ]  3.7907365e-04  4.7761111e-04  3.3221112e-04
  Current step =0

Scalars - total mean variance min max
[rho]       88473.60  0.80000000000  4.1766590e-13  0.79999848783  0.80000228420
[psi]  0.0000000e+00  0.0000000e+00  0.0000000e+00
[rho]  0.0000000e+00  0.0000000e+00  0.0000000e+00
[rho]  0.0000000e+00  0.0000000e+00  0.0000000e+00
[elc]  0.0000000e+00  0.0000000e+00  0.0000000e+00
[psi]  0.0000000e+00  0.0000000e+00  0.0000000e+00
[rho]  0.0000000e+00  0.0000000e+00  0.0000000e+00
[rho]  0.0000000e+00  0.0000000e+00  0.0000000e+00
[elc]  0.0000000e+00  0.0000000e+00  0.0000000e+00

Free energies - timestep f v f/v f_s a f_s/a
[fe]           1420  0.0000000000e+00  1.1059200000e+05  0.0000000000e+00  0.0000000000e+00

Momentum - x y z
[total   ] -5.0226687e-06  1.5233440e-06 -2.1073831e-06
[fluid   ] -5.0962706e-14  3.3702208e-14 -9.0621954e-15
[colloids]  0.0000000e+00  0.0000000e+00  0.0000000e+00
[subgrid ] -5.0226687e-06  1.5233440e-06 -2.1073830e-06

Total force - x y z
[fluid   ]  7.0021963e-20 -3.9986436e-20 -1.2473579e-21
[colloids]  0.0000000e+00  0.0000000e+00  0.0000000e+00
[subgrid ] -5.0839716e-04  1.7168439e-04 -2.0627851e-04

Velocity - x y z
[minimum ] -1.5360156e-05 -2.8716014e-05 -1.1558788e-05
[maximum ]  1.8506004e-05  1.6350809e-05  1.9015242e-05

Completed cycle 1420
  Current step =0
  Current step =0
  Current step =0
  Current step =0
  Current step =0
  Current step =0
  Current step =0
  Current step =0
  Current step =0
  Current step =0
  Current step =0
  Current step =0
  Current step =0
  Current step =0
  Current step =0
  Current step =0
  Current step =0
  Current step =0
  Current step =0

Particle statistics:
Pair potential minimum h is:  1.2175892e+00
Pair potential energy is:     1.2178398e-06
Bond harmonic potential minimum r is:  3.4484213e+00
Bond harmonic potential maximum r is:  3.5819817e+00
Bond harmonic potential energy is:     3.6314472e-04

Colloid velocities - x y z
[minimum ] -6.4429251e-04 -4.2423983e-04 -3.8947863e-04
[maximum ]  3.7313968e-04  4.7035721e-04  3.2576447e-04
  Current step =0

Scalars - total mean variance min max
[rho]       88473.60  0.80000000000  7.3585582e-13  0.79999795892  0.80000218542
[psi]  0.0000000e+00  0.0000000e+00  0.0000000e+00
[rho]  0.0000000e+00  0.0000000e+00  0.0000000e+00
[rho]  0.0000000e+00  0.0000000e+00  0.0000000e+00
[elc]  0.0000000e+00  0.0000000e+00  0.0000000e+00
[psi]  0.0000000e+00  0.0000000e+00  0.0000000e+00
[rho]  0.0000000e+00  0.0000000e+00  0.0000000e+00
[rho]  0.0000000e+00  0.0000000e+00  0.0000000e+00
[elc]  0.0000000e+00  0.0000000e+00  0.0000000e+00

Free energies - timestep f v f/v f_s a f_s/a
[fe]           1440  0.0000000000e+00  1.1059200000e+05  0.0000000000e+00  0.0000000000e+00

Momentum - x y z
[total   ] -4.9425900e-06  1.4932043e-06 -2.0930758e-06
[fluid   ] -4.2601339e-14  3.4031805e-14 -3.0982161e-15
[colloids]  0.0000000e+00  0.0000000e+00  0.0000000e+00
[subgrid ] -4.9425900e-06  1.4932043e-06 -2.0930758e-06

Total force - x y z
[fluid   ]  2.0420548e-20  6.4797724e-20 -6.5485266e-20
[colloids]  0.0000000e+00  0.0000000e+00  0.0000000e+00
[subgrid ] -5.0044506e-04  1.6821536e-04 -2.0513984e-04

Velocity - x y z
[minimum ] -1.4984601e-05 -2.7824651e-05 -1.1322382e-05
[maximum ]  1.8076666e-05  1.6372495e-05  1.8501633e-05

Completed cycle 1440
  Current step =0
  Current step =0
  Current step =0
  Current step =0
  Current step =0
  Current step =0
  Current step =0
  Current step =0
  Current step =0
  Current step =0
  Current step =0
  Current step =0
  Current step =0
  Current step =0
  Current step =0
  Current step =0
  Current step =0
  Current step =0
  Current step =0

Particle statistics:
Pair potential minimum h is:  1.2161523e+00
Pair potential energy is:     1.2310720e-06
Bond harmonic potential minimum r is:  3.4491535e+00
Bond harmonic potential maximum r is:  3.5811169e+00
Bond harmonic potential energy is:     3.5423226e-04

Colloid velocities - x y z
[minimum ] -6.3183117e-04 -4.1490477e-04 -3.8545238e-04
[maximum ]  3.6672071e-04  4.6292107e-04  3.1963988e-04
  Current step =0

Scalars - total mean variance min max
[rho]       88473.60  0.80000000000  4.6307402e-13  0.79999769278  0.80000146981
[psi]  0.0000000e+00  0.0000000e+00  0.0000000e+00
[rho]  0.0000000e+00  0.0000000e+00  0.0000000e+00
[rho]  0.0000000e+00  0.0000000e+00  0.0000000e+00
[elc]  0.0000000e+00  0.0000000e+00  0.0000000e+00
[psi]  0.0000000e+00  0.0000000e+00  0.0000000e+00
[rho]  0.0000000e+00  0.0000000e+00  0.0000000e+00
[rho]  0.0000000e+00  0.0000000e+00  0.0000000e+00
[elc]  0.0000000e+00  0.0000000e+00  0.0000000e+00

Free energies - timestep f v f/v f_s a f_s/a
[fe]           1460  0.0000000000e+00  1.1059200000e+05  0.0000000000e+00  0.0000000000e+00

Momentum - x y z
[total   ] -4.9065671e-06  1.5107570e-06 -2.1275551e-06
[fluid   ] -3.5364073e-14  3.0603992e-14 -1.0165480e-15
[colloids]  0.0000000e+00  0.0000000e+00  0.0000000e+00
[subgrid ] -4.9065670e-06  1.5107570e-06 -2.1275551e-06

Total force - x y z
[fluid   ]  1.3528273e-19  5.2051716e-20 -8.6849170e-20
[colloids]  0.0000000e+00  0.0000000e+00  0.0000000e+00
[subgrid ] -4.9483127e-04  1.6952824e-04 -2.0818160e-04

Velocity - x y z
[minimum ] -1.5590498e-05 -2.7042804e-05 -1.1168375e-05
[maximum ]  1.7020798e-05  1.5753628e-05  1.8464891e-05

Completed cycle 1460
  Current step =0
  Current step =0
  Current step =0
  Current step =0
  Current step =0
  Current step =0
  Current step =0
  Current step =0
  Current step =0
  Current step =0
  Current step =0
  Current step =0
  Current step =0
  Current step =0
  Current step =0
  Current step =0
  Current step =0
  Current step =0
  Current step =0

Particle statistics:
Pair potential minimum h is:  1.2147942e+00
Pair potential energy is:     1.2437629e-06
Bond harmonic potential minimum r is:  3.4498692e+00
Bond harmonic potential maximum r is:  3.5802681e+00
Bond harmonic potential energy is:     3.4562022e-04

Colloid velocities - x y z
[minimum ] -6.1865833e-04 -4.0628991e-04 -3.8074976e-04
[maximum ]  3.6104528e-04  4.5571082e-04  3.1425038e-04
  Current step =0

Scalars - total mean variance min max
[rho]       88473.60  0.80000000000  3.0131453e-13  0.79999856121  0.80000130075
[psi]  0.0000000e+00  0.0000000e+00  0.0000000e+00
[rho]  0.0000000e+00  0.0000000e+00  0.0000000e+00
[rho]  0.0000000e+00  0.0000000e+00  0.0000000e+00
[elc]  0.0000000e+00  0.0000000e+00  0.0000000e+00
[psi]  0.0000000e+00  0.0000000e+00  0.0000000e+00
[rho]  0.0000000e+00  0.0000000e+00  0.0000000e+00
[rho]  0.0000000e+00  0.0000000e+00  0.0000000e+00
[elc]  0.0000000e+00  0.0000000e+00  0.0000000e+00

Free energies - timestep f v f/v f_s a f_s/a
[fe]           1480  0.0000000000e+00  1.1059200000e+05  0.0000000000e+00  0.0000000000e+00

Momentum - x y z
[total   ] -4.8646197e-06  1.4891412e-06 -2.1419738e-06
[fluid   ] -1.8800933e-14  2.5410229e-14 -6.8001160e-16
[colloids]  0.0000000e+00  0.0000000e+00  0.0000000e+00
[subgrid ] -4.8646197e-06  1.4891411e-06 -2.1419738e-06

Total force - x y z
[fluid   ]  3.7421144e-20  3.7047909e-20  2.3329460e-20
[colloids]  0.0000000e+00  0.0000000e+00  0.0000000e+00
[subgrid ] -4.9020678e-04  1.6744907e-04 -2.0954342e-04

Velocity - x y z
[minimum ] -1.5412562e-05 -2.6956922e-05 -1.1029889e-05
[maximum ]  1.7019609e-05  1.5312140e-05  1.8125423e-05

Completed cycle 1480
  Current step =0
  Current step =0
  Current step =0
  Current step =0
  Current step =0
  Current step =0
  Current step =0
  Current step =0
  Current step =0
  Current step =0
  Current step =0
  Current step =0
  Current step =0
  Current step =0
  Current step =0
  Current step =0
  Current step =0
  Current step =0
  Current step =0

Particle statistics:
Pair potential minimum h is:  1.2135139e+00
Pair potential energy is:     1.2558784e-06
Bond harmonic potential minimum r is:  3.4505704e+00
Bond harmonic potential maximum r is:  3.5794276e+00
Bond harmonic potential energy is:     3.3729034e-04

Colloid velocities - x y z
[minimum ] -6.0471499e-04 -3.9723876e-04 -3.7605542e-04
[maximum ]  3.5593261e-04  4.4857566e-04  3.0850499e-04
  Current step =0
Writing colloid output at step 1500!

colloid_io_write:
writing colloid information to config.cds00001500.001-001 etc

Scalars - total mean variance min max
[rho]       88473.60  0.80000000000  4.5952131e-13  0.79999849246  0.80000229764
[psi]  0.0000000e+00  0.0000000e+00  0.0000000e+00
[rho]  0.0000000e+00  0.0000000e+00  0.0000000e+00
[rho]  0.0000000e+00  0.0000000e+00  0.0000000e+00
[elc]  0.0000000e+00  0.0000000e+00  0.0000000e+00
[psi]  0.0000000e+00  0.0000000e+00  0.0000000e+00
[rho]  0.0000000e+00  0.0000000e+00  0.0000000e+00
[rho]  0.0000000e+00  0.0000000e+00  0.0000000e+00
[elc]  0.0000000e+00  0.0000000e+00  0.0000000e+00

Free energies - timestep f v f/v f_s a f_s/a
[fe]           1500  0.0000000000e+00  1.1059200000e+05  0.0000000000e+00  0.0000000000e+00

Momentum - x y z
[total   ] -4.7742438e-06  1.4517471e-06 -2.1301089e-06
[fluid   ] -1.9477475e-14  1.3759827e-14 -1.3249818e-14
[colloids]  0.0000000e+00  0.0000000e+00  0.0000000e+00
[subgrid ] -4.7742437e-06  1.4517471e-06 -2.1301089e-06

Total force - x y z
[fluid   ]  4.1342761e-20  7.6045398e-20 -1.8597500e-20
[colloids]  0.0000000e+00  0.0000000e+00  0.0000000e+00
[subgrid ] -4.8313078e-04  1.6358942e-04 -2.0889042e-04

Velocity - x y z
[minimum ] -1.4230801e-05 -2.6889210e-05 -1.0856585e-05
[maximum ]  1.7391179e-05  1.5435028e-05  1.7159596e-05

Completed cycle 1500
  Current step =0
  Current step =0
  Current step =0
  Current step =0
  Current step =0
  Current step =0
  Current step =0
  Current step =0
  Current step =0
  Current step =0
  Current step =0
  Current step =0
  Current step =0
  Current step =0
  Current step =0
  Current step =0
  Current step =0
  Current step =0
  Current step =0

Particle statistics:
Pair potential minimum h is:  1.2123131e+00
Pair potential energy is:     1.2673697e-06
Bond harmonic potential minimum r is:  3.4512549e+00
Bond harmonic potential maximum r is:  3.5786019e+00
Bond harmonic potential energy is:     3.2923421e-04

Colloid velocities - x y z
[minimum ] -5.9151308e-04 -3.8804690e-04 -3.7178486e-04
[maximum ]  3.5035725e-04  4.4217621e-04  3.0254222e-04
  Current step =0

Scalars - total mean variance min max
[rho]       88473.60  0.80000000000  4.5885518e-13  0.79999831789  0.80000188096
[psi]  0.0000000e+00  0.0000000e+00  0.0000000e+00
[rho]  0.0000000e+00  0.0000000e+00  0.0000000e+00
[rho]  0.0000000e+00  0.0000000e+00  0.0000000e+00
[elc]  0.0000000e+00  0.0000000e+00  0.0000000e+00
[psi]  0.0000000e+00  0.0000000e+00  0.0000000e+00
[rho]  0.0000000e+00  0.0000000e+00  0.0000000e+00
[rho]  0.0000000e+00  0.0000000e+00  0.0000000e+00
[elc]  0.0000000e+00  0.0000000e+00  0.0000000e+00

Free energies - timestep f v f/v f_s a f_s/a
[fe]           1520  0.0000000000e+00  1.1059200000e+05  0.0000000000e+00  0.0000000000e+00

Momentum - x y z
[total   ] -4.6975424e-06  1.4190384e-06 -2.1124000e-06
[fluid   ] -1.2524703e-14  2.2155888e-14 -1.4301060e-14
[colloids]  0.0000000e+00  0.0000000e+00  0.0000000e+00
[subgrid ] -4.6975423e-06  1.4190384e-06 -2.1124000e-06

Total force - x y z
[fluid   ]  6.9091098e-20  1.3463786e-19 -5.1959803e-20
[colloids]  0.0000000e+00  0.0000000e+00  0.0000000e+00
[subgrid ] -4.7568273e-04  1.6001551e-04 -2.0733932e-04

Velocity - x y z
[minimum ] -1.3883411e-05 -2.6028794e-05 -1.0643431e-05
[maximum ]  1.7372473e-05  1.5401845e-05  1.6970752e-05

Completed cycle 1520
  Current step =0
  Current step =0
  Current step =0
  Current step =0
  Current step =0
  Current step =0
  Current step =0
  Current step =0
  Current step =0
  Current step =0
  Current step =0
  Current step =0
  Current step =0
  Current step =0
  Current step =0
  Current step =0
  Current step =0
  Current step =0
  Current step =0

Particle statistics:
Pair potential minimum h is:  1.2111808e+00
Pair potential energy is:     1.2783241e-06
Bond harmonic potential minimum r is:  3.4519226e+00
Bond harmonic potential maximum r is:  3.5777957e+00
Bond harmonic potential energy is:     3.2144537e-04

Colloid velocities - x y z
[minimum ] -5.7940594e-04 -3.7945053e-04 -3.6710298e-04
[maximum ]  3.4445492e-04  4.3574129e-04  2.9708976e-04
  Current step =0

Scalars - total mean variance min max
[rho]       88473.60  0.80000000000  5.0714988e-13  0.79999789108  0.80000163467
[psi]  0.0000000e+00  0.0000000e+00  0.0000000e+00
[rho]  0.0000000e+00  0.0000000e+00  0.0000000e+00
[rho]  0.0000000e+00  0.0000000e+00  0.0000000e+00
[elc]  0.0000000e+00  0.0000000e+00  0.0000000e+00
[psi]  0.0000000e+00  0.0000000e+00  0.0000000e+00
[rho]  0.0000000e+00  0.0000000e+00  0.0000000e+00
[rho]  0.0000000e+00  0.0000000e+00  0.0000000e+00
[elc]  0.0000000e+00  0.0000000e+00  0.0000000e+00

Free energies - timestep f v f/v f_s a f_s/a
[fe]           1540  0.0000000000e+00  1.1059200000e+05  0.0000000000e+00  0.0000000000e+00

Momentum - x y z
[total   ] -4.6688080e-06  1.4158037e-06 -2.1266278e-06
[fluid   ] -6.1305128e-15  2.6544739e-14 -2.8893554e-14
[colloids]  0.0000000e+00  0.0000000e+00  0.0000000e+00
[subgrid ] -4.6688080e-06  1.4158036e-06 -2.1266277e-06

Total force - x y z
[fluid   ] -8.3833764e-21  1.0254827e-19 -1.0553868e-20
[colloids]  0.0000000e+00  0.0000000e+00  0.0000000e+00
[subgrid ] -4.7086582e-04  1.5946953e-04 -2.0848999e-04

Velocity - x y z
[minimum ] -1.4454055e-05 -2.5199207e-05 -1.0340318e-05
[maximum ]  1.6744295e-05  1.4944406e-05  1.7049742e-05

Completed cycle 1540
  Current step =0
  Current step =0
  Current step =0
  Current step =0
  Current step =0
  Current step =0
  Current step =0
  Current step =0
  Current step =0
  Current step =0
  Current step =0
  Current step =0
  Current step =0
  Current step =0
  Current step =0
  Current step =0
  Current step =0
  Current step =0
  Current step =0

Particle statistics:
Pair potential minimum h is:  1.2101105e+00
Pair potential energy is:     1.2887948e-06
Bond harmonic potential minimum r is:  3.4525769e+00
Bond harmonic potential maximum r is:  3.5770034e+00
Bond harmonic potential energy is:     3.1391084e-04

Colloid velocities - x y z
[minimum ] -5.6701143e-04 -3.7130194e-04 -3.6217752e-04
[maximum ]  3.3898842e-04  4.2847229e-04  2.9174864e-04
  Current step =0

Scalars - total mean variance min max
[rho]       88473.60  0.80000000000  1.8640645e-13  0.79999890920  0.80000116659
[psi]  0.0000000e+00  0.0000000e+00  0.0000000e+00
[rho]  0.0000000e+00  0.0000000e+00  0.0000000e+00
[rho]  0.0000000e+00  0.0000000e+00  0.0000000e+00
[elc]  0.0000000e+00  0.0000000e+00  0.0000000e+00
[psi]  0.0000000e+00  0.0000000e+00  0.0000000e+00
[rho]  0.0000000e+00  0.0000000e+00  0.0000000e+00
[rho]  0.0000000e+00  0.0000000e+00  0.0000000e+00
[elc]  0.0000000e+00  0.0000000e+00  0.0000000e+00

Free energies - timestep f v f/v f_s a f_s/a
[fe]           1560  0.0000000000e+00  1.1059200000e+05  0.0000000000e+00  0.0000000000e+00

Momentum - x y z
[total   ] -4.6342503e-06  1.4059120e-06 -2.1390037e-06
[fluid   ]  3.1363800e-15  3.4423853e-14 -2.8206604e-14
[colloids]  0.0000000e+00  0.0000000e+00  0.0000000e+00
[subgrid ] -4.6342503e-06  1.4059120e-06 -2.1390037e-06

Total force - x y z
[fluid   ]  8.8259698e-20  5.4128019e-20 -9.9130464e-20
[colloids]  0.0000000e+00  0.0000000e+00  0.0000000e+00
[subgrid ] -4.6699949e-04  1.5818377e-04 -2.0964105e-04

Velocity - x y z
[minimum ] -1.4260495e-05 -2.5135608e-05 -1.0323286e-05
[maximum ]  1.6039610e-05  1.4481817e-05  1.6454932e-05

Completed cycle 1560
  Current step =0
  Current step =0
  Current step =0
  Current step =0
  Current step =0
  Current step =0
  Current step =0
  Current step =0
  Current step =0
  Current step =0
  Current step =0
  Current step =0
  Current step =0
  Current step =0
  Current step =0
  Current step =0
  Current step =0
  Current step =0
  Current step =0

Particle statistics:
Pair potential minimum h is:  1.2091083e+00
Pair potential energy is:     1.2986917e-06
Bond harmonic potential minimum r is:  3.4532177e+00
Bond harmonic potential maximum r is:  3.5762203e+00
Bond harmonic potential energy is:     3.0661335e-04

Colloid velocities - x y z
[minimum ] -5.5375861e-04 -3.6311447e-04 -3.5730118e-04
[maximum ]  3.3408778e-04  4.2212870e-04  2.8652701e-04
  Current step =0

Scalars - total mean variance min max
[rho]       88473.60  0.80000000000  4.3520743e-13  0.79999812758  0.80000166800
[psi]  0.0000000e+00  0.0000000e+00  0.0000000e+00
[rho]  0.0000000e+00  0.0000000e+00  0.0000000e+00
[rho]  0.0000000e+00  0.0000000e+00  0.0000000e+00
[elc]  0.0000000e+00  0.0000000e+00  0.0000000e+00
[psi]  0.0000000e+00  0.0000000e+00  0.0000000e+00
[rho]  0.0000000e+00  0.0000000e+00  0.0000000e+00
[rho]  0.0000000e+00  0.0000000e+00  0.0000000e+00
[elc]  0.0000000e+00  0.0000000e+00  0.0000000e+00

Free energies - timestep f v f/v f_s a f_s/a
[fe]           1580  0.0000000000e+00  1.1059200000e+05  0.0000000000e+00  0.0000000000e+00

Momentum - x y z
[total   ] -4.5271612e-06  1.3448967e-06 -2.1183314e-06
[fluid   ] -1.1223661e-14  2.9306418e-14 -1.1626117e-14
[colloids]  0.0000000e+00  0.0000000e+00  0.0000000e+00
[subgrid ] -4.5271612e-06  1.3448966e-06 -2.1183313e-06

Total force - x y z
[fluid   ]  1.3402096e-20  6.1746631e-20 -2.0611139e-20
[colloids]  0.0000000e+00  0.0000000e+00  0.0000000e+00
[subgrid ] -4.5772288e-04  1.5207128e-04 -2.0786306e-04

Velocity - x y z
[minimum ] -1.3399469e-05 -2.5073857e-05 -1.0184030e-05
[maximum ]  1.6530886e-05  1.4481178e-05  1.5848716e-05

Completed cycle 1580
  Current step =0
  Current step =0
  Current step =0
  Current step =0
  Current step =0
  Current step =0
  Current step =0
  Current step =0
  Current step =0
  Current step =0
  Current step =0
  Current step =0
  Current step =0
  Current step =0
  Current step =0
  Current step =0
  Current step =0
  Current step =0
  Current step =0

Particle statistics:
Pair potential minimum h is:  1.2081720e+00
Pair potential energy is:     1.3080028e-06
Bond harmonic potential minimum r is:  3.4538436e+00
Bond harmonic potential maximum r is:  3.5754481e+00
Bond harmonic potential energy is:     2.9954265e-04

Colloid velocities - x y z
[minimum ] -5.4101586e-04 -3.5467658e-04 -3.5247835e-04
[maximum ]  3.2904810e-04  4.1651496e-04  2.8127441e-04
  Current step =0
Writing colloid output at step 1600!

colloid_io_write:
writing colloid information to config.cds00001600.001-001 etc

Scalars - total mean variance min max
[rho]       88473.60  0.80000000000  2.8899105e-13  0.79999865476  0.80000154620
[psi]  0.0000000e+00  0.0000000e+00  0.0000000e+00
[rho]  0.0000000e+00  0.0000000e+00  0.0000000e+00
[rho]  0.0000000e+00  0.0000000e+00  0.0000000e+00
[elc]  0.0000000e+00  0.0000000e+00  0.0000000e+00
[psi]  0.0000000e+00  0.0000000e+00  0.0000000e+00
[rho]  0.0000000e+00  0.0000000e+00  0.0000000e+00
[rho]  0.0000000e+00  0.0000000e+00  0.0000000e+00
[elc]  0.0000000e+00  0.0000000e+00  0.0000000e+00

Free energies - timestep f v f/v f_s a f_s/a
[fe]           1600  0.0000000000e+00  1.1059200000e+05  0.0000000000e+00  0.0000000000e+00

Momentum - x y z
[total   ] -4.4530014e-06  1.3120560e-06 -2.0935943e-06
[fluid   ] -1.5404344e-14  3.8743314e-14 -1.5945578e-14
[colloids]  0.0000000e+00  0.0000000e+00  0.0000000e+00
[subgrid ] -4.4530014e-06  1.3120560e-06 -2.0935943e-06

Total force - x y z
[fluid   ]  2.4334146e-20  3.8495252e-20 -4.4947265e-20
[colloids]  0.0000000e+00  0.0000000e+00  0.0000000e+00
[subgrid ] -4.5080698e-04  1.4872123e-04 -2.0573331e-04

Velocity - x y z
[minimum ] -1.2941399e-05 -2.4354464e-05 -9.8601579e-06
[maximum ]  1.6925448e-05  1.4528441e-05  1.5641608e-05

Completed cycle 1600
  Current step =0
  Current step =0
  Current step =0
  Current step =0
  Current step =0
  Current step =0
  Current step =0
  Current step =0
  Current step =0
  Current step =0
  Current step =0
  Current step =0
  Current step =0
  Current step =0
  Current step =0
  Current step =0
  Current step =0
  Current step =0
  Current step =0

Particle statistics:
Pair potential minimum h is:  1.2072911e+00
Pair potential energy is:     1.3168282e-06
Bond harmonic potential minimum r is:  3.4544555e+00
Bond harmonic potential maximum r is:  3.5746928e+00
Bond harmonic potential energy is:     2.9269778e-04

Colloid velocities - x y z
[minimum ] -5.2950376e-04 -3.4648646e-04 -3.4770695e-04
[maximum ]  3.2350786e-04  4.1011710e-04  2.7587380e-04
  Current step =0

Scalars - total mean variance min max
[rho]       88473.60  0.80000000000  5.0470739e-13  0.79999786579  0.80000178327
[psi]  0.0000000e+00  0.0000000e+00  0.0000000e+00
[rho]  0.0000000e+00  0.0000000e+00  0.0000000e+00
[rho]  0.0000000e+00  0.0000000e+00  0.0000000e+00
[elc]  0.0000000e+00  0.0000000e+00  0.0000000e+00
[psi]  0.0000000e+00  0.0000000e+00  0.0000000e+00
[rho]  0.0000000e+00  0.0000000e+00  0.0000000e+00
[rho]  0.0000000e+00  0.0000000e+00  0.0000000e+00
[elc]  0.0000000e+00  0.0000000e+00  0.0000000e+00

Free energies - timestep f v f/v f_s a f_s/a
[fe]           1620  0.0000000000e+00  1.1059200000e+05  0.0000000000e+00  0.0000000000e+00

Momentum - x y z
[total   ] -4.4183366e-06  1.3036089e-06 -2.0914852e-06
[fluid   ] -2.9389685e-14  2.6426777e-14 -2.5941055e-14
[colloids]  0.0000000e+00  0.0000000e+00  0.0000000e+00
[subgrid ] -4.4183366e-06  1.3036088e-06 -2.0914851e-06

Total force - x y z
[fluid   ]  1.9901234e-20  1.5705013e-20 -8.2525981e-20
[colloids]  0.0000000e+00  0.0000000e+00  0.0000000e+00
[subgrid ] -4.4601656e-04  1.4736080e-04 -2.0538727e-04

Velocity - x y z
[minimum ] -1.3198133e-05 -2.3586785e-05 -9.5529588e-06
[maximum ]  1.5908697e-05  1.4175501e-05  1.5451059e-05

Completed cycle 1620
  Current step =0
  Current step =0
  Current step =0
  Current step =0
  Current step =0
  Current step =0
  Current step =0
  Current step =0
  Current step =0
  Current step =0
  Current step =0
  Current step =0
  Current step =0
  Current step =0
  Current step =0
  Current step =0
  Current step =0
  Current step =0
  Current step =0

Particle statistics:
Pair potential minimum h is:  1.2064647e+00
Pair potential energy is:     1.3251735e-06
Bond harmonic potential minimum r is:  3.4550544e+00
Bond harmonic potential maximum r is:  3.5739521e+00
Bond harmonic potential energy is:     2.8606918e-04

Colloid velocities - x y z
[minimum ] -5.1794127e-04 -3.3903046e-04 -3.4268189e-04
[maximum ]  3.1824196e-04  4.0378578e-04  2.7101706e-04
  Current step =0

Scalars - total mean variance min max
[rho]       88473.60  0.80000000000  1.1679546e-13  0.79999898968  0.80000083504
[psi]  0.0000000e+00  0.0000000e+00  0.0000000e+00
[rho]  0.0000000e+00  0.0000000e+00  0.0000000e+00
[rho]  0.0000000e+00  0.0000000e+00  0.0000000e+00
[elc]  0.0000000e+00  0.0000000e+00  0.0000000e+00
[psi]  0.0000000e+00  0.0000000e+00  0.0000000e+00
[rho]  0.0000000e+00  0.0000000e+00  0.0000000e+00
[rho]  0.0000000e+00  0.0000000e+00  0.0000000e+00
[elc]  0.0000000e+00  0.0000000e+00  0.0000000e+00

Free energies - timestep f v f/v f_s a f_s/a
[fe]           1640  0.0000000000e+00  1.1059200000e+05  0.0000000000e+00  0.0000000000e+00

Momentum - x y z
[total   ] -4.3932105e-06  1.2955300e-06 -2.1030048e-06
[fluid   ] -1.7083557e-14  1.7829488e-14 -2.5229818e-14
[colloids]  0.0000000e+00  0.0000000e+00  0.0000000e+00
[subgrid ] -4.3932105e-06  1.2955300e-06 -2.1030048e-06

Total force - x y z
[fluid   ]  6.8648999e-20 -3.7956857e-20 -7.6110399e-20
[colloids]  0.0000000e+00  0.0000000e+00  0.0000000e+00
[subgrid ] -4.4252621e-04  1.4637214e-04 -2.0624331e-04

Velocity - x y z
[minimum ] -1.3398146e-05 -2.3434766e-05 -9.6312497e-06
[maximum ]  1.5393065e-05  1.3660172e-05  1.5207947e-05

Completed cycle 1640
  Current step =0
  Current step =0
  Current step =0
  Current step =0
  Current step =0
  Current step =0
  Current step =0
  Current step =0
  Current step =0
  Current step =0
  Current step =0
  Current step =0
  Current step =0
  Current step =0
  Current step =0
  Current step =0
  Current step =0
  Current step =0
  Current step =0

Particle statistics:
Pair potential minimum h is:  1.2056937e+00
Pair potential energy is:     1.3330033e-06
Bond harmonic potential minimum r is:  3.4556413e+00
Bond harmonic potential maximum r is:  3.5732192e+00
Bond harmonic potential energy is:     2.7964176e-04

Colloid velocities - x y z
[minimum ] -5.0560732e-04 -3.3159045e-04 -3.3747126e-04
[maximum ]  3.1367806e-04  3.9796307e-04  2.6638120e-04
  Current step =0

Scalars - total mean variance min max
[rho]       88473.60  0.80000000000  3.7070347e-13  0.79999854686  0.80000188454
[psi]  0.0000000e+00  0.0000000e+00  0.0000000e+00
[rho]  0.0000000e+00  0.0000000e+00  0.0000000e+00
[rho]  0.0000000e+00  0.0000000e+00  0.0000000e+00
[elc]  0.0000000e+00  0.0000000e+00  0.0000000e+00
[psi]  0.0000000e+00  0.0000000e+00  0.0000000e+00
[rho]  0.0000000e+00  0.0000000e+00  0.0000000e+00
[rho]  0.0000000e+00  0.0000000e+00  0.0000000e+00
[elc]  0.0000000e+00  0.0000000e+00  0.0000000e+00

Free energies - timestep f v f/v f_s a f_s/a
[fe]           1660  0.0000000000e+00  1.1059200000e+05  0.0000000000e+00  0.0000000000e+00

Momentum - x y z
[total   ] -4.3295859e-06  1.2681475e-06 -2.0954918e-06
[fluid   ] -1.3957585e-14  1.3607171e-14 -3.7310433e-14
[colloids]  0.0000000e+00  0.0000000e+00  0.0000000e+00
[subgrid ] -4.3295859e-06  1.2681475e-06 -2.0954918e-06

Total force - x y z
[fluid   ]  4.0694812e-20  1.1971843e-20  8.4354260e-21
[colloids]  0.0000000e+00  0.0000000e+00  0.0000000e+00
[subgrid ] -4.3728874e-04  1.4373660e-04 -2.0580984e-04

Velocity - x y z
[minimum ] -1.2626884e-05 -2.3386849e-05 -9.5115627e-06
[maximum ]  1.5901200e-05  1.3615933e-05  1.4711164e-05

Completed cycle 1660
  Current step =0
  Current step =0
  Current step =0
  Current step =0
  Current step =0
  Current step =0
  Current step =0
  Current step =0
  Current step =0
  Current step =0
  Current step =0
  Current step =0
  Current step =0
  Current step =0
  Current step =0
  Current step =0
  Current step =0
  Current step =0
  Current step =0

Particle statistics:
Pair potential minimum h is:  1.2049761e+00
Pair potential energy is:     1.3403219e-06
Bond harmonic potential minimum r is:  3.4562160e+00
Bond harmonic potential maximum r is:  3.5724953e+00
Bond harmonic potential energy is:     2.7340795e-04

Colloid velocities - x y z
[minimum ] -4.9361736e-04 -3.2368738e-04 -3.3255521e-04
[maximum ]  3.0903460e-04  3.9230471e-04  2.6131414e-04
  Current step =0

Scalars - total mean variance min max
[rho]       88473.60  0.80000000000  1.9428903e-13  0.79999907749  0.80000144950
[psi]  0.0000000e+00  0.0000000e+00  0.0000000e+00
[rho]  0.0000000e+00  0.0000000e+00  0.0000000e+00
[rho]  0.0000000e+00  0.0000000e+00  0.0000000e+00
[elc]  0.0000000e+00  0.0000000e+00  0.0000000e+00
[psi]  0.0000000e+00  0.0000000e+00  0.0000000e+00
[rho]  0.0000000e+00  0.0000000e+00  0.0000000e+00
[rho]  0.0000000e+00  0.0000000e+00  0.0000000e+00
[elc]  0.0000000e+00  0.0000000e+00  0.0000000e+00

Free energies - timestep f v f/v f_s a f_s/a
[fe]           1680  0.0000000000e+00  1.1059200000e+05  0.0000000000e+00  0.0000000000e+00

Momentum - x y z
[total   ] -4.2418246e-06  1.2554643e-06 -2.0602593e-06
[fluid   ] -1.3267165e-14  2.5295738e-14 -4.1456422e-14
[colloids]  0.0000000e+00  0.0000000e+00  0.0000000e+00
[subgrid ] -4.2418246e-06  1.2554642e-06 -2.0602592e-06

Total force - x y z
[fluid   ]  1.9234777e-20  8.8891936e-20 -8.6445596e-20
[colloids]  0.0000000e+00  0.0000000e+00  0.0000000e+00
[subgrid ] -4.2956002e-04  1.4221433e-04 -2.0266920e-04

Velocity - x y z
[minimum ] -1.1927814e-05 -2.2894104e-05 -9.2522805e-06
[maximum ]  1.5956363e-05  1.3720836e-05  1.4364132e-05

Completed cycle 1680
  Current step =0
  Current step =0
  Current step =0
  Current step =0
  Current step =0
  Current step =0
  Current step =0
  Current step =0
  Current step =0
  Current step =0
  Current step =0
  Current step =0
  Current step =0
  Current step =0
  Current step =0
  Current step =0
  Current step =0
  Current step =0
  Current step =0

Particle statistics:
Pair potential minimum h is:  1.2043090e+00
Pair potential energy is:     1.3471538e-06
Bond harmonic potential minimum r is:  3.4567774e+00
Bond harmonic potential maximum r is:  3.5717865e+00
Bond harmonic potential energy is:     2.6736486e-04

Colloid velocities - x y z
[minimum ] -4.8276040e-04 -3.1615688e-04 -3.2778703e-04
[maximum ]  3.0387175e-04  3.8683425e-04  2.5640962e-04
  Current step =0
Writing colloid output at step 1700!

colloid_io_write:
writing colloid information to config.cds00001700.001-001 etc

Scalars - total mean variance min max
[rho]       88473.60  0.80000000000  4.9282800e-13  0.79999794226  0.80000162615
[psi]  0.0000000e+00  0.0000000e+00  0.0000000e+00
[rho]  0.0000000e+00  0.0000000e+00  0.0000000e+00
[rho]  0.0000000e+00  0.0000000e+00  0.0000000e+00
[elc]  0.0000000e+00  0.0000000e+00  0.0000000e+00
[psi]  0.0000000e+00  0.0000000e+00  0.0000000e+00
[rho]  0.0000000e+00  0.0000000e+00  0.0000000e+00
[rho]  0.0000000e+00  0.0000000e+00  0.0000000e+00
[elc]  0.0000000e+00  0.0000000e+00  0.0000000e+00

Free energies - timestep f v f/v f_s a f_s/a
[fe]           1700  0.0000000000e+00  1.1059200000e+05  0.0000000000e+00  0.0000000000e+00

Momentum - x y z
[total   ] -4.2057015e-06  1.2420896e-06 -2.0537013e-06
[fluid   ] -6.3178629e-15  2.4036328e-14 -4.5304038e-14
[colloids]  0.0000000e+00  0.0000000e+00  0.0000000e+00
[subgrid ] -4.2057015e-06  1.2420895e-06 -2.0537013e-06

Total force - x y z
[fluid   ]  2.1017133e-20  7.8461563e-20 -1.1549431e-20
[colloids]  0.0000000e+00  0.0000000e+00  0.0000000e+00
[subgrid ] -4.2468078e-04  1.4054089e-04 -2.0184268e-04

Velocity - x y z
[minimum ] -1.2286467e-05 -2.2101466e-05 -8.9215176e-06
[maximum ]  1.5400283e-05  1.3388624e-05  1.4250452e-05

Completed cycle 1700
  Current step =0
  Current step =0
  Current step =0
  Current step =0
  Current step =0
  Current step =0
  Current step =0
  Current step =0
  Current step =0
  Current step =0
  Current step =0
  Current step =0
  Current step =0
  Current step =0
  Current step =0
  Current step =0
  Current step =0
  Current step =0
  Current step =0

Particle statistics:
Pair potential minimum h is:  1.2036853e+00
Pair potential energy is:     1.3535729e-06
Bond harmonic potential minimum r is:  3.4573270e+00
Bond harmonic potential maximum r is:  3.5710918e+00
Bond harmonic potential energy is:     2.6150564e-04

Colloid velocities - x y z
[minimum ] -4.7213960e-04 -3.0923739e-04 -3.2263678e-04
[maximum ]  2.9893195e-04  3.8102855e-04  2.5198762e-04
  Current step =0

Scalars - total mean variance min max
[rho]       88473.60  0.80000000000  8.5154106e-14  0.79999918577  0.80000073533
[psi]  0.0000000e+00  0.0000000e+00  0.0000000e+00
[rho]  0.0000000e+00  0.0000000e+00  0.0000000e+00
[rho]  0.0000000e+00  0.0000000e+00  0.0000000e+00
[elc]  0.0000000e+00  0.0000000e+00  0.0000000e+00
[psi]  0.0000000e+00  0.0000000e+00  0.0000000e+00
[rho]  0.0000000e+00  0.0000000e+00  0.0000000e+00
[rho]  0.0000000e+00  0.0000000e+00  0.0000000e+00
[elc]  0.0000000e+00  0.0000000e+00  0.0000000e+00

Free energies - timestep f v f/v f_s a f_s/a
[fe]           1720  0.0000000000e+00  1.1059200000e+05  0.0000000000e+00  0.0000000000e+00

Momentum - x y z
[total   ] -4.1846519e-06  1.2354487e-06 -2.0616544e-06
[fluid   ] -6.1027572e-15  3.9752923e-14 -5.4525828e-14
[colloids]  0.0000000e+00  0.0000000e+00  0.0000000e+00
[subgrid ] -4.1846519e-06  1.2354486e-06 -2.0616544e-06

Total force - x y z
[fluid   ] -7.1977448e-21  9.5735248e-20 -4.1250692e-20
[colloids]  0.0000000e+00  0.0000000e+00  0.0000000e+00
[subgrid ] -4.2140179e-04  1.3972336e-04 -2.0242476e-04

Velocity - x y z
[minimum ] -1.2501367e-05 -2.1832380e-05 -8.9501625e-06
[maximum ]  1.4872456e-05  1.2922642e-05  1.4101645e-05

Completed cycle 1720
  Current step =0
  Current step =0
  Current step =0
  Current step =0
  Current step =0
  Current step =0
  Current step =0
  Current step =0
  Current step =0
  Current step =0
  Current step =0
  Current step =0
  Current step =0
  Current step =0
  Current step =0
  Current step =0
  Current step =0
  Current step =0
  Current step =0

Particle statistics:
Pair potential minimum h is:  1.2031055e+00
Pair potential energy is:     1.3595614e-06
Bond harmonic potential minimum r is:  3.4578666e+00
Bond harmonic potential maximum r is:  3.5704041e+00
Bond harmonic potential energy is:     2.5581917e-04

Colloid velocities - x y z
[minimum ] -4.6087351e-04 -3.0229610e-04 -3.1748125e-04
[maximum ]  2.9458144e-04  3.7518919e-04  2.4752473e-04
  Current step =0

Scalars - total mean variance min max
[rho]       88473.60  0.80000000000  3.0075942e-13  0.79999862165  0.80000152282
[psi]  0.0000000e+00  0.0000000e+00  0.0000000e+00
[rho]  0.0000000e+00  0.0000000e+00  0.0000000e+00
[rho]  0.0000000e+00  0.0000000e+00  0.0000000e+00
[elc]  0.0000000e+00  0.0000000e+00  0.0000000e+00
[psi]  0.0000000e+00  0.0000000e+00  0.0000000e+00
[rho]  0.0000000e+00  0.0000000e+00  0.0000000e+00
[rho]  0.0000000e+00  0.0000000e+00  0.0000000e+00
[elc]  0.0000000e+00  0.0000000e+00  0.0000000e+00

Free energies - timestep f v f/v f_s a f_s/a
[fe]           1740  0.0000000000e+00  1.1059200000e+05  0.0000000000e+00  0.0000000000e+00

Momentum - x y z
[total   ] -4.1296239e-06  1.2152663e-06 -2.0571517e-06
[fluid   ] -2.8449465e-16  3.9388631e-14 -4.6872228e-14
[colloids]  0.0000000e+00  0.0000000e+00  0.0000000e+00
[subgrid ] -4.1296239e-06  1.2152663e-06 -2.0571517e-06

Total force - x y z
[fluid   ]  3.5046489e-20  7.3079477e-20 -7.2521886e-20
[colloids]  0.0000000e+00  0.0000000e+00  0.0000000e+00
[subgrid ] -4.1693836e-04  1.3758260e-04 -2.0218562e-04

Velocity - x y z
[minimum ] -1.1811865e-05 -2.1904183e-05 -8.9490513e-06
[maximum ]  1.4890564e-05  1.2828851e-05  1.3416002e-05

Completed cycle 1740
  Current step =0
  Current step =0
  Current step =0
  Current step =0
  Current step =0
  Current step =0
  Current step =0
  Current step =0
  Current step =0
  Current step =0
  Current step =0
  Current step =0
  Current step =0
  Current step =0
  Current step =0
  Current step =0
  Current step =0
  Current step =0
  Current step =0

Particle statistics:
Pair potential minimum h is:  1.2025739e+00
Pair potential energy is:     1.3650557e-06
Bond harmonic potential minimum r is:  3.4583949e+00
Bond harmonic potential maximum r is:  3.5697245e+00
Bond harmonic potential energy is:     2.5029742e-04

Colloid velocities - x y z
[minimum ] -4.4968302e-04 -2.9516021e-04 -3.1263134e-04
[maximum ]  2.9026136e-04  3.7021848e-04  2.4299256e-04
  Current step =0

Scalars - total mean variance min max
[rho]       88473.60  0.80000000000  1.8074431e-13  0.79999903301  0.80000126072
[psi]  0.0000000e+00  0.0000000e+00  0.0000000e+00
[rho]  0.0000000e+00  0.0000000e+00  0.0000000e+00
[rho]  0.0000000e+00  0.0000000e+00  0.0000000e+00
[elc]  0.0000000e+00  0.0000000e+00  0.0000000e+00
[psi]  0.0000000e+00  0.0000000e+00  0.0000000e+00
[rho]  0.0000000e+00  0.0000000e+00  0.0000000e+00
[rho]  0.0000000e+00  0.0000000e+00  0.0000000e+00
[elc]  0.0000000e+00  0.0000000e+00  0.0000000e+00

Free energies - timestep f v f/v f_s a f_s/a
[fe]           1760  0.0000000000e+00  1.1059200000e+05  0.0000000000e+00  0.0000000000e+00

Momentum - x y z
[total   ] -4.1290024e-06  1.1878257e-06 -2.0678249e-06
[fluid   ] -4.5796700e-16  3.6966957e-14 -7.1897349e-14
[colloids]  0.0000000e+00  0.0000000e+00  0.0000000e+00
[subgrid ] -4.1290024e-06  1.1878256e-06 -2.0678249e-06

Total force - x y z
[fluid   ]  8.5041067e-20  9.3119559e-20 -1.1209424e-19
[colloids]  0.0000000e+00  0.0000000e+00  0.0000000e+00
[subgrid ] -4.1789332e-04  1.3476223e-04 -2.0359175e-04

Velocity - x y z
[minimum ] -1.1211101e-05 -2.1456835e-05 -8.6616580e-06
[maximum ]  1.5288002e-05  1.2892928e-05  1.3286925e-05

Completed cycle 1760
  Current step =0
  Current step =0
  Current step =0
  Current step =0
  Current step =0
  Current step =0
  Current step =0
  Current step =0
  Current step =0
  Current step =0
  Current step =0
  Current step =0
  Current step =0
  Current step =0
  Current step =0
  Current step =0
  Current step =0
  Current step =0
  Current step =0

Particle statistics:
Pair potential minimum h is:  1.2020832e+00
Pair potential energy is:     1.3701256e-06
Bond harmonic potential minimum r is:  3.4589114e+00
Bond harmonic potential maximum r is:  3.5690577e+00
Bond harmonic potential energy is:     2.4493368e-04

Colloid velocities - x y z
[minimum ] -4.3958556e-04 -2.8815155e-04 -3.0776390e-04
[maximum ]  2.8556075e-04  3.6522238e-04  2.3819295e-04
  Current step =0

Scalars - total mean variance min max
[rho]       88473.60  0.80000000000  4.2710280e-13  0.79999821550  0.80000153212
[psi]  0.0000000e+00  0.0000000e+00  0.0000000e+00
[rho]  0.0000000e+00  0.0000000e+00  0.0000000e+00
[rho]  0.0000000e+00  0.0000000e+00  0.0000000e+00
[elc]  0.0000000e+00  0.0000000e+00  0.0000000e+00
[psi]  0.0000000e+00  0.0000000e+00  0.0000000e+00
[rho]  0.0000000e+00  0.0000000e+00  0.0000000e+00
[rho]  0.0000000e+00  0.0000000e+00  0.0000000e+00
[elc]  0.0000000e+00  0.0000000e+00  0.0000000e+00

Free energies - timestep f v f/v f_s a f_s/a
[fe]           1780  0.0000000000e+00  1.1059200000e+05  0.0000000000e+00  0.0000000000e+00

Momentum - x y z
[total   ] -4.0689088e-06  1.1583272e-06 -2.0602720e-06
[fluid   ]  2.2065683e-15  3.2366471e-14 -6.1051858e-14
[colloids]  0.0000000e+00  0.0000000e+00  0.0000000e+00
[subgrid ] -4.0689088e-06  1.1583272e-06 -2.0602719e-06

Total force - x y z
[fluid   ]  2.0973841e-20  3.4465680e-21 -2.6953278e-20
[colloids]  0.0000000e+00  0.0000000e+00  0.0000000e+00
[subgrid ] -4.1098618e-04  1.3154550e-04 -2.0282983e-04

Velocity - x y z
[minimum ] -1.1375877e-05 -2.0727174e-05 -8.4585054e-06
[maximum ]  1.4913517e-05  1.2683014e-05  1.3123616e-05

Completed cycle 1780
  Current step =0
  Current step =0
  Current step =0
  Current step =0
  Current step =0
  Current step =0
  Current step =0
  Current step =0
  Current step =0
  Current step =0
  Current step =0
  Current step =0
  Current step =0
  Current step =0
  Current step =0
  Current step =0
  Current step =0
  Current step =0
  Current step =0

Particle statistics:
Pair potential minimum h is:  1.2016276e+00
Pair potential energy is:     1.3748371e-06
Bond harmonic potential minimum r is:  3.4594177e+00
Bond harmonic potential maximum r is:  3.5684038e+00
Bond harmonic potential energy is:     2.3972886e-04

Colloid velocities - x y z
[minimum ] -4.2995606e-04 -2.8163286e-04 -3.0280064e-04
[maximum ]  2.8084622e-04  3.5955711e-04  2.3328598e-04
  Current step =0
Writing colloid output at step 1800!

colloid_io_write:
writing colloid information to config.cds00001800.001-001 etc

Scalars - total mean variance min max
[rho]       88473.60  0.80000000000  9.4257935e-14  0.79999898554  0.80000067113
[psi]  0.0000000e+00  0.0000000e+00  0.0000000e+00
[rho]  0.0000000e+00  0.0000000e+00  0.0000000e+00
[rho]  0.0000000e+00  0.0000000e+00  0.0000000e+00
[elc]  0.0000000e+00  0.0000000e+00  0.0000000e+00
[psi]  0.0000000e+00  0.0000000e+00  0.0000000e+00
[rho]  0.0000000e+00  0.0000000e+00  0.0000000e+00
[rho]  0.0000000e+00  0.0000000e+00  0.0000000e+00
[elc]  0.0000000e+00  0.0000000e+00  0.0000000e+00

Free energies - timestep f v f/v f_s a f_s/a
[fe]           1800  0.0000000000e+00  1.1059200000e+05  0.0000000000e+00  0.0000000000e+00

Momentum - x y z
[total   ] -4.0434532e-06  1.1403693e-06 -2.0554221e-06
[fluid   ]  2.4008573e-15  3.9183934e-14 -6.0652872e-14
[colloids]  0.0000000e+00  0.0000000e+00  0.0000000e+00
[subgrid ] -4.0434532e-06  1.1403693e-06 -2.0554220e-06

Total force - x y z
[fluid   ]  9.0039252e-20  4.4035727e-20 -1.0874181e-20
[colloids]  0.0000000e+00  0.0000000e+00  0.0000000e+00
[subgrid ] -4.0733726e-04  1.2937692e-04 -2.0211020e-04

Velocity - x y z
[minimum ] -1.1592290e-05 -2.0440084e-05 -8.4586808e-06
[maximum ]  1.4062793e-05  1.2233273e-05  1.2884027e-05

Completed cycle 1800
  Current step =0
  Current step =0
  Current step =0
  Current step =0
  Current step =0
  Current step =0
  Current step =0
  Current step =0
  Current step =0
  Current step =0
  Current step =0
  Current step =0
  Current step =0
  Current step =0
  Current step =0
  Current step =0
  Current step =0
  Current step =0
  Current step =0

Particle statistics:
Pair potential minimum h is:  1.2012104e+00
Pair potential energy is:     1.3791494e-06
Bond harmonic potential minimum r is:  3.4599145e+00
Bond harmonic potential maximum r is:  3.5677580e+00
Bond harmonic potential energy is:     2.3467321e-04

Colloid velocities - x y z
[minimum ] -4.1974821e-04 -2.7538604e-04 -2.9775636e-04
[maximum ]  2.7670891e-04  3.5437604e-04  2.2886340e-04
  Current step =0

Scalars - total mean variance min max
[rho]       88473.60  0.80000000000  2.4058533e-13  0.79999866320  0.80000119455
[psi]  0.0000000e+00  0.0000000e+00  0.0000000e+00
[rho]  0.0000000e+00  0.0000000e+00  0.0000000e+00
[rho]  0.0000000e+00  0.0000000e+00  0.0000000e+00
[elc]  0.0000000e+00  0.0000000e+00  0.0000000e+00
[psi]  0.0000000e+00  0.0000000e+00  0.0000000e+00
[rho]  0.0000000e+00  0.0000000e+00  0.0000000e+00
[rho]  0.0000000e+00  0.0000000e+00  0.0000000e+00
[elc]  0.0000000e+00  0.0000000e+00  0.0000000e+00

Free energies - timestep f v f/v f_s a f_s/a
[fe]           1820  0.0000000000e+00  1.1059200000e+05  0.0000000000e+00  0.0000000000e+00

Momentum - x y z
[total   ] -3.9999164e-06  1.1198719e-06 -2.0507509e-06
[fluid   ]  1.4883927e-15  2.6461472e-14 -7.3257372e-14
[colloids]  0.0000000e+00  0.0000000e+00  0.0000000e+00
[subgrid ] -3.9999164e-06  1.1198719e-06 -2.0507508e-06

Total force - x y z
[fluid   ] -4.6323044e-20  7.7849001e-20  7.7409981e-21
[colloids]  0.0000000e+00  0.0000000e+00  0.0000000e+00
[subgrid ] -4.0346371e-04  1.2732156e-04 -2.0169851e-04

Velocity - x y z
[minimum ] -1.1194112e-05 -2.0465265e-05 -8.3682151e-06
[maximum ]  1.4201172e-05  1.2048526e-05  1.2511530e-05

Completed cycle 1820
  Current step =0
  Current step =0
  Current step =0
  Current step =0
  Current step =0
  Current step =0
  Current step =0
  Current step =0
  Current step =0
  Current step =0
  Current step =0
  Current step =0
  Current step =0
  Current step =0
  Current step =0
  Current step =0
  Current step =0
  Current step =0
  Current step =0

Particle statistics:
Pair potential minimum h is:  1.2008318e+00
Pair potential energy is:     1.3830423e-06
Bond harmonic potential minimum r is:  3.4604016e+00
Bond harmonic potential maximum r is:  3.5671182e+00
Bond harmonic potential energy is:     2.2975826e-04

Colloid velocities - x y z
[minimum ] -4.0947642e-04 -2.6884154e-04 -2.9284230e-04
[maximum ]  2.7279671e-04  3.4970627e-04  2.2449253e-04
  Current step =0

Scalars - total mean variance min max
[rho]       88473.60  0.80000000000  1.4410695e-13  0.79999922257  0.80000149969
[psi]  0.0000000e+00  0.0000000e+00  0.0000000e+00
[rho]  0.0000000e+00  0.0000000e+00  0.0000000e+00
[rho]  0.0000000e+00  0.0000000e+00  0.0000000e+00
[elc]  0.0000000e+00  0.0000000e+00  0.0000000e+00
[psi]  0.0000000e+00  0.0000000e+00  0.0000000e+00
[rho]  0.0000000e+00  0.0000000e+00  0.0000000e+00
[rho]  0.0000000e+00  0.0000000e+00  0.0000000e+00
[elc]  0.0000000e+00  0.0000000e+00  0.0000000e+00

Free energies - timestep f v f/v f_s a f_s/a
[fe]           1840  0.0000000000e+00  1.1059200000e+05  0.0000000000e+00  0.0000000000e+00

Momentum - x y z
[total   ] -3.9344211e-06  1.0915125e-06 -2.0296853e-06
[fluid   ]  3.0322966e-15  2.1600777e-14 -6.7511968e-14
[colloids]  0.0000000e+00  0.0000000e+00  0.0000000e+00
[subgrid ] -3.9344211e-06  1.0915125e-06 -2.0296852e-06

Total force - x y z
[fluid   ]  4.9975600e-21  3.4230491e-20 -2.0154789e-20
[colloids]  0.0000000e+00  0.0000000e+00  0.0000000e+00
[subgrid ] -3.9803299e-04  1.2445901e-04 -1.9997326e-04

Velocity - x y z
[minimum ] -1.0525391e-05 -2.0150815e-05 -8.1224746e-06
[maximum ]  1.4625891e-05  1.2152326e-05  1.2371440e-05

Completed cycle 1840
  Current step =0
  Current step =0
  Current step =0
  Current step =0
  Current step =0
  Current step =0
  Current step =0
  Current step =0
  Current step =0
  Current step =0
  Current step =0
  Current step =0
  Current step =0
  Current step =0
  Current step =0
  Current step =0
  Current step =0
  Current step =0
  Current step =0

Particle statistics:
Pair potential minimum h is:  1.2004876e+00
Pair potential energy is:     1.3865589e-06
Bond harmonic potential minimum r is:  3.4608785e+00
Bond harmonic potential maximum r is:  3.5664895e+00
Bond harmonic potential energy is:     2.2498257e-04

Colloid velocities - x y z
[minimum ] -4.0016378e-04 -2.6227342e-04 -2.8821520e-04
[maximum ]  2.6846576e-04  3.4485969e-04  2.1998505e-04
  Current step =0

Scalars - total mean variance min max
[rho]       88473.60  0.80000000000  3.3728575e-13  0.79999838146  0.80000143621
[psi]  0.0000000e+00  0.0000000e+00  0.0000000e+00
[rho]  0.0000000e+00  0.0000000e+00  0.0000000e+00
[rho]  0.0000000e+00  0.0000000e+00  0.0000000e+00
[elc]  0.0000000e+00  0.0000000e+00  0.0000000e+00
[psi]  0.0000000e+00  0.0000000e+00  0.0000000e+00
[rho]  0.0000000e+00  0.0000000e+00  0.0000000e+00
[rho]  0.0000000e+00  0.0000000e+00  0.0000000e+00
[elc]  0.0000000e+00  0.0000000e+00  0.0000000e+00

Free energies - timestep f v f/v f_s a f_s/a
[fe]           1860  0.0000000000e+00  1.1059200000e+05  0.0000000000e+00  0.0000000000e+00

Momentum - x y z
[total   ] -3.8914966e-06  1.0768090e-06 -2.0148305e-06
[fluid   ]  7.9276863e-15  1.2562867e-14 -6.4951516e-14
[colloids]  0.0000000e+00  0.0000000e+00  0.0000000e+00
[subgrid ] -3.8914966e-06  1.0768090e-06 -2.0148305e-06

Total force - x y z
[fluid   ]  8.0575188e-20  9.6794179e-21 -5.8881010e-20
[colloids]  0.0000000e+00  0.0000000e+00  0.0000000e+00
[subgrid ] -3.9333677e-04  1.2261343e-04 -1.9854067e-04

Velocity - x y z
[minimum ] -1.0495696e-05 -1.9503412e-05 -8.0147633e-06
[maximum ]  1.4143422e-05  1.1992400e-05  1.2237848e-05

Completed cycle 1860
  Current step =0
  Current step =0
  Current step =0
  Current step =0
  Current step =0
  Current step =0
  Current step =0
  Current step =0
  Current step =0
  Current step =0
  Current step =0
  Current step =0
  Current step =0
  Current step =0
  Current step =0
  Current step =0
  Current step =0
  Current step =0
  Current step =0

Particle statistics:
Pair potential minimum h is:  1.2001746e+00
Pair potential energy is:     1.3897398e-06
Bond harmonic potential minimum r is:  3.4613455e+00
Bond harmonic potential maximum r is:  3.5658735e+00
Bond harmonic potential energy is:     2.2034326e-04

Colloid velocities - x y z
[minimum ] -3.9141380e-04 -2.5630704e-04 -2.8347984e-04
[maximum ]  2.6404221e-04  3.3994799e-04  2.1594800e-04
  Current step =0

Scalars - total mean variance min max
[rho]       88473.60  0.80000000000  1.0857981e-13  0.79999877166  0.80000079186
[psi]  0.0000000e+00  0.0000000e+00  0.0000000e+00
[rho]  0.0000000e+00  0.0000000e+00  0.0000000e+00
[rho]  0.0000000e+00  0.0000000e+00  0.0000000e+00
[elc]  0.0000000e+00  0.0000000e+00  0.0000000e+00
[psi]  0.0000000e+00  0.0000000e+00  0.0000000e+00
[rho]  0.0000000e+00  0.0000000e+00  0.0000000e+00
[rho]  0.0000000e+00  0.0000000e+00  0.0000000e+00
[elc]  0.0000000e+00  0.0000000e+00  0.0000000e+00

Free energies - timestep f v f/v f_s a f_s/a
[fe]           1880  0.0000000000e+00  1.1059200000e+05  0.0000000000e+00  0.0000000000e+00

Momentum - x y z
[total   ] -3.8752957e-06  1.0720529e-06 -2.0168032e-06
[fluid   ]  1.0245277e-14  6.4011296e-15 -7.0748962e-14
[colloids]  0.0000000e+00  0.0000000e+00  0.0000000e+00
[subgrid ] -3.8752957e-06  1.0720529e-06 -2.0168031e-06

Total force - x y z
[fluid   ]  2.0944032e-20  1.3435238e-20 -3.7408850e-21
[colloids]  0.0000000e+00  0.0000000e+00  0.0000000e+00
[subgrid ] -3.9038488e-04  1.2190560e-04 -1.9845514e-04

Velocity - x y z
[minimum ] -1.0878682e-05 -1.9131222e-05 -8.1022062e-06
[maximum ]  1.3561518e-05  1.1562972e-05  1.1983772e-05

Completed cycle 1880
  Current step =0
  Current step =0
  Current step =0
  Current step =0
  Current step =0
  Current step =0
  Current step =0
  Current step =0
  Current step =0
  Current step =0
  Current step =0
  Current step =0
  Current step =0
  Current step =0
  Current step =0
  Current step =0
  Current step =0
  Current step =0
  Current step =0

Particle statistics:
Pair potential minimum h is:  1.1998914e+00
Pair potential energy is:     1.3925967e-06
Bond harmonic potential minimum r is:  3.4618042e+00
Bond harmonic potential maximum r is:  3.5652651e+00
Bond harmonic potential energy is:     2.1583234e-04

Colloid velocities - x y z
[minimum ] -3.8225979e-04 -2.5056736e-04 -2.7858642e-04
[maximum ]  2.6014001e-04  3.3499923e-04  2.1219729e-04
  Current step =0
Writing colloid output at step 1900!

colloid_io_write:
writing colloid information to config.cds00001900.001-001 etc

Scalars - total mean variance min max
[rho]       88473.60  0.80000000000  1.6775470e-13  0.79999899153  0.80000110578
[psi]  0.0000000e+00  0.0000000e+00  0.0000000e+00
[rho]  0.0000000e+00  0.0000000e+00  0.0000000e+00
[rho]  0.0000000e+00  0.0000000e+00  0.0000000e+00
[elc]  0.0000000e+00  0.0000000e+00  0.0000000e+00
[psi]  0.0000000e+00  0.0000000e+00  0.0000000e+00
[rho]  0.0000000e+00  0.0000000e+00  0.0000000e+00
[rho]  0.0000000e+00  0.0000000e+00  0.0000000e+00
[elc]  0.0000000e+00  0.0000000e+00  0.0000000e+00

Free energies - timestep f v f/v f_s a f_s/a
[fe]           1900  0.0000000000e+00  1.1059200000e+05  0.0000000000e+00  0.0000000000e+00

Momentum - x y z
[total   ] -3.8397099e-06  1.0587297e-06 -2.0143287e-06
[fluid   ]  7.2788997e-15  5.3221316e-15 -5.9795918e-14
[colloids]  0.0000000e+00  0.0000000e+00  0.0000000e+00
[subgrid ] -3.8397099e-06  1.0587297e-06 -2.0143287e-06

Total force - x y z
[fluid   ]  7.2805262e-20  5.6468688e-20  5.2097927e-21
[colloids]  0.0000000e+00  0.0000000e+00  0.0000000e+00
[subgrid ] -3.8706820e-04  1.2052984e-04 -1.9827227e-04

Velocity - x y z
[minimum ] -1.0542566e-05 -1.9139141e-05 -7.8848438e-06
[maximum ]  1.3527647e-05  1.1356352e-05  1.1614132e-05

Completed cycle 1900
  Current step =0
  Current step =0
  Current step =0
  Current step =0
  Current step =0
  Current step =0
  Current step =0
  Current step =0
  Current step =0
  Current step =0
  Current step =0
  Current step =0
  Current step =0
  Current step =0
  Current step =0
  Current step =0
  Current step =0
  Current step =0
  Current step =0

Particle statistics:
Pair potential minimum h is:  1.1996401e+00
Pair potential energy is:     1.3950964e-06
Bond harmonic potential minimum r is:  3.4622546e+00
Bond harmonic potential maximum r is:  3.5646622e+00
Bond harmonic potential energy is:     2.1144313e-04

Colloid velocities - x y z
[minimum ] -3.7291010e-04 -2.4456516e-04 -2.7394492e-04
[maximum ]  2.5647544e-04  3.3039184e-04  2.0826611e-04
  Current step =0

Scalars - total mean variance min max
[rho]       88473.60  0.80000000000  1.4699353e-13  0.79999908012  0.80000130786
[psi]  0.0000000e+00  0.0000000e+00  0.0000000e+00
[rho]  0.0000000e+00  0.0000000e+00  0.0000000e+00
[rho]  0.0000000e+00  0.0000000e+00  0.0000000e+00
[elc]  0.0000000e+00  0.0000000e+00  0.0000000e+00
[psi]  0.0000000e+00  0.0000000e+00  0.0000000e+00
[rho]  0.0000000e+00  0.0000000e+00  0.0000000e+00
[rho]  0.0000000e+00  0.0000000e+00  0.0000000e+00
[elc]  0.0000000e+00  0.0000000e+00  0.0000000e+00

Free energies - timestep f v f/v f_s a f_s/a
[fe]           1920  0.0000000000e+00  1.1059200000e+05  0.0000000000e+00  0.0000000000e+00

Momentum - x y z
[total   ] -3.7783535e-06  1.0351262e-06 -1.9957814e-06
[fluid   ]  1.1445705e-14  1.6951718e-14 -6.4732941e-14
[colloids]  0.0000000e+00  0.0000000e+00  0.0000000e+00
[subgrid ] -3.7783535e-06  1.0351262e-06 -1.9957813e-06

Total force - x y z
[fluid   ] -1.7815510e-20  1.0282034e-19 -4.6080656e-20
[colloids]  0.0000000e+00  0.0000000e+00  0.0000000e+00
[subgrid ] -3.8215981e-04  1.1804591e-04 -1.9673973e-04

Velocity - x y z
[minimum ] -9.8589183e-06 -1.8960102e-05 -7.6688974e-06
[maximum ]  1.3742265e-05  1.1443739e-05  1.1620666e-05

Completed cycle 1920
  Current step =0
  Current step =0
  Current step =0
  Current step =0
  Current step =0
  Current step =0
  Current step =0
  Current step =0
  Current step =0
  Current step =0
  Current step =0
  Current step =0
  Current step =0
  Current step =0
  Current step =0
  Current step =0
  Current step =0
  Current step =0
  Current step =0

Particle statistics:
Pair potential minimum h is:  1.1994202e+00
Pair potential energy is:     1.3972399e-06
Bond harmonic potential minimum r is:  3.4626955e+00
Bond harmonic potential maximum r is:  3.5640687e+00
Bond harmonic potential energy is:     2.0717332e-04

Colloid velocities - x y z
[minimum ] -3.6432953e-04 -2.4119222e-04 -2.6953590e-04
[maximum ]  2.5248601e-04  3.2619161e-04  2.0437908e-04
  Current step =0

Scalars - total mean variance min max
[rho]       88473.60  0.80000000000  2.3236968e-13  0.79999864858  0.80000128582
[psi]  0.0000000e+00  0.0000000e+00  0.0000000e+00
[rho]  0.0000000e+00  0.0000000e+00  0.0000000e+00
[rho]  0.0000000e+00  0.0000000e+00  0.0000000e+00
[elc]  0.0000000e+00  0.0000000e+00  0.0000000e+00
[psi]  0.0000000e+00  0.0000000e+00  0.0000000e+00
[rho]  0.0000000e+00  0.0000000e+00  0.0000000e+00
[rho]  0.0000000e+00  0.0000000e+00  0.0000000e+00
[elc]  0.0000000e+00  0.0000000e+00  0.0000000e+00

Free energies - timestep f v f/v f_s a f_s/a
[fe]           1940  0.0000000000e+00  1.1059200000e+05  0.0000000000e+00  0.0000000000e+00

Momentum - x y z
[total   ] -3.7344644e-06  1.0180157e-06 -1.9782991e-06
[fluid   ]  1.8342966e-14  1.1338153e-14 -8.7804763e-14
[colloids]  0.0000000e+00  0.0000000e+00  0.0000000e+00
[subgrid ] -3.7344645e-06  1.0180156e-06 -1.9782990e-06

Total force - x y z
[fluid   ] -1.9439333e-20  8.8025683e-20 -5.5787626e-20
[colloids]  0.0000000e+00  0.0000000e+00  0.0000000e+00
[subgrid ] -3.7749572e-04  1.1613536e-04 -1.9505991e-04

Velocity - x y z
[minimum ] -9.8441489e-06 -1.8350289e-05 -7.6471378e-06
[maximum ]  1.3644479e-05  1.1314068e-05  1.1412373e-05

Completed cycle 1940
  Current step =0
  Current step =0
  Current step =0
  Current step =0
  Current step =0
  Current step =0
  Current step =0
  Current step =0
  Current step =0
  Current step =0
  Current step =0
  Current step =0
  Current step =0
  Current step =0
  Current step =0
  Current step =0
  Current step =0
  Current step =0
  Current step =0

Particle statistics:
Pair potential minimum h is:  1.1992250e+00
Pair potential energy is:     1.3991073e-06
Bond harmonic potential minimum r is:  3.4631276e+00
Bond harmonic potential maximum r is:  3.5634869e+00
Bond harmonic potential energy is:     2.0302114e-04

Colloid velocities - x y z
[minimum ] -3.5645107e-04 -2.3756783e-04 -2.6501685e-04
[maximum ]  2.4835923e-04  3.2156612e-04  2.0071951e-04
  Current step =0

Scalars - total mean variance min max
[rho]       88473.60  0.80000000000  1.5865087e-13  0.79999872239  0.80000095702
[psi]  0.0000000e+00  0.0000000e+00  0.0000000e+00
[rho]  0.0000000e+00  0.0000000e+00  0.0000000e+00
[rho]  0.0000000e+00  0.0000000e+00  0.0000000e+00
[elc]  0.0000000e+00  0.0000000e+00  0.0000000e+00
[psi]  0.0000000e+00  0.0000000e+00  0.0000000e+00
[rho]  0.0000000e+00  0.0000000e+00  0.0000000e+00
[rho]  0.0000000e+00  0.0000000e+00  0.0000000e+00
[elc]  0.0000000e+00  0.0000000e+00  0.0000000e+00

Free energies - timestep f v f/v f_s a f_s/a
[fe]           1960  0.0000000000e+00  1.1059200000e+05  0.0000000000e+00  0.0000000000e+00

Momentum - x y z
[total   ] -3.7165827e-06  1.0140710e-06 -1.9761180e-06
[fluid   ]  2.3016311e-14  1.5758228e-14 -9.1298497e-14
[colloids]  0.0000000e+00  0.0000000e+00  0.0000000e+00
[subgrid ] -3.7165827e-06  1.0140710e-06 -1.9761179e-06

Total force - x y z
[fluid   ] -5.2918546e-20  3.9941485e-20 -6.9201062e-20
[colloids]  0.0000000e+00  0.0000000e+00  0.0000000e+00
[subgrid ] -3.7451300e-04  1.1547498e-04 -1.9466288e-04

Velocity - x y z
[minimum ] -1.0115892e-05 -1.7933196e-05 -7.7602743e-06
[maximum ]  1.3019487e-05  1.0959575e-05  1.1079824e-05

Completed cycle 1960
  Current step =0
  Current step =0
  Current step =0
  Current step =0
  Current step =0
  Current step =0
  Current step =0
  Current step =0
  Current step =0
  Current step =0
  Current step =0
  Current step =0
  Current step =0
  Current step =0
  Current step =0
  Current step =0
  Current step =0
  Current step =0
  Current step =0

Particle statistics:
Pair potential minimum h is:  1.1990539e+00
Pair potential energy is:     1.4007040e-06
Bond harmonic potential minimum r is:  3.4635524e+00
Bond harmonic potential maximum r is:  3.5629128e+00
Bond harmonic potential energy is:     1.9898113e-04

Colloid velocities - x y z
[minimum ] -3.4830371e-04 -2.3386528e-04 -2.6046035e-04
[maximum ]  2.4461164e-04  3.1677690e-04  1.9721985e-04
  Current step =0

Scalars - total mean variance min max
[rho]       88473.60  0.80000000000  1.0558221e-13  0.79999918850  0.80000078511
[psi]  0.0000000e+00  0.0000000e+00  0.0000000e+00
[rho]  0.0000000e+00  0.0000000e+00  0.0000000e+00
[rho]  0.0000000e+00  0.0000000e+00  0.0000000e+00
[elc]  0.0000000e+00  0.0000000e+00  0.0000000e+00
[psi]  0.0000000e+00  0.0000000e+00  0.0000000e+00
[rho]  0.0000000e+00  0.0000000e+00  0.0000000e+00
[rho]  0.0000000e+00  0.0000000e+00  0.0000000e+00
[elc]  0.0000000e+00  0.0000000e+00  0.0000000e+00

Free energies - timestep f v f/v f_s a f_s/a
[fe]           1980  0.0000000000e+00  1.1059200000e+05  0.0000000000e+00  0.0000000000e+00

Momentum - x y z
[total   ] -3.6872238e-06  1.0054206e-06 -1.9747802e-06
[fluid   ]  4.8915733e-14  1.9945851e-14 -8.3048152e-14
[colloids]  0.0000000e+00  0.0000000e+00  0.0000000e+00
[subgrid ] -3.6872238e-06  1.0054206e-06 -1.9747802e-06

Total force - x y z
[fluid   ]  7.1683209e-20  1.8858904e-20  1.7742158e-20
[colloids]  0.0000000e+00  0.0000000e+00  0.0000000e+00
[subgrid ] -3.7161086e-04  1.1444589e-04 -1.9448982e-04

Velocity - x y z
[minimum ] -9.9153162e-06 -1.7951079e-05 -7.5910322e-06
[maximum ]  1.2730544e-05  1.0710482e-05  1.0729574e-05

Completed cycle 1980
  Current step =0
  Current step =0
  Current step =0
  Current step =0
  Current step =0
  Current step =0
  Current step =0
  Current step =0
  Current step =0
  Current step =0
  Current step =0
  Current step =0
  Current step =0
  Current step =0
  Current step =0
  Current step =0
  Current step =0
  Current step =0
  Current step =0

Particle statistics:
Pair potential minimum h is:  1.1989111e+00
Pair potential energy is:     1.4019773e-06
Bond harmonic potential minimum r is:  3.4639695e+00
Bond harmonic potential maximum r is:  3.5623438e+00
Bond harmonic potential energy is:     1.9504685e-04

Colloid velocities - x y z
[minimum ] -3.3984323e-04 -2.3040688e-04 -2.5605372e-04
[maximum ]  2.4124742e-04  3.1265157e-04  1.9379620e-04
  Current step =0
Writing distribution output at step 2000!
MPIIO wrote to dist-000002000.001-001
-       dist aggregated  50.430 MB in   0.455 seconds
-       dist wrote       50.430 MB in   0.012 seconds
-       dist rate         4.235 GB per second
Writing colloid output at step 2000!

colloid_io_write:
writing colloid information to config.cds00002000.001-001 etc
Writing electrokinetic data at step 2000!
MPIIO wrote to psi-000002000.001-001
-        psi aggregated   2.654 MB in   0.023 seconds
-        psi wrote        2.654 MB in   0.001 seconds
-        psi rate         2.455 GB per second
MPIIO wrote to qsi-000002000.001-001
-        qsi aggregated   5.198 MB in   0.041 seconds
-        qsi wrote        5.198 MB in   0.002 seconds
-        qsi rate         3.023 GB per second
MPIIO wrote to efield-000002000.001-001
-     efield aggregated   7.741 MB in   0.059 seconds
-     efield wrote        7.741 MB in   0.002 seconds
-     efield rate         3.198 GB per second
Writing rho/velocity output at step 2000!
MPIIO wrote to rho-000002000.001-001
-        rho aggregated   2.654 MB in   0.027 seconds
-        rho wrote        2.654 MB in   0.001 seconds
-        rho rate         2.443 GB per second
MPIIO wrote to vel-000002000.001-001
-        vel aggregated   7.741 MB in   0.083 seconds
-        vel wrote        7.741 MB in   0.002 seconds
-        vel rate         3.223 GB per second

Scalars - total mean variance min max
[rho]       88473.60  0.80000000000  1.3422596e-13  0.79999898481  0.80000122546
[psi]  0.0000000e+00  0.0000000e+00  0.0000000e+00
[rho]  0.0000000e+00  0.0000000e+00  0.0000000e+00
[rho]  0.0000000e+00  0.0000000e+00  0.0000000e+00
[elc]  0.0000000e+00  0.0000000e+00  0.0000000e+00
[psi]  0.0000000e+00  0.0000000e+00  0.0000000e+00
[rho]  0.0000000e+00  0.0000000e+00  0.0000000e+00
[rho]  0.0000000e+00  0.0000000e+00  0.0000000e+00
[elc]  0.0000000e+00  0.0000000e+00  0.0000000e+00

Free energies - timestep f v f/v f_s a f_s/a
[fe]           2000  0.0000000000e+00  1.1059200000e+05  0.0000000000e+00  0.0000000000e+00

Momentum - x y z
[total   ] -3.6498785e-06  9.5783324e-07 -1.9679996e-06
[fluid   ]  3.8948011e-14  2.5413699e-14 -8.6063101e-14
[colloids]  0.0000000e+00  0.0000000e+00  0.0000000e+00
[subgrid ] -3.6498785e-06  9.5783322e-07 -1.9679995e-06

Total force - x y z
[fluid   ] -5.6348759e-21  2.8004173e-20 -6.7639308e-20
[colloids]  0.0000000e+00  0.0000000e+00  0.0000000e+00
[subgrid ] -3.6888007e-04  1.0967790e-04 -1.9407544e-04

Velocity - x y z
[minimum ] -9.3618061e-06 -1.7807689e-05 -7.3011384e-06
[maximum ]  1.3121262e-05  1.0748667e-05  1.0753609e-05

Completed cycle 2000
  Current step =0
  Current step =0
  Current step =0
  Current step =0
  Current step =0
  Current step =0
  Current step =0
  Current step =0
  Current step =0
  Current step =0
  Current step =0
  Current step =0
  Current step =0
  Current step =0
  Current step =0
  Current step =0
  Current step =0
  Current step =0
  Current step =0

Particle statistics:
Pair potential minimum h is:  1.1987937e+00
Pair potential energy is:     1.4029550e-06
Bond harmonic potential minimum r is:  3.4643783e+00
Bond harmonic potential maximum r is:  3.5617825e+00
Bond harmonic potential energy is:     1.9121605e-04

Colloid velocities - x y z
[minimum ] -3.3201447e-04 -2.2712930e-04 -2.5182356e-04
[maximum ]  2.3765907e-04  3.0865767e-04  1.9025906e-04
  Current step =0

Scalars - total mean variance min max
[rho]       88473.60  0.80000000000  1.6842083e-13  0.79999893254  0.80000116408
[psi]  0.0000000e+00  0.0000000e+00  0.0000000e+00
[rho]  0.0000000e+00  0.0000000e+00  0.0000000e+00
[rho]  0.0000000e+00  0.0000000e+00  0.0000000e+00
[elc]  0.0000000e+00  0.0000000e+00  0.0000000e+00
[psi]  0.0000000e+00  0.0000000e+00  0.0000000e+00
[rho]  0.0000000e+00  0.0000000e+00  0.0000000e+00
[rho]  0.0000000e+00  0.0000000e+00  0.0000000e+00
[elc]  0.0000000e+00  0.0000000e+00  0.0000000e+00

Free energies - timestep f v f/v f_s a f_s/a
[fe]           2020  0.0000000000e+00  1.1059200000e+05  0.0000000000e+00  0.0000000000e+00

Momentum - x y z
[total   ] -3.6039520e-06  9.4148332e-07 -1.9499752e-06
[fluid   ]  2.0611984e-14  2.5077163e-14 -8.2042012e-14
[colloids]  0.0000000e+00  0.0000000e+00  0.0000000e+00
[subgrid ] -3.6039520e-06  9.4148329e-07 -1.9499751e-06

Total force - x y z
[fluid   ] -5.4451708e-20  1.7002969e-20 -1.6026812e-20
[colloids]  0.0000000e+00  0.0000000e+00  0.0000000e+00
[subgrid ] -3.6438375e-04  1.0785210e-04 -1.9244668e-04

Velocity - x y z
[minimum ] -9.1733483e-06 -1.7294135e-05 -7.3181315e-06
[maximum ]  1.3056154e-05  1.0708900e-05  1.0726507e-05

Completed cycle 2020
  Current step =0
  Current step =0
  Current step =0
  Current step =0
  Current step =0
  Current step =0
  Current step =0
  Current step =0
  Current step =0
  Current step =0
  Current step =0
  Current step =0
  Current step =0
  Current step =0
  Current step =0
  Current step =0
  Current step =0
  Current step =0
  Current step =0

Particle statistics:
Pair potential minimum h is:  1.1986974e+00
Pair potential energy is:     1.4036886e-06
Bond harmonic potential minimum r is:  3.4647793e+00
Bond harmonic potential maximum r is:  3.5612319e+00
Bond harmonic potential energy is:     1.8748764e-04

Colloid velocities - x y z
[minimum ] -3.2491934e-04 -2.2364954e-04 -2.4767478e-04
[maximum ]  2.3384561e-04  3.0429452e-04  1.8678786e-04
  Current step =0

Scalars - total mean variance min max
[rho]       88473.60  0.80000000000  1.8818280e-13  0.79999861758  0.80000092313
[psi]  0.0000000e+00  0.0000000e+00  0.0000000e+00
[rho]  0.0000000e+00  0.0000000e+00  0.0000000e+00
[rho]  0.0000000e+00  0.0000000e+00  0.0000000e+00
[elc]  0.0000000e+00  0.0000000e+00  0.0000000e+00
[psi]  0.0000000e+00  0.0000000e+00  0.0000000e+00
[rho]  0.0000000e+00  0.0000000e+00  0.0000000e+00
[rho]  0.0000000e+00  0.0000000e+00  0.0000000e+00
[elc]  0.0000000e+00  0.0000000e+00  0.0000000e+00

Free energies - timestep f v f/v f_s a f_s/a
[fe]           2040  0.0000000000e+00  1.1059200000e+05  0.0000000000e+00  0.0000000000e+00

Momentum - x y z
[total   ] -3.5839046e-06  9.3865993e-07 -1.9453502e-06
[fluid   ]  2.6426777e-14  4.0540488e-14 -8.1733231e-14
[colloids]  0.0000000e+00  0.0000000e+00  0.0000000e+00
[subgrid ] -3.5839047e-06  9.3865989e-07 -1.9453501e-06

Total force - x y z
[fluid   ]  4.7985846e-20 -1.7077885e-20 -2.1942601e-20
[colloids]  0.0000000e+00  0.0000000e+00  0.0000000e+00
[subgrid ] -3.6134181e-04  1.0723312e-04 -1.9180912e-04

Velocity - x y z
[minimum ] -9.4198524e-06 -1.6869774e-05 -7.4039736e-06
[maximum ]  1.2383149e-05  1.0378077e-05  1.0356204e-05

Completed cycle 2040
  Current step =0
  Current step =0
  Current step =0
  Current step =0
  Current step =0
  Current step =0
  Current step =0
  Current step =0
  Current step =0
  Current step =0
  Current step =0
  Current step =0
  Current step =0
  Current step =0
  Current step =0
  Current step =0
  Current step =0
  Current step =0
  Current step =0

Particle statistics:
Pair potential minimum h is:  1.1986221e+00
Pair potential energy is:     1.4041837e-06
Bond harmonic potential minimum r is:  3.4651732e+00
Bond harmonic potential maximum r is:  3.5606895e+00
Bond harmonic potential energy is:     1.8385662e-04

Colloid velocities - x y z
[minimum ] -3.1768555e-04 -2.1999696e-04 -2.4340234e-04
[maximum ]  2.3035110e-04  3.0001122e-04  1.8368099e-04
  Current step =0

Scalars - total mean variance min max
[rho]       88473.60  0.80000000000  8.2378548e-14  0.79999933147  0.80000062677
[psi]  0.0000000e+00  0.0000000e+00  0.0000000e+00
[rho]  0.0000000e+00  0.0000000e+00  0.0000000e+00
[rho]  0.0000000e+00  0.0000000e+00  0.0000000e+00
[elc]  0.0000000e+00  0.0000000e+00  0.0000000e+00
[psi]  0.0000000e+00  0.0000000e+00  0.0000000e+00
[rho]  0.0000000e+00  0.0000000e+00  0.0000000e+00
[rho]  0.0000000e+00  0.0000000e+00  0.0000000e+00
[elc]  0.0000000e+00  0.0000000e+00  0.0000000e+00

Free energies - timestep f v f/v f_s a f_s/a
[fe]           2060  0.0000000000e+00  1.1059200000e+05  0.0000000000e+00  0.0000000000e+00

Momentum - x y z
[total   ] -3.5653533e-06  9.5292243e-07 -1.9337100e-06
[fluid   ]  1.4228202e-14  3.8493514e-14 -8.0466883e-14
[colloids]  0.0000000e+00  0.0000000e+00  0.0000000e+00
[subgrid ] -3.5653533e-06  9.5292239e-07 -1.9337099e-06

Total force - x y z
[fluid   ] -4.1580959e-20  3.2568220e-20 -5.0349573e-20
[colloids]  0.0000000e+00  0.0000000e+00  0.0000000e+00
[subgrid ] -3.5913935e-04  1.0858699e-04 -1.9053308e-04

Velocity - x y z
[minimum ] -9.3963498e-06 -1.6812940e-05 -7.3327699e-06
[maximum ]  1.2186808e-05  1.0095498e-05  1.0024539e-05

Completed cycle 2060
  Current step =0
  Current step =0
  Current step =0
  Current step =0
  Current step =0
  Current step =0
  Current step =0
  Current step =0
  Current step =0
  Current step =0
  Current step =0
  Current step =0
  Current step =0
  Current step =0
  Current step =0
  Current step =0
  Current step =0
  Current step =0
  Current step =0

Particle statistics:
Pair potential minimum h is:  1.1985689e+00
Pair potential energy is:     1.4044222e-06
Bond harmonic potential minimum r is:  3.4655606e+00
Bond harmonic potential maximum r is:  3.5601513e+00
Bond harmonic potential energy is:     1.8031663e-04

Colloid velocities - x y z
[minimum ] -3.1011247e-04 -2.1662395e-04 -2.3920108e-04
[maximum ]  2.2723604e-04  2.9599592e-04  1.8056044e-04
  Current step =0

Scalars - total mean variance min max
[rho]       88473.60  0.80000000000  1.4033219e-13  0.79999915365  0.80000130145
[psi]  0.0000000e+00  0.0000000e+00  0.0000000e+00
[rho]  0.0000000e+00  0.0000000e+00  0.0000000e+00
[rho]  0.0000000e+00  0.0000000e+00  0.0000000e+00
[elc]  0.0000000e+00  0.0000000e+00  0.0000000e+00
[psi]  0.0000000e+00  0.0000000e+00  0.0000000e+00
[rho]  0.0000000e+00  0.0000000e+00  0.0000000e+00
[rho]  0.0000000e+00  0.0000000e+00  0.0000000e+00
[elc]  0.0000000e+00  0.0000000e+00  0.0000000e+00

Free energies - timestep f v f/v f_s a f_s/a
[fe]           2080  0.0000000000e+00  1.1059200000e+05  0.0000000000e+00  0.0000000000e+00

Momentum - x y z
[total   ] -3.5154626e-06  9.3337887e-07 -1.9188881e-06
[fluid   ]  1.3537782e-14  4.5328324e-14 -7.8680118e-14
[colloids]  0.0000000e+00  0.0000000e+00  0.0000000e+00
[subgrid ] -3.5154627e-06  9.3337882e-07 -1.9188881e-06

Total force - x y z
[fluid   ]  1.4846568e-20  3.4569869e-21 -2.5312879e-20
[colloids]  0.0000000e+00  0.0000000e+00  0.0000000e+00
[subgrid ] -3.5511323e-04  1.0660148e-04 -1.8930769e-04

Velocity - x y z
[minimum ] -8.8420205e-06 -1.6751796e-05 -7.0424329e-06
[maximum ]  1.2434364e-05  1.0127419e-05  1.0057229e-05

Completed cycle 2080
  Current step =0
  Current step =0
  Current step =0
  Current step =0
  Current step =0
  Current step =0
  Current step =0
  Current step =0
  Current step =0
  Current step =0
  Current step =0
  Current step =0
  Current step =0
  Current step =0
  Current step =0
  Current step =0
  Current step =0
  Current step =0
  Current step =0

Particle statistics:
Pair potential minimum h is:  1.1985378e+00
Pair potential energy is:     1.4043988e-06
Bond harmonic potential minimum r is:  3.4659409e+00
Bond harmonic potential maximum r is:  3.5596198e+00
Bond harmonic potential energy is:     1.7686623e-04

Colloid velocities - x y z
[minimum ] -3.0297870e-04 -2.1345924e-04 -2.3530080e-04
[maximum ]  2.2394732e-04  2.9219604e-04  1.7725019e-04
  Current step =0
Writing colloid output at step 2100!

colloid_io_write:
writing colloid information to config.cds00002100.001-001 etc

Scalars - total mean variance min max
[rho]       88473.60  0.80000000000  1.2245760e-13  0.79999915550  0.80000102698
[psi]  0.0000000e+00  0.0000000e+00  0.0000000e+00
[rho]  0.0000000e+00  0.0000000e+00  0.0000000e+00
[rho]  0.0000000e+00  0.0000000e+00  0.0000000e+00
[elc]  0.0000000e+00  0.0000000e+00  0.0000000e+00
[psi]  0.0000000e+00  0.0000000e+00  0.0000000e+00
[rho]  0.0000000e+00  0.0000000e+00  0.0000000e+00
[rho]  0.0000000e+00  0.0000000e+00  0.0000000e+00
[elc]  0.0000000e+00  0.0000000e+00  0.0000000e+00

Free energies - timestep f v f/v f_s a f_s/a
[fe]           2100  0.0000000000e+00  1.1059200000e+05  0.0000000000e+00  0.0000000000e+00

Momentum - x y z
[total   ] -3.4683823e-06  9.1733347e-07 -1.8981896e-06
[fluid   ]  2.0719537e-14  4.8194088e-14 -8.6243512e-14
[colloids]  0.0000000e+00  0.0000000e+00  0.0000000e+00
[subgrid ] -3.4683823e-06  9.1733342e-07 -1.8981895e-06

Total force - x y z
[fluid   ]  2.1917939e-20  1.0721245e-19 -1.0227300e-20
[colloids]  0.0000000e+00  0.0000000e+00  0.0000000e+00
[subgrid ] -3.5075572e-04  1.0478537e-04 -1.8741434e-04

Velocity - x y z
[minimum ] -8.6511240e-06 -1.6327301e-05 -6.9755972e-06
[maximum ]  1.2380581e-05  1.0113125e-05  1.0110179e-05

Completed cycle 2100
  Current step =0
  Current step =0
  Current step =0
  Current step =0
  Current step =0
  Current step =0
  Current step =0
  Current step =0
  Current step =0
  Current step =0
  Current step =0
  Current step =0
  Current step =0
  Current step =0
  Current step =0
  Current step =0
  Current step =0
  Current step =0
  Current step =0

Particle statistics:
Pair potential minimum h is:  1.1985258e+00
Pair potential energy is:     1.4041532e-06
Bond harmonic potential minimum r is:  3.4663136e+00
Bond harmonic potential maximum r is:  3.5590982e+00
Bond harmonic potential energy is:     1.7350477e-04

Colloid velocities - x y z
[minimum ] -2.9657597e-04 -2.1010897e-04 -2.3142352e-04
[maximum ]  2.2040271e-04  2.8836392e-04  1.7414280e-04
  Current step =0

Scalars - total mean variance min max
[rho]       88473.60  0.80000000000  1.8673951e-13  0.79999864863  0.80000092220
[psi]  0.0000000e+00  0.0000000e+00  0.0000000e+00
[rho]  0.0000000e+00  0.0000000e+00  0.0000000e+00
[rho]  0.0000000e+00  0.0000000e+00  0.0000000e+00
[elc]  0.0000000e+00  0.0000000e+00  0.0000000e+00
[psi]  0.0000000e+00  0.0000000e+00  0.0000000e+00
[rho]  0.0000000e+00  0.0000000e+00  0.0000000e+00
[rho]  0.0000000e+00  0.0000000e+00  0.0000000e+00
[elc]  0.0000000e+00  0.0000000e+00  0.0000000e+00

Free energies - timestep f v f/v f_s a f_s/a
[fe]           2120  0.0000000000e+00  1.1059200000e+05  0.0000000000e+00  0.0000000000e+00

Momentum - x y z
[total   ] -3.4478585e-06  9.1210632e-07 -1.8893944e-06
[fluid   ]  1.8953589e-14  4.6726512e-14 -8.5403906e-14
[colloids]  0.0000000e+00  0.0000000e+00  0.0000000e+00
[subgrid ] -3.4478585e-06  9.1210627e-07 -1.8893943e-06

Total force - x y z
[fluid   ]  5.3672135e-20  4.4311235e-20  5.9028155e-21
[colloids]  0.0000000e+00  0.0000000e+00  0.0000000e+00
[subgrid ] -3.4770169e-04  1.0403465e-04 -1.8638878e-04

Velocity - x y z
[minimum ] -8.8649901e-06 -1.5869974e-05 -7.0952906e-06
[maximum ]  1.1953929e-05  9.8238970e-06  9.6982213e-06

Completed cycle 2120
  Current step =0
  Current step =0
  Current step =0
  Current step =0
  Current step =0
  Current step =0
  Current step =0
  Current step =0
  Current step =0
  Current step =0
  Current step =0
  Current step =0
  Current step =0
  Current step =0
  Current step =0
  Current step =0
  Current step =0
  Current step =0
  Current step =0

Particle statistics:
Pair potential minimum h is:  1.1985299e+00
Pair potential energy is:     1.4037227e-06
Bond harmonic potential minimum r is:  3.4666800e+00
Bond harmonic potential maximum r is:  3.5585844e+00
Bond harmonic potential energy is:     1.7022909e-04

Colloid velocities - x y z
[minimum ] -2.9019317e-04 -2.0664055e-04 -2.2743356e-04
[maximum ]  2.1708078e-04  2.8422906e-04  1.7124113e-04
  Current step =0

Scalars - total mean variance min max
[rho]       88473.60  0.80000000000  4.8738791e-14  0.79999939649  0.80000055574
[psi]  0.0000000e+00  0.0000000e+00  0.0000000e+00
[rho]  0.0000000e+00  0.0000000e+00  0.0000000e+00
[rho]  0.0000000e+00  0.0000000e+00  0.0000000e+00
[elc]  0.0000000e+00  0.0000000e+00  0.0000000e+00
[psi]  0.0000000e+00  0.0000000e+00  0.0000000e+00
[rho]  0.0000000e+00  0.0000000e+00  0.0000000e+00
[rho]  0.0000000e+00  0.0000000e+00  0.0000000e+00
[elc]  0.0000000e+00  0.0000000e+00  0.0000000e+00

Free energies - timestep f v f/v f_s a f_s/a
[fe]           2140  0.0000000000e+00  1.1059200000e+05  0.0000000000e+00  0.0000000000e+00

Momentum - x y z
[total   ] -3.4284701e-06  9.0803904e-07 -1.8867064e-06
[fluid   ]  2.1812413e-14  5.4931754e-14 -7.1571221e-14
[colloids]  0.0000000e+00  0.0000000e+00  0.0000000e+00
[subgrid ] -3.4284702e-06  9.0803899e-07 -1.8867063e-06

Total force - x y z
[fluid   ]  1.0508237e-20  4.8956737e-20 -4.2034934e-20
[colloids]  0.0000000e+00  0.0000000e+00  0.0000000e+00
[subgrid ] -3.4531531e-04  1.0346917e-04 -1.8602732e-04

Velocity - x y z
[minimum ] -8.8447949e-06 -1.5781533e-05 -7.0655802e-06
[maximum ]  1.1590072e-05  9.5490337e-06  9.3794092e-06

Completed cycle 2140
  Current step =0
  Current step =0
  Current step =0
  Current step =0
  Current step =0
  Current step =0
  Current step =0
  Current step =0
  Current step =0
  Current step =0
  Current step =0
  Current step =0
  Current step =0
  Current step =0
  Current step =0
  Current step =0
  Current step =0
  Current step =0
  Current step =0

Particle statistics:
Pair potential minimum h is:  1.1985526e+00
Pair potential energy is:     1.4030757e-06
Bond harmonic potential minimum r is:  3.4670407e+00
Bond harmonic potential maximum r is:  3.5580750e+00
Bond harmonic potential energy is:     1.6703417e-04

Colloid velocities - x y z
[minimum ] -2.8343575e-04 -2.0335868e-04 -2.2355847e-04
[maximum ]  2.1411408e-04  2.8036070e-04  1.6834077e-04
  Current step =0

Scalars - total mean variance min max
[rho]       88473.60  0.80000000000  1.0347279e-13  0.79999909457  0.80000105012
[psi]  0.0000000e+00  0.0000000e+00  0.0000000e+00
[rho]  0.0000000e+00  0.0000000e+00  0.0000000e+00
[rho]  0.0000000e+00  0.0000000e+00  0.0000000e+00
[elc]  0.0000000e+00  0.0000000e+00  0.0000000e+00
[psi]  0.0000000e+00  0.0000000e+00  0.0000000e+00
[rho]  0.0000000e+00  0.0000000e+00  0.0000000e+00
[rho]  0.0000000e+00  0.0000000e+00  0.0000000e+00
[elc]  0.0000000e+00  0.0000000e+00  0.0000000e+00

Free energies - timestep f v f/v f_s a f_s/a
[fe]           2160  0.0000000000e+00  1.1059200000e+05  0.0000000000e+00  0.0000000000e+00

Momentum - x y z
[total   ] -3.3857554e-06  8.9308366e-07 -1.8735312e-06
[fluid   ]  1.9505231e-14  5.7995275e-14 -7.8149293e-14
[colloids]  0.0000000e+00  0.0000000e+00  0.0000000e+00
[subgrid ] -3.3857554e-06  8.9308360e-07 -1.8735312e-06

Total force - x y z
[fluid   ]  8.8632680e-20  6.2253218e-20  1.7384891e-20
[colloids]  0.0000000e+00  0.0000000e+00  0.0000000e+00
[subgrid ] -3.4185662e-04  1.0190344e-04 -1.8487638e-04

Velocity - x y z
[minimum ] -8.5268001e-06 -1.5771665e-05 -6.7893086e-06
[maximum ]  1.1714205e-05  9.5333653e-06  9.4326694e-06

Completed cycle 2160
  Current step =0
  Current step =0
  Current step =0
  Current step =0
  Current step =0
  Current step =0
  Current step =0
  Current step =0
  Current step =0
  Current step =0
  Current step =0
  Current step =0
  Current step =0
  Current step =0
  Current step =0
  Current step =0
  Current step =0
  Current step =0
  Current step =0

Particle statistics:
Pair potential minimum h is:  1.1985952e+00
Pair potential energy is:     1.4021942e-06
Bond harmonic potential minimum r is:  3.4673948e+00
Bond harmonic potential maximum r is:  3.5575711e+00
Bond harmonic potential energy is:     1.6391685e-04

Colloid velocities - x y z
[minimum ] -2.7695692e-04 -2.0032563e-04 -2.1958476e-04
[maximum ]  2.1109014e-04  2.7695529e-04  1.6541215e-04
  Current step =0

Scalars - total mean variance min max
[rho]       88473.60  0.80000000000  9.4368957e-14  0.79999934511  0.80000090580
[psi]  0.0000000e+00  0.0000000e+00  0.0000000e+00
[rho]  0.0000000e+00  0.0000000e+00  0.0000000e+00
[rho]  0.0000000e+00  0.0000000e+00  0.0000000e+00
[elc]  0.0000000e+00  0.0000000e+00  0.0000000e+00
[psi]  0.0000000e+00  0.0000000e+00  0.0000000e+00
[rho]  0.0000000e+00  0.0000000e+00  0.0000000e+00
[rho]  0.0000000e+00  0.0000000e+00  0.0000000e+00
[elc]  0.0000000e+00  0.0000000e+00  0.0000000e+00

Free energies - timestep f v f/v f_s a f_s/a
[fe]           2180  0.0000000000e+00  1.1059200000e+05  0.0000000000e+00  0.0000000000e+00

Momentum - x y z
[total   ] -3.3509174e-06  8.4692809e-07 -1.8669208e-06
[fluid   ]  2.4705932e-14  6.6922162e-14 -8.6475965e-14
[colloids]  0.0000000e+00  0.0000000e+00  0.0000000e+00
[subgrid ] -3.3509175e-06  8.4692803e-07 -1.8669207e-06

Total force - x y z
[fluid   ] -1.0205127e-20  2.0511191e-20  8.3549212e-21
[colloids]  0.0000000e+00  0.0000000e+00  0.0000000e+00
[subgrid ] -3.3880437e-04  9.7178677e-05 -1.8441476e-04

Velocity - x y z
[minimum ] -8.4165837e-06 -1.5407503e-05 -6.6931836e-06
[maximum ]  1.1880679e-05  9.5398701e-06  9.4239478e-06

Completed cycle 2180
  Current step =0
  Current step =0
  Current step =0
  Current step =0
  Current step =0
  Current step =0
  Current step =0
  Current step =0
  Current step =0
  Current step =0
  Current step =0
  Current step =0
  Current step =0
  Current step =0
  Current step =0
  Current step =0
  Current step =0
  Current step =0
  Current step =0

Particle statistics:
Pair potential minimum h is:  1.1986531e+00
Pair potential energy is:     1.4011320e-06
Bond harmonic potential minimum r is:  3.4677422e+00
Bond harmonic potential maximum r is:  3.5570759e+00
Bond harmonic potential energy is:     1.6087661e-04

Colloid velocities - x y z
[minimum ] -2.7116337e-04 -1.9703733e-04 -2.1581701e-04
[maximum ]  2.0780732e-04  2.7329847e-04  1.6249028e-04
  Current step =0
Writing colloid output at step 2200!

colloid_io_write:
writing colloid information to config.cds00002200.001-001 etc

Scalars - total mean variance min max
[rho]       88473.60  0.80000000000  1.8152146e-13  0.79999871214  0.80000100335
[psi]  0.0000000e+00  0.0000000e+00  0.0000000e+00
[rho]  0.0000000e+00  0.0000000e+00  0.0000000e+00
[rho]  0.0000000e+00  0.0000000e+00  0.0000000e+00
[elc]  0.0000000e+00  0.0000000e+00  0.0000000e+00
[psi]  0.0000000e+00  0.0000000e+00  0.0000000e+00
[rho]  0.0000000e+00  0.0000000e+00  0.0000000e+00
[rho]  0.0000000e+00  0.0000000e+00  0.0000000e+00
[elc]  0.0000000e+00  0.0000000e+00  0.0000000e+00

Free energies - timestep f v f/v f_s a f_s/a
[fe]           2200  0.0000000000e+00  1.1059200000e+05  0.0000000000e+00  0.0000000000e+00

Momentum - x y z
[total   ] -3.3241101e-06  8.4375772e-07 -1.8546121e-06
[fluid   ]  1.6722734e-14  6.9073219e-14 -9.7474112e-14
[colloids]  0.0000000e+00  0.0000000e+00  0.0000000e+00
[subgrid ] -3.3241101e-06  8.4375765e-07 -1.8546120e-06

Total force - x y z
[fluid   ] -1.4036074e-20  6.5482495e-20 -1.4257447e-20
[colloids]  0.0000000e+00  0.0000000e+00  0.0000000e+00
[subgrid ] -3.3539399e-04  9.6601122e-05 -1.8312328e-04

Velocity - x y z
[minimum ] -8.5364246e-06 -1.4964763e-05 -6.7910568e-06
[maximum ]  1.1435399e-05  9.3195723e-06  9.1700018e-06

Completed cycle 2200
  Current step =0
  Current step =0
  Current step =0
  Current step =0
  Current step =0
  Current step =0
  Current step =0
  Current step =0
  Current step =0
  Current step =0
  Current step =0
  Current step =0
  Current step =0
  Current step =0
  Current step =0
  Current step =0
  Current step =0
  Current step =0
  Current step =0

Particle statistics:
Pair potential minimum h is:  1.1987248e+00
Pair potential energy is:     1.3999113e-06
Bond harmonic potential minimum r is:  3.4680837e+00
Bond harmonic potential maximum r is:  3.5565885e+00
Bond harmonic potential energy is:     1.5791237e-04

Colloid velocities - x y z
[minimum ] -2.6584549e-04 -1.9340008e-04 -2.1239388e-04
[maximum ]  2.0463154e-04  2.6942409e-04  1.5976731e-04
  Current step =0

Scalars - total mean variance min max
[rho]       88473.60  0.80000000000  4.4075854e-14  0.79999948288  0.80000040332
[psi]  0.0000000e+00  0.0000000e+00  0.0000000e+00
[rho]  0.0000000e+00  0.0000000e+00  0.0000000e+00
[rho]  0.0000000e+00  0.0000000e+00  0.0000000e+00
[elc]  0.0000000e+00  0.0000000e+00  0.0000000e+00
[psi]  0.0000000e+00  0.0000000e+00  0.0000000e+00
[rho]  0.0000000e+00  0.0000000e+00  0.0000000e+00
[rho]  0.0000000e+00  0.0000000e+00  0.0000000e+00
[elc]  0.0000000e+00  0.0000000e+00  0.0000000e+00

Free energies - timestep f v f/v f_s a f_s/a
[fe]           2220  0.0000000000e+00  1.1059200000e+05  0.0000000000e+00  0.0000000000e+00

Momentum - x y z
[total   ] -3.3064627e-06  8.4029064e-07 -1.8637664e-06
[fluid   ]  1.9904217e-14  6.5083355e-14 -9.7543501e-14
[colloids]  0.0000000e+00  0.0000000e+00  0.0000000e+00
[subgrid ] -3.3064627e-06  8.4029057e-07 -1.8637663e-06

Total force - x y z
[fluid   ]  2.1400915e-20  2.9994196e-20 -9.7844334e-20
[colloids]  0.0000000e+00  0.0000000e+00  0.0000000e+00
[subgrid ] -3.3303935e-04  9.6052882e-05 -1.8389331e-04

Velocity - x y z
[minimum ] -8.5482470e-06 -1.4843700e-05 -6.7933559e-06
[maximum ]  1.1001754e-05  9.0309744e-06  8.8486320e-06

Completed cycle 2220
  Current step =0
  Current step =0
  Current step =0
  Current step =0
  Current step =0
  Current step =0
  Current step =0
  Current step =0
  Current step =0
  Current step =0
  Current step =0
  Current step =0
  Current step =0
  Current step =0
  Current step =0
  Current step =0
  Current step =0
  Current step =0
  Current step =0

Particle statistics:
Pair potential minimum h is:  1.1988124e+00
Pair potential energy is:     1.3985070e-06
Bond harmonic potential minimum r is:  3.4684198e+00
Bond harmonic potential maximum r is:  3.5561056e+00
Bond harmonic potential energy is:     1.5501938e-04

Colloid velocities - x y z
[minimum ] -2.6010946e-04 -1.8999275e-04 -2.0894276e-04
[maximum ]  2.0183152e-04  2.6588176e-04  1.5719767e-04
  Current step =0

Scalars - total mean variance min max
[rho]       88473.60  0.80000000000  9.8809849e-14  0.79999915691  0.80000096365
[psi]  0.0000000e+00  0.0000000e+00  0.0000000e+00
[rho]  0.0000000e+00  0.0000000e+00  0.0000000e+00
[rho]  0.0000000e+00  0.0000000e+00  0.0000000e+00
[elc]  0.0000000e+00  0.0000000e+00  0.0000000e+00
[psi]  0.0000000e+00  0.0000000e+00  0.0000000e+00
[rho]  0.0000000e+00  0.0000000e+00  0.0000000e+00
[rho]  0.0000000e+00  0.0000000e+00  0.0000000e+00
[elc]  0.0000000e+00  0.0000000e+00  0.0000000e+00

Free energies - timestep f v f/v f_s a f_s/a
[fe]           2240  0.0000000000e+00  1.1059200000e+05  0.0000000000e+00  0.0000000000e+00

Momentum - x y z
[total   ] -3.2698814e-06  8.2731062e-07 -1.8522457e-06
[fluid   ]  2.1888741e-14  5.9473260e-14 -9.6384706e-14
[colloids]  0.0000000e+00  0.0000000e+00  0.0000000e+00
[subgrid ] -3.2698814e-06  8.2731056e-07 -1.8522456e-06

Total force - x y z
[fluid   ]  1.7227050e-21  2.5464082e-20  2.4349434e-20
[colloids]  0.0000000e+00  0.0000000e+00  0.0000000e+00
[subgrid ] -3.2992591e-04  9.4746773e-05 -1.8285678e-04

Velocity - x y z
[minimum ] -8.3383016e-06 -1.4832806e-05 -6.5744619e-06
[maximum ]  1.1170665e-05  8.9740192e-06  8.7673442e-06

Completed cycle 2240
  Current step =0
  Current step =0
  Current step =0
  Current step =0
  Current step =0
  Current step =0
  Current step =0
  Current step =0
  Current step =0
  Current step =0
  Current step =0
  Current step =0
  Current step =0
  Current step =0
  Current step =0
  Current step =0
  Current step =0
  Current step =0
  Current step =0

Particle statistics:
Pair potential minimum h is:  1.1989160e+00
Pair potential energy is:     1.3969146e-06
Bond harmonic potential minimum r is:  3.4687502e+00
Bond harmonic potential maximum r is:  3.5556272e+00
Bond harmonic potential energy is:     1.5219465e-04

Colloid velocities - x y z
[minimum ] -2.5442208e-04 -1.8694556e-04 -2.0563869e-04
[maximum ]  1.9905982e-04  2.6256975e-04  1.5448666e-04
  Current step =0

Scalars - total mean variance min max
[rho]       88473.60  0.80000000000  6.0174088e-14  0.79999949589  0.80000088222
[psi]  0.0000000e+00  0.0000000e+00  0.0000000e+00
[rho]  0.0000000e+00  0.0000000e+00  0.0000000e+00
[rho]  0.0000000e+00  0.0000000e+00  0.0000000e+00
[elc]  0.0000000e+00  0.0000000e+00  0.0000000e+00
[psi]  0.0000000e+00  0.0000000e+00  0.0000000e+00
[rho]  0.0000000e+00  0.0000000e+00  0.0000000e+00
[rho]  0.0000000e+00  0.0000000e+00  0.0000000e+00
[elc]  0.0000000e+00  0.0000000e+00  0.0000000e+00

Free energies - timestep f v f/v f_s a f_s/a
[fe]           2260  0.0000000000e+00  1.1059200000e+05  0.0000000000e+00  0.0000000000e+00

Momentum - x y z
[total   ] -3.2242221e-06  8.1131633e-07 -1.8315627e-06
[fluid   ]  2.9826835e-14  5.9729999e-14 -1.1136925e-13
[colloids]  0.0000000e+00  0.0000000e+00  0.0000000e+00
[subgrid ] -3.2242221e-06  8.1131627e-07 -1.8315626e-06

Total force - x y z
[fluid   ] -2.5923522e-20  5.0835100e-20 -8.0064530e-20
[colloids]  0.0000000e+00  0.0000000e+00  0.0000000e+00
[subgrid ] -3.2598699e-04  9.3035288e-05 -1.8101277e-04

Velocity - x y z
[minimum ] -8.1381486e-06 -1.4563595e-05 -6.4277643e-06
[maximum ]  1.1285138e-05  9.0150891e-06  8.8680842e-06

Completed cycle 2260
  Current step =0
  Current step =0
  Current step =0
  Current step =0
  Current step =0
  Current step =0
  Current step =0
  Current step =0
  Current step =0
  Current step =0
  Current step =0
  Current step =0
  Current step =0
  Current step =0
  Current step =0
  Current step =0
  Current step =0
  Current step =0
  Current step =0

Particle statistics:
Pair potential minimum h is:  1.1990336e+00
Pair potential energy is:     1.3951588e-06
Bond harmonic potential minimum r is:  3.4690745e+00
Bond harmonic potential maximum r is:  3.5551566e+00
Bond harmonic potential energy is:     1.4943811e-04

Colloid velocities - x y z
[minimum ] -2.4930846e-04 -1.8392116e-04 -2.0246111e-04
[maximum ]  1.9601432e-04  2.5919663e-04  1.5175639e-04
  Current step =0

Scalars - total mean variance min max
[rho]       88473.60  0.80000000000  1.7308377e-13  0.79999878187  0.80000091886
[psi]  0.0000000e+00  0.0000000e+00  0.0000000e+00
[rho]  0.0000000e+00  0.0000000e+00  0.0000000e+00
[rho]  0.0000000e+00  0.0000000e+00  0.0000000e+00
[elc]  0.0000000e+00  0.0000000e+00  0.0000000e+00
[psi]  0.0000000e+00  0.0000000e+00  0.0000000e+00
[rho]  0.0000000e+00  0.0000000e+00  0.0000000e+00
[rho]  0.0000000e+00  0.0000000e+00  0.0000000e+00
[elc]  0.0000000e+00  0.0000000e+00  0.0000000e+00

Free energies - timestep f v f/v f_s a f_s/a
[fe]           2280  0.0000000000e+00  1.1059200000e+05  0.0000000000e+00  0.0000000000e+00

Momentum - x y z
[total   ] -3.1980508e-06  8.0446248e-07 -1.8180176e-06
[fluid   ]  4.8294702e-14  6.4625388e-14 -1.1027290e-13
[colloids]  0.0000000e+00  0.0000000e+00  0.0000000e+00
[subgrid ] -3.1980509e-06  8.0446242e-07 -1.8180175e-06

Total force - x y z
[fluid   ]  5.4399691e-20  6.7973224e-21 -5.2475052e-20
[colloids]  0.0000000e+00  0.0000000e+00  0.0000000e+00
[subgrid ] -3.2282574e-04  9.2097007e-05 -1.7961288e-04

Velocity - x y z
[minimum ] -8.2120431e-06 -1.4141174e-05 -6.4908001e-06
[maximum ]  1.0923048e-05  8.8306168e-06  8.6688188e-06

Completed cycle 2280
  Current step =0
  Current step =0
  Current step =0
  Current step =0
  Current step =0
  Current step =0
  Current step =0
  Current step =0
  Current step =0
  Current step =0
  Current step =0
  Current step =0
  Current step =0
  Current step =0
  Current step =0
  Current step =0
  Current step =0
  Current step =0
  Current step =0

Particle statistics:
Pair potential minimum h is:  1.1991630e+00
Pair potential energy is:     1.3932695e-06
Bond harmonic potential minimum r is:  3.4693932e+00
Bond harmonic potential maximum r is:  3.5546938e+00
Bond harmonic potential energy is:     1.4674828e-04

Colloid velocities - x y z
[minimum ] -2.4438107e-04 -1.8074734e-04 -1.9917485e-04
[maximum ]  1.9302400e-04  2.5569761e-04  1.4928824e-04
  Current step =0
Writing colloid output at step 2300!

colloid_io_write:
writing colloid information to config.cds00002300.001-001 etc

Scalars - total mean variance min max
[rho]       88473.60  0.80000000000  3.4527936e-14  0.79999935589  0.80000039623
[psi]  0.0000000e+00  0.0000000e+00  0.0000000e+00
[rho]  0.0000000e+00  0.0000000e+00  0.0000000e+00
[rho]  0.0000000e+00  0.0000000e+00  0.0000000e+00
[elc]  0.0000000e+00  0.0000000e+00  0.0000000e+00
[psi]  0.0000000e+00  0.0000000e+00  0.0000000e+00
[rho]  0.0000000e+00  0.0000000e+00  0.0000000e+00
[rho]  0.0000000e+00  0.0000000e+00  0.0000000e+00
[elc]  0.0000000e+00  0.0000000e+00  0.0000000e+00

Free energies - timestep f v f/v f_s a f_s/a
[fe]           2300  0.0000000000e+00  1.1059200000e+05  0.0000000000e+00  0.0000000000e+00

Momentum - x y z
[total   ] -3.1833059e-06  8.0189785e-07 -1.8135215e-06
[fluid   ]  3.3209546e-14  5.9712651e-14 -9.8299840e-14
[colloids]  0.0000000e+00  0.0000000e+00  0.0000000e+00
[subgrid ] -3.1833059e-06  8.0189779e-07 -1.8135214e-06

Total force - x y z
[fluid   ]  3.0035019e-21  3.9996877e-21 -7.6557642e-20
[colloids]  0.0000000e+00  0.0000000e+00  0.0000000e+00
[subgrid ] -3.2061476e-04  9.1685588e-05 -1.7901199e-04

Velocity - x y z
[minimum ] -8.3136423e-06 -1.3959790e-05 -6.5468503e-06
[maximum ]  1.0565789e-05  8.5486107e-06  8.2874670e-06

Completed cycle 2300
  Current step =0
  Current step =0
  Current step =0
  Current step =0
  Current step =0
  Current step =0
  Current step =0
  Current step =0
  Current step =0
  Current step =0
  Current step =0
  Current step =0
  Current step =0
  Current step =0
  Current step =0
  Current step =0
  Current step =0
  Current step =0
  Current step =0

Particle statistics:
Pair potential minimum h is:  1.1993045e+00
Pair potential energy is:     1.3912420e-06
Bond harmonic potential minimum r is:  3.4697072e+00
Bond harmonic potential maximum r is:  3.5542354e+00
Bond harmonic potential energy is:     1.4412146e-04

Colloid velocities - x y z
[minimum ] -2.3911764e-04 -1.7770911e-04 -1.9587381e-04
[maximum ]  1.9038325e-04  2.5223541e-04  1.4688828e-04
  Current step =0

Scalars - total mean variance min max
[rho]       88473.60  0.80000000000  5.8397731e-14  0.79999927858  0.80000087380
[psi]  0.0000000e+00  0.0000000e+00  0.0000000e+00
[rho]  0.0000000e+00  0.0000000e+00  0.0000000e+00
[rho]  0.0000000e+00  0.0000000e+00  0.0000000e+00
[elc]  0.0000000e+00  0.0000000e+00  0.0000000e+00
[psi]  0.0000000e+00  0.0000000e+00  0.0000000e+00
[rho]  0.0000000e+00  0.0000000e+00  0.0000000e+00
[rho]  0.0000000e+00  0.0000000e+00  0.0000000e+00
[elc]  0.0000000e+00  0.0000000e+00  0.0000000e+00

Free energies - timestep f v f/v f_s a f_s/a
[fe]           2320  0.0000000000e+00  1.1059200000e+05  0.0000000000e+00  0.0000000000e+00

Momentum - x y z
[total   ] -3.1515553e-06  7.9222324e-07 -1.8034031e-06
[fluid   ]  4.8044901e-14  5.6229327e-14 -9.7297170e-14
[colloids]  0.0000000e+00  0.0000000e+00  0.0000000e+00
[subgrid ] -3.1515553e-06  7.9222319e-07 -1.8034030e-06

Total force - x y z
[fluid   ] -9.6902662e-21  7.4282029e-20 -1.1686296e-19
[colloids]  0.0000000e+00  0.0000000e+00  0.0000000e+00
[subgrid ] -3.1786861e-04  9.0650235e-05 -1.7808807e-04

Velocity - x y z
[minimum ] -8.0948255e-06 -1.3975734e-05 -6.3566761e-06
[maximum ]  1.0567249e-05  8.4708027e-06  8.2457043e-06

Completed cycle 2320
  Current step =0
  Current step =0
  Current step =0
  Current step =0
  Current step =0
  Current step =0
  Current step =0
  Current step =0
  Current step =0
  Current step =0
  Current step =0
  Current step =0
  Current step =0
  Current step =0
  Current step =0
  Current step =0
  Current step =0
  Current step =0
  Current step =0

Particle statistics:
Pair potential minimum h is:  1.1994604e+00
Pair potential energy is:     1.3890499e-06
Bond harmonic potential minimum r is:  3.4700161e+00
Bond harmonic potential maximum r is:  3.5537811e+00
Bond harmonic potential energy is:     1.4155489e-04

Colloid velocities - x y z
[minimum ] -2.3383866e-04 -1.7492872e-04 -1.9277516e-04
[maximum ]  1.8781769e-04  2.4912053e-04  1.4439207e-04
  Current step =0

Scalars - total mean variance min max
[rho]       88473.60  0.80000000000  5.9729999e-14  0.79999947947  0.80000080027
[psi]  0.0000000e+00  0.0000000e+00  0.0000000e+00
[rho]  0.0000000e+00  0.0000000e+00  0.0000000e+00
[rho]  0.0000000e+00  0.0000000e+00  0.0000000e+00
[elc]  0.0000000e+00  0.0000000e+00  0.0000000e+00
[psi]  0.0000000e+00  0.0000000e+00  0.0000000e+00
[rho]  0.0000000e+00  0.0000000e+00  0.0000000e+00
[rho]  0.0000000e+00  0.0000000e+00  0.0000000e+00
[elc]  0.0000000e+00  0.0000000e+00  0.0000000e+00

Free energies - timestep f v f/v f_s a f_s/a
[fe]           2340  0.0000000000e+00  1.1059200000e+05  0.0000000000e+00  0.0000000000e+00

Momentum - x y z
[total   ] -3.1084402e-06  7.7726904e-07 -1.7839662e-06
[fluid   ]  6.0736138e-14  6.0465521e-14 -8.9137031e-14
[colloids]  0.0000000e+00  0.0000000e+00  0.0000000e+00
[subgrid ] -3.1084403e-06  7.7726898e-07 -1.7839661e-06

Total force - x y z
[fluid   ] -4.4306046e-20  1.9388341e-20 -5.0496261e-20
[colloids]  0.0000000e+00  0.0000000e+00  0.0000000e+00
[subgrid ] -3.1422325e-04  8.9059921e-05 -1.7633767e-04

Velocity - x y z
[minimum ] -7.8757317e-06 -1.3772947e-05 -6.1674832e-06
[maximum ]  1.0708609e-05  8.5027561e-06  8.3284579e-06

Completed cycle 2340
  Current step =0
  Current step =0
  Current step =0
  Current step =0
  Current step =0
  Current step =0
  Current step =0
  Current step =0
  Current step =0
  Current step =0
  Current step =0
  Current step =0
  Current step =0
  Current step =0
  Current step =0
  Current step =0
  Current step =0
  Current step =0
  Current step =0

Particle statistics:
Pair potential minimum h is:  1.1996287e+00
Pair potential energy is:     1.3867144e-06
Bond harmonic potential minimum r is:  3.4703194e+00
Bond harmonic potential maximum r is:  3.5533336e+00
Bond harmonic potential energy is:     1.3904809e-04

Colloid velocities - x y z
[minimum ] -2.2911221e-04 -1.7217431e-04 -1.8977413e-04
[maximum ]  1.8503271e-04  2.4609162e-04  1.4193323e-04
  Current step =0

Scalars - total mean variance min max
[rho]       88473.60  0.80000000000  1.3744561e-13  0.79999893155  0.80000086211
[psi]  0.0000000e+00  0.0000000e+00  0.0000000e+00
[rho]  0.0000000e+00  0.0000000e+00  0.0000000e+00
[rho]  0.0000000e+00  0.0000000e+00  0.0000000e+00
[elc]  0.0000000e+00  0.0000000e+00  0.0000000e+00
[psi]  0.0000000e+00  0.0000000e+00  0.0000000e+00
[rho]  0.0000000e+00  0.0000000e+00  0.0000000e+00
[rho]  0.0000000e+00  0.0000000e+00  0.0000000e+00
[elc]  0.0000000e+00  0.0000000e+00  0.0000000e+00

Free energies - timestep f v f/v f_s a f_s/a
[fe]           2360  0.0000000000e+00  1.1059200000e+05  0.0000000000e+00  0.0000000000e+00

Momentum - x y z
[total   ] -3.0807370e-06  7.6898525e-07 -1.7684699e-06
[fluid   ]  7.4946993e-14  4.9658194e-14 -8.7124752e-14
[colloids]  0.0000000e+00  0.0000000e+00  0.0000000e+00
[subgrid ] -3.0807370e-06  7.6898520e-07 -1.7684698e-06

Total force - x y z
[fluid   ]  1.7206023e-21  3.6523402e-20 -1.3392909e-20
[colloids]  0.0000000e+00  0.0000000e+00  0.0000000e+00
[subgrid ] -3.1105813e-04  8.8055351e-05 -1.7479291e-04

Velocity - x y z
[minimum ] -7.9550253e-06 -1.3367879e-05 -6.2290900e-06
[maximum ]  1.0518938e-05  8.3689851e-06  8.1422341e-06

Completed cycle 2360
  Current step =0
  Current step =0
  Current step =0
  Current step =0
  Current step =0
  Current step =0
  Current step =0
  Current step =0
  Current step =0
  Current step =0
  Current step =0
  Current step =0
  Current step =0
  Current step =0
  Current step =0
  Current step =0
  Current step =0
  Current step =0
  Current step =0

Particle statistics:
Pair potential minimum h is:  1.1998063e+00
Pair potential energy is:     1.3842763e-06
Bond harmonic potential minimum r is:  3.4706176e+00
Bond harmonic potential maximum r is:  3.5528934e+00
Bond harmonic potential energy is:     1.3660038e-04

Colloid velocities - x y z
[minimum ] -2.2469240e-04 -1.6929453e-04 -1.8672799e-04
[maximum ]  1.8222793e-04  2.4274248e-04  1.3959415e-04
  Current step =0

Scalars - total mean variance min max
[rho]       88473.60  0.80000000000  2.1094237e-14  0.79999923774  0.80000047042
[psi]  0.0000000e+00  0.0000000e+00  0.0000000e+00
[rho]  0.0000000e+00  0.0000000e+00  0.0000000e+00
[rho]  0.0000000e+00  0.0000000e+00  0.0000000e+00
[elc]  0.0000000e+00  0.0000000e+00  0.0000000e+00
[psi]  0.0000000e+00  0.0000000e+00  0.0000000e+00
[rho]  0.0000000e+00  0.0000000e+00  0.0000000e+00
[rho]  0.0000000e+00  0.0000000e+00  0.0000000e+00
[elc]  0.0000000e+00  0.0000000e+00  0.0000000e+00

Free energies - timestep f v f/v f_s a f_s/a
[fe]           2380  0.0000000000e+00  1.1059200000e+05  0.0000000000e+00  0.0000000000e+00

Momentum - x y z
[total   ] -3.0661197e-06  7.6747041e-07 -1.7625668e-06
[fluid   ]  7.3309414e-14  5.7426286e-14 -9.7522684e-14
[colloids]  0.0000000e+00  0.0000000e+00  0.0000000e+00
[subgrid ] -3.0661198e-06  7.6747035e-07 -1.7625667e-06

Total force - x y z
[fluid   ] -3.4886296e-20  6.5932344e-20 -5.2007101e-20
[colloids]  0.0000000e+00  0.0000000e+00  0.0000000e+00
[subgrid ] -3.0889956e-04  8.7693540e-05 -1.7407587e-04

Velocity - x y z
[minimum ] -8.0233606e-06 -1.3163938e-05 -6.2894079e-06
[maximum ]  1.0073163e-05  8.1368553e-06  7.8473124e-06

Completed cycle 2380
  Current step =0
  Current step =0
  Current step =0
  Current step =0
  Current step =0
  Current step =0
  Current step =0
  Current step =0
  Current step =0
  Current step =0
  Current step =0
  Current step =0
  Current step =0
  Current step =0
  Current step =0
  Current step =0
  Current step =0
  Current step =0
  Current step =0

Particle statistics:
Pair potential minimum h is:  1.1999943e+00
Pair potential energy is:     1.3817231e-06
Bond harmonic potential minimum r is:  3.4709115e+00
Bond harmonic potential maximum r is:  3.5524580e+00
Bond harmonic potential energy is:     1.3420883e-04

Colloid velocities - x y z
[minimum ] -2.2000064e-04 -1.6644486e-04 -1.8368338e-04
[maximum ]  1.7971955e-04  2.3948805e-04  1.3737881e-04
  Current step =0
Writing colloid output at step 2400!

colloid_io_write:
writing colloid information to config.cds00002400.001-001 etc

Scalars - total mean variance min max
[rho]       88473.60  0.80000000000  5.8508753e-14  0.79999934753  0.80000063948
[psi]  0.0000000e+00  0.0000000e+00  0.0000000e+00
[rho]  0.0000000e+00  0.0000000e+00  0.0000000e+00
[rho]  0.0000000e+00  0.0000000e+00  0.0000000e+00
[elc]  0.0000000e+00  0.0000000e+00  0.0000000e+00
[psi]  0.0000000e+00  0.0000000e+00  0.0000000e+00
[rho]  0.0000000e+00  0.0000000e+00  0.0000000e+00
[rho]  0.0000000e+00  0.0000000e+00  0.0000000e+00
[elc]  0.0000000e+00  0.0000000e+00  0.0000000e+00

Free energies - timestep f v f/v f_s a f_s/a
[fe]           2400  0.0000000000e+00  1.1059200000e+05  0.0000000000e+00  0.0000000000e+00

Momentum - x y z
[total   ] -3.0396721e-06  7.5997175e-07 -1.7540115e-06
[fluid   ]  7.4693723e-14  6.5527445e-14 -9.8240860e-14
[colloids]  0.0000000e+00  0.0000000e+00  0.0000000e+00
[subgrid ] -3.0396722e-06  7.5997168e-07 -1.7540114e-06

Total force - x y z
[fluid   ]  2.9805439e-20 -9.4252772e-21 -5.2512500e-20
[colloids]  0.0000000e+00  0.0000000e+00  0.0000000e+00
[subgrid ] -3.0646581e-04  8.6863756e-05 -1.7323608e-04

Velocity - x y z
[minimum ] -7.8624829e-06 -1.3173854e-05 -6.1410248e-06
[maximum ]  1.0015677e-05  7.9923081e-06  7.7382364e-06

Completed cycle 2400
  Current step =0
  Current step =0
  Current step =0
  Current step =0
  Current step =0
  Current step =0
  Current step =0
  Current step =0
  Current step =0
  Current step =0
  Current step =0
  Current step =0
  Current step =0
  Current step =0
  Current step =0
  Current step =0
  Current step =0
  Current step =0
  Current step =0

Particle statistics:
Pair potential minimum h is:  1.2001946e+00
Pair potential energy is:     1.3790321e-06
Bond harmonic potential minimum r is:  3.4712008e+00
Bond harmonic potential maximum r is:  3.5520260e+00
Bond harmonic potential energy is:     1.3186997e-04

Colloid velocities - x y z
[minimum ] -2.1521715e-04 -1.6383076e-04 -1.8076369e-04
[maximum ]  1.7736256e-04  2.3660853e-04  1.3515481e-04
  Current step =0

Scalars - total mean variance min max
[rho]       88473.60  0.80000000000  4.5741189e-14  0.79999949359  0.80000086599
[psi]  0.0000000e+00  0.0000000e+00  0.0000000e+00
[rho]  0.0000000e+00  0.0000000e+00  0.0000000e+00
[rho]  0.0000000e+00  0.0000000e+00  0.0000000e+00
[elc]  0.0000000e+00  0.0000000e+00  0.0000000e+00
[psi]  0.0000000e+00  0.0000000e+00  0.0000000e+00
[rho]  0.0000000e+00  0.0000000e+00  0.0000000e+00
[rho]  0.0000000e+00  0.0000000e+00  0.0000000e+00
[elc]  0.0000000e+00  0.0000000e+00  0.0000000e+00

Free energies - timestep f v f/v f_s a f_s/a
[fe]           2420  0.0000000000e+00  1.1059200000e+05  0.0000000000e+00  0.0000000000e+00

Momentum - x y z
[total   ] -2.9960303e-06  7.7356247e-07 -1.7258094e-06
[fluid   ]  7.1560813e-14  5.8907740e-14 -1.0586323e-13
[colloids]  0.0000000e+00  0.0000000e+00  0.0000000e+00
[subgrid ] -2.9960304e-06  7.7356241e-07 -1.7258092e-06

Total force - x y z
[fluid   ] -2.9670446e-20  5.0256074e-20 -9.2946122e-20
[colloids]  0.0000000e+00  0.0000000e+00  0.0000000e+00
[subgrid ] -3.0274015e-04  8.8202307e-05 -1.7059934e-04

Velocity - x y z
[minimum ] -7.6701186e-06 -1.3021243e-05 -5.9575791e-06
[maximum ]  1.0229218e-05  8.0223855e-06  7.7913303e-06

Completed cycle 2420
  Current step =0
  Current step =0
  Current step =0
  Current step =0
  Current step =0
  Current step =0
  Current step =0
  Current step =0
  Current step =0
  Current step =0
  Current step =0
  Current step =0
  Current step =0
  Current step =0
  Current step =0
  Current step =0
  Current step =0
  Current step =0
  Current step =0

Particle statistics:
Pair potential minimum h is:  1.2004052e+00
Pair potential energy is:     1.3762242e-06
Bond harmonic potential minimum r is:  3.4714852e+00
Bond harmonic potential maximum r is:  3.5515999e+00
Bond harmonic potential energy is:     1.2958351e-04

Colloid velocities - x y z
[minimum ] -2.1090560e-04 -1.6131071e-04 -1.7798707e-04
[maximum ]  1.7481868e-04  2.3370642e-04  1.3284400e-04
  Current step =0

Scalars - total mean variance min max
[rho]       88473.60  0.80000000000  6.8500761e-14  0.79999906856  0.80000084630
[psi]  0.0000000e+00  0.0000000e+00  0.0000000e+00
[rho]  0.0000000e+00  0.0000000e+00  0.0000000e+00
[rho]  0.0000000e+00  0.0000000e+00  0.0000000e+00
[elc]  0.0000000e+00  0.0000000e+00  0.0000000e+00
[psi]  0.0000000e+00  0.0000000e+00  0.0000000e+00
[rho]  0.0000000e+00  0.0000000e+00  0.0000000e+00
[rho]  0.0000000e+00  0.0000000e+00  0.0000000e+00
[elc]  0.0000000e+00  0.0000000e+00  0.0000000e+00

Free energies - timestep f v f/v f_s a f_s/a
[fe]           2440  0.0000000000e+00  1.1059200000e+05  0.0000000000e+00  0.0000000000e+00

Momentum - x y z
[total   ] -2.9664213e-06  7.6371086e-07 -1.7090304e-06
[fluid   ]  5.8671817e-14  6.1003286e-14 -9.5833064e-14
[colloids]  0.0000000e+00  0.0000000e+00  0.0000000e+00
[subgrid ] -2.9664214e-06  7.6371080e-07 -1.7090303e-06

Total force - x y z
[fluid   ] -1.7730949e-21  5.9286520e-20 -1.8128568e-21
[colloids]  0.0000000e+00  0.0000000e+00  0.0000000e+00
[subgrid ] -2.9963501e-04  8.7021935e-05 -1.6897888e-04

Velocity - x y z
[minimum ] -7.6602609e-06 -1.2664349e-05 -5.9706134e-06
[maximum ]  1.0038900e-05  7.9551130e-06  7.7108026e-06

Completed cycle 2440
  Current step =0
  Current step =0
  Current step =0
  Current step =0
  Current step =0
  Current step =0
  Current step =0
  Current step =0
  Current step =0
  Current step =0
  Current step =0
  Current step =0
  Current step =0
  Current step =0
  Current step =0
  Current step =0
  Current step =0
  Current step =0
  Current step =0

Particle statistics:
Pair potential minimum h is:  1.2006244e+00
Pair potential energy is:     1.3733247e-06
Bond harmonic potential minimum r is:  3.4717648e+00
Bond harmonic potential maximum r is:  3.5511809e+00
Bond harmonic potential energy is:     1.2734961e-04

Colloid velocities - x y z
[minimum ] -2.0694656e-04 -1.5864373e-04 -1.7520964e-04
[maximum ]  1.7218982e-04  2.3063413e-04  1.3093131e-04
  Current step =0

Scalars - total mean variance min max
[rho]       88473.60  0.80000000000  4.6740389e-14  0.79999914558  0.80000049938
[psi]  0.0000000e+00  0.0000000e+00  0.0000000e+00
[rho]  0.0000000e+00  0.0000000e+00  0.0000000e+00
[rho]  0.0000000e+00  0.0000000e+00  0.0000000e+00
[elc]  0.0000000e+00  0.0000000e+00  0.0000000e+00
[psi]  0.0000000e+00  0.0000000e+00  0.0000000e+00
[rho]  0.0000000e+00  0.0000000e+00  0.0000000e+00
[rho]  0.0000000e+00  0.0000000e+00  0.0000000e+00
[elc]  0.0000000e+00  0.0000000e+00  0.0000000e+00

Free energies - timestep f v f/v f_s a f_s/a
[fe]           2460  0.0000000000e+00  1.1059200000e+05  0.0000000000e+00  0.0000000000e+00

Momentum - x y z
[total   ] -2.9527688e-06  7.6093322e-07 -1.7016689e-06
[fluid   ]  6.0559197e-14  6.1346761e-14 -1.0201215e-13
[colloids]  0.0000000e+00  0.0000000e+00  0.0000000e+00
[subgrid ] -2.9527688e-06  7.6093316e-07 -1.7016688e-06

Total force - x y z
[fluid   ] -1.4717022e-20  3.7027513e-20 -7.5005563e-20
[colloids]  0.0000000e+00  0.0000000e+00  0.0000000e+00
[subgrid ] -2.9755555e-04  8.6540026e-05 -1.6810470e-04

Velocity - x y z
[minimum ] -7.7517591e-06 -1.2431965e-05 -6.0418407e-06
[maximum ]  9.6353523e-06  7.7853942e-06  7.4168813e-06

Completed cycle 2460
  Current step =0
  Current step =0
  Current step =0
  Current step =0
  Current step =0
  Current step =0
  Current step =0
  Current step =0
  Current step =0
  Current step =0
  Current step =0
  Current step =0
  Current step =0
  Current step =0
  Current step =0
  Current step =0
  Current step =0
  Current step =0
  Current step =0

Particle statistics:
Pair potential minimum h is:  1.2008522e+00
Pair potential energy is:     1.3703332e-06
Bond harmonic potential minimum r is:  3.4720403e+00
Bond harmonic potential maximum r is:  3.5507666e+00
Bond harmonic potential energy is:     1.2516579e-04

Colloid velocities - x y z
[minimum ] -2.0279808e-04 -1.5596987e-04 -1.7237878e-04
[maximum ]  1.6982386e-04  2.2760745e-04  1.2940823e-04
  Current step =0

Scalars - total mean variance min max
[rho]       88473.60  0.80000000000  1.2545520e-14  0.79999948281  0.80000059260
[psi]  0.0000000e+00  0.0000000e+00  0.0000000e+00
[rho]  0.0000000e+00  0.0000000e+00  0.0000000e+00
[rho]  0.0000000e+00  0.0000000e+00  0.0000000e+00
[elc]  0.0000000e+00  0.0000000e+00  0.0000000e+00
[psi]  0.0000000e+00  0.0000000e+00  0.0000000e+00
[rho]  0.0000000e+00  0.0000000e+00  0.0000000e+00
[rho]  0.0000000e+00  0.0000000e+00  0.0000000e+00
[elc]  0.0000000e+00  0.0000000e+00  0.0000000e+00

Free energies - timestep f v f/v f_s a f_s/a
[fe]           2480  0.0000000000e+00  1.1059200000e+05  0.0000000000e+00  0.0000000000e+00

Momentum - x y z
[total   ] -2.9314186e-06  7.5406627e-07 -1.6937532e-06
[fluid   ]  5.4577870e-14  5.6565863e-14 -9.9531494e-14
[colloids]  0.0000000e+00  0.0000000e+00  0.0000000e+00
[subgrid ] -2.9314186e-06  7.5406621e-07 -1.6937531e-06

Total force - x y z
[fluid   ]  3.2803521e-20  6.5974832e-20  1.5977157e-20
[colloids]  0.0000000e+00  0.0000000e+00  0.0000000e+00
[subgrid ] -2.9543046e-04  8.5789613e-05 -1.6730474e-04

Velocity - x y z
[minimum ] -7.6628260e-06 -1.2417222e-05 -5.9448772e-06
[maximum ]  9.5628328e-06  7.5990231e-06  7.2484759e-06

Completed cycle 2480
  Current step =0
  Current step =0
  Current step =0
  Current step =0
  Current step =0
  Current step =0
  Current step =0
  Current step =0
  Current step =0
  Current step =0
  Current step =0
  Current step =0
  Current step =0
  Current step =0
  Current step =0
  Current step =0
  Current step =0
  Current step =0
  Current step =0

Particle statistics:
Pair potential minimum h is:  1.2010900e+00
Pair potential energy is:     1.3672335e-06
Bond harmonic potential minimum r is:  3.4723119e+00
Bond harmonic potential maximum r is:  3.5503554e+00
Bond harmonic potential energy is:     1.2302943e-04

Colloid velocities - x y z
[minimum ] -1.9849433e-04 -1.5352422e-04 -1.6966655e-04
[maximum ]  1.6764258e-04  2.2479060e-04  1.2798419e-04
  Current step =0
Writing colloid output at step 2500!

colloid_io_write:
writing colloid information to config.cds00002500.001-001 etc

Scalars - total mean variance min max
[rho]       88473.60  0.80000000000  2.9420910e-14  0.79999949114  0.80000085905
[psi]  0.0000000e+00  0.0000000e+00  0.0000000e+00
[rho]  0.0000000e+00  0.0000000e+00  0.0000000e+00
[rho]  0.0000000e+00  0.0000000e+00  0.0000000e+00
[elc]  0.0000000e+00  0.0000000e+00  0.0000000e+00
[psi]  0.0000000e+00  0.0000000e+00  0.0000000e+00
[rho]  0.0000000e+00  0.0000000e+00  0.0000000e+00
[rho]  0.0000000e+00  0.0000000e+00  0.0000000e+00
[elc]  0.0000000e+00  0.0000000e+00  0.0000000e+00

Free energies - timestep f v f/v f_s a f_s/a
[fe]           2500  0.0000000000e+00  1.1059200000e+05  0.0000000000e+00  0.0000000000e+00

Momentum - x y z
[total   ] -2.8947577e-06  7.4092006e-07 -1.6770140e-06
[fluid   ]  5.8252014e-14  5.0650456e-14 -1.1124088e-13
[colloids]  0.0000000e+00  0.0000000e+00  0.0000000e+00
[subgrid ] -2.8947577e-06  7.4092001e-07 -1.6770139e-06

Total force - x y z
[fluid   ]  1.1536362e-20  4.4175967e-20 -4.3402035e-20
[colloids]  0.0000000e+00  0.0000000e+00  0.0000000e+00
[subgrid ] -2.9243147e-04  8.4409856e-05 -1.6580705e-04

Velocity - x y z
[minimum ] -7.4308929e-06 -1.2326975e-05 -5.7499400e-06
[maximum ]  9.6905993e-06  7.5790529e-06  7.3460585e-06

Completed cycle 2500
  Current step =0
  Current step =0
  Current step =0
  Current step =0
  Current step =0
  Current step =0
  Current step =0
  Current step =0
  Current step =0
  Current step =0
  Current step =0
  Current step =0
  Current step =0
  Current step =0
  Current step =0
  Current step =0
  Current step =0
  Current step =0
  Current step =0

Particle statistics:
Pair potential minimum h is:  1.2013376e+00
Pair potential energy is:     1.3640262e-06
Bond harmonic potential minimum r is:  3.4725790e+00
Bond harmonic potential maximum r is:  3.5499493e+00
Bond harmonic potential energy is:     1.2093986e-04

Colloid velocities - x y z
[minimum ] -1.9455028e-04 -1.5117918e-04 -1.6712077e-04
[maximum ]  1.6530909e-04  2.2212484e-04  1.2663628e-04
  Current step =0

Scalars - total mean variance min max
[rho]       88473.60  0.80000000000  8.5487173e-14  0.79999921027  0.80000074960
[psi]  0.0000000e+00  0.0000000e+00  0.0000000e+00
[rho]  0.0000000e+00  0.0000000e+00  0.0000000e+00
[rho]  0.0000000e+00  0.0000000e+00  0.0000000e+00
[elc]  0.0000000e+00  0.0000000e+00  0.0000000e+00
[psi]  0.0000000e+00  0.0000000e+00  0.0000000e+00
[rho]  0.0000000e+00  0.0000000e+00  0.0000000e+00
[rho]  0.0000000e+00  0.0000000e+00  0.0000000e+00
[elc]  0.0000000e+00  0.0000000e+00  0.0000000e+00

Free energies - timestep f v f/v f_s a f_s/a
[fe]           2520  0.0000000000e+00  1.1059200000e+05  0.0000000000e+00  0.0000000000e+00

Momentum - x y z
[total   ] -2.8648001e-06  7.3078569e-07 -1.6599054e-06
[fluid   ]  5.9147132e-14  5.7277100e-14 -1.0845491e-13
[colloids]  0.0000000e+00  0.0000000e+00  0.0000000e+00
[subgrid ] -2.8648001e-06  7.3078564e-07 -1.6599053e-06

Total force - x y z
[fluid   ]  7.7593209e-21 -3.0032818e-20 -8.7096384e-20
[colloids]  0.0000000e+00  0.0000000e+00  0.0000000e+00
[subgrid ] -2.8942749e-04  8.3240279e-05 -1.6416334e-04

Velocity - x y z
[minimum ] -7.3986267e-06 -1.2008704e-05 -5.7512253e-06
[maximum ]  9.6030232e-06  7.5816607e-06  7.2728159e-06

Completed cycle 2520
  Current step =0
  Current step =0
  Current step =0
  Current step =0
  Current step =0
  Current step =0
  Current step =0
  Current step =0
  Current step =0
  Current step =0
  Current step =0
  Current step =0
  Current step =0
  Current step =0
  Current step =0
  Current step =0
  Current step =0
  Current step =0
  Current step =0

Particle statistics:
Pair potential minimum h is:  1.2015926e+00
Pair potential energy is:     1.3607427e-06
Bond harmonic potential minimum r is:  3.4728415e+00
Bond harmonic potential maximum r is:  3.5495498e+00
Bond harmonic potential energy is:     1.1889671e-04

Colloid velocities - x y z
[minimum ] -1.9099971e-04 -1.4871981e-04 -1.6455947e-04
[maximum ]  1.6286929e-04  2.1931299e-04  1.2525657e-04
  Current step =0

Scalars - total mean variance min max
[rho]       88473.60  0.80000000000  6.2505556e-14  0.79999912437  0.80000054394
[psi]  0.0000000e+00  0.0000000e+00  0.0000000e+00
[rho]  0.0000000e+00  0.0000000e+00  0.0000000e+00
[rho]  0.0000000e+00  0.0000000e+00  0.0000000e+00
[elc]  0.0000000e+00  0.0000000e+00  0.0000000e+00
[psi]  0.0000000e+00  0.0000000e+00  0.0000000e+00
[rho]  0.0000000e+00  0.0000000e+00  0.0000000e+00
[rho]  0.0000000e+00  0.0000000e+00  0.0000000e+00
[elc]  0.0000000e+00  0.0000000e+00  0.0000000e+00

Free energies - timestep f v f/v f_s a f_s/a
[fe]           2540  0.0000000000e+00  1.1059200000e+05  0.0000000000e+00  0.0000000000e+00

Momentum - x y z
[total   ] -2.8429342e-06  7.1136848e-07 -1.6586532e-06
[fluid   ]  5.2107624e-14  5.4217048e-14 -1.1203191e-13
[colloids]  0.0000000e+00  0.0000000e+00  0.0000000e+00
[subgrid ] -2.8429342e-06  7.1136843e-07 -1.6586531e-06

Total force - x y z
[fluid   ]  8.1663229e-21  2.8004050e-20 -2.5627293e-20
[colloids]  0.0000000e+00  0.0000000e+00  0.0000000e+00
[subgrid ] -2.8655834e-04  8.1112490e-05 -1.6393867e-04

Velocity - x y z
[minimum ] -7.5087899e-06 -1.1749777e-05 -5.8121649e-06
[maximum ]  9.2673444e-06  7.4629093e-06  6.9953489e-06

Completed cycle 2540
  Current step =0
  Current step =0
  Current step =0
  Current step =0
  Current step =0
  Current step =0
  Current step =0
  Current step =0
  Current step =0
  Current step =0
  Current step =0
  Current step =0
  Current step =0
  Current step =0
  Current step =0
  Current step =0
  Current step =0
  Current step =0
  Current step =0

Particle statistics:
Pair potential minimum h is:  1.2018543e+00
Pair potential energy is:     1.3573929e-06
Bond harmonic potential minimum r is:  3.4731005e+00
Bond harmonic potential maximum r is:  3.5491551e+00
Bond harmonic potential energy is:     1.1689846e-04

Colloid velocities - x y z
[minimum ] -1.8733325e-04 -1.4623908e-04 -1.6197070e-04
[maximum ]  1.6063162e-04  2.1637516e-04  1.2384951e-04
  Current step =0

Scalars - total mean variance min max
[rho]       88473.60  0.80000000000  2.1094237e-15  0.79999960704  0.80000049602
[psi]  0.0000000e+00  0.0000000e+00  0.0000000e+00
[rho]  0.0000000e+00  0.0000000e+00  0.0000000e+00
[rho]  0.0000000e+00  0.0000000e+00  0.0000000e+00
[elc]  0.0000000e+00  0.0000000e+00  0.0000000e+00
[psi]  0.0000000e+00  0.0000000e+00  0.0000000e+00
[rho]  0.0000000e+00  0.0000000e+00  0.0000000e+00
[rho]  0.0000000e+00  0.0000000e+00  0.0000000e+00
[elc]  0.0000000e+00  0.0000000e+00  0.0000000e+00

Free energies - timestep f v f/v f_s a f_s/a
[fe]           2560  0.0000000000e+00  1.1059200000e+05  0.0000000000e+00  0.0000000000e+00

Momentum - x y z
[total   ] -2.8241656e-06  7.0654853e-07 -1.6512885e-06
[fluid   ]  5.4907467e-14  4.3274412e-14 -1.2233270e-13
[colloids]  0.0000000e+00  0.0000000e+00  0.0000000e+00
[subgrid ] -2.8241657e-06  7.0654849e-07 -1.6512884e-06

Total force - x y z
[fluid   ]  2.0637934e-20  2.8978558e-20 -6.2687299e-20
[colloids]  0.0000000e+00  0.0000000e+00  0.0000000e+00
[subgrid ] -2.8458832e-04  8.0516734e-05 -1.6316775e-04

Velocity - x y z
[minimum ] -7.4239579e-06 -1.1726933e-05 -5.7412651e-06
[maximum ]  9.0772587e-06  7.2451241e-06  6.8517187e-06

Completed cycle 2560
  Current step =0
  Current step =0
  Current step =0
  Current step =0
  Current step =0
  Current step =0
  Current step =0
  Current step =0
  Current step =0
  Current step =0
  Current step =0
  Current step =0
  Current step =0
  Current step =0
  Current step =0
  Current step =0
  Current step =0
  Current step =0
  Current step =0

Particle statistics:
Pair potential minimum h is:  1.2021248e+00
Pair potential energy is:     1.3539516e-06
Bond harmonic potential minimum r is:  3.4733557e+00
Bond harmonic potential maximum r is:  3.5487634e+00
Bond harmonic potential energy is:     1.1494268e-04

Colloid velocities - x y z
[minimum ] -1.8345488e-04 -1.4393023e-04 -1.5948405e-04
[maximum ]  1.5859762e-04  2.1372166e-04  1.2247474e-04
  Current step =0

Scalars - total mean variance min max
[rho]       88473.60  0.80000000000  5.3734794e-14  0.79999943385  0.80000075356
[psi]  0.0000000e+00  0.0000000e+00  0.0000000e+00
[rho]  0.0000000e+00  0.0000000e+00  0.0000000e+00
[rho]  0.0000000e+00  0.0000000e+00  0.0000000e+00
[elc]  0.0000000e+00  0.0000000e+00  0.0000000e+00
[psi]  0.0000000e+00  0.0000000e+00  0.0000000e+00
[rho]  0.0000000e+00  0.0000000e+00  0.0000000e+00
[rho]  0.0000000e+00  0.0000000e+00  0.0000000e+00
[elc]  0.0000000e+00  0.0000000e+00  0.0000000e+00

Free energies - timestep f v f/v f_s a f_s/a
[fe]           2580  0.0000000000e+00  1.1059200000e+05  0.0000000000e+00  0.0000000000e+00

Momentum - x y z
[total   ] -2.7911625e-06  6.9492306e-07 -1.6362235e-06
[fluid   ]  5.1177812e-14  4.2087861e-14 -1.2858464e-13
[colloids]  0.0000000e+00  0.0000000e+00  0.0000000e+00
[subgrid ] -2.7911625e-06  6.9492302e-07 -1.6362233e-06

Total force - x y z
[fluid   ] -2.5283259e-20  3.7521614e-20 -6.8699683e-20
[colloids]  0.0000000e+00  0.0000000e+00  0.0000000e+00
[subgrid ] -2.8185714e-04  7.9308311e-05 -1.6179328e-04

Velocity - x y z
[minimum ] -7.2213519e-06 -1.1668291e-05 -5.5567823e-06
[maximum ]  9.2109814e-06  7.1943331e-06  6.8953776e-06

Completed cycle 2580
  Current step =0
  Current step =0
  Current step =0
  Current step =0
  Current step =0
  Current step =0
  Current step =0
  Current step =0
  Current step =0
  Current step =0
  Current step =0
  Current step =0
  Current step =0
  Current step =0
  Current step =0
  Current step =0
  Current step =0
  Current step =0
  Current step =0

Particle statistics:
Pair potential minimum h is:  1.2024038e+00
Pair potential energy is:     1.3504208e-06
Bond harmonic potential minimum r is:  3.4736069e+00
Bond harmonic potential maximum r is:  3.5483760e+00
Bond harmonic potential energy is:     1.1302839e-04

Colloid velocities - x y z
[minimum ] -1.7984484e-04 -1.4175652e-04 -1.5712158e-04
[maximum ]  1.5649683e-04  2.1124746e-04  1.2118516e-04
  Current step =0
Writing colloid output at step 2600!

colloid_io_write:
writing colloid information to config.cds00002600.001-001 etc

Scalars - total mean variance min max
[rho]       88473.60  0.80000000000  6.0063066e-14  0.79999937580  0.80000065286
[psi]  0.0000000e+00  0.0000000e+00  0.0000000e+00
[rho]  0.0000000e+00  0.0000000e+00  0.0000000e+00
[rho]  0.0000000e+00  0.0000000e+00  0.0000000e+00
[elc]  0.0000000e+00  0.0000000e+00  0.0000000e+00
[psi]  0.0000000e+00  0.0000000e+00  0.0000000e+00
[rho]  0.0000000e+00  0.0000000e+00  0.0000000e+00
[rho]  0.0000000e+00  0.0000000e+00  0.0000000e+00
[elc]  0.0000000e+00  0.0000000e+00  0.0000000e+00

Free energies - timestep f v f/v f_s a f_s/a
[fe]           2600  0.0000000000e+00  1.1059200000e+05  0.0000000000e+00  0.0000000000e+00

Momentum - x y z
[total   ] -2.7606504e-06  6.8457722e-07 -1.6186834e-06
[fluid   ]  3.5103864e-14  4.2046228e-14 -1.2213147e-13
[colloids]  0.0000000e+00  0.0000000e+00  0.0000000e+00
[subgrid ] -2.7606505e-06  6.8457717e-07 -1.6186833e-06

Total force - x y z
[fluid   ] -1.8485611e-21 -1.7724010e-21 -6.6904058e-20
[colloids]  0.0000000e+00  0.0000000e+00  0.0000000e+00
[subgrid ] -2.7892941e-04  7.8161764e-05 -1.6014034e-04

Velocity - x y z
[minimum ] -7.1698249e-06 -1.1392298e-05 -5.5467239e-06
[maximum ]  9.2105791e-06  7.2362940e-06  6.8583277e-06

Completed cycle 2600
  Current step =0
  Current step =0
  Current step =0
  Current step =0
  Current step =0
  Current step =0
  Current step =0
  Current step =0
  Current step =0
  Current step =0
  Current step =0
  Current step =0
  Current step =0
  Current step =0
  Current step =0
  Current step =0
  Current step =0
  Current step =0
  Current step =0

Particle statistics:
Pair potential minimum h is:  1.2026889e+00
Pair potential energy is:     1.3468295e-06
Bond harmonic potential minimum r is:  3.4738540e+00
Bond harmonic potential maximum r is:  3.5479947e+00
Bond harmonic potential energy is:     1.1115569e-04

Colloid velocities - x y z
[minimum ] -1.7663685e-04 -1.3951273e-04 -1.5479087e-04
[maximum ]  1.5498503e-04  2.0857716e-04  1.1991731e-04
  Current step =0

Scalars - total mean variance min max
[rho]       88473.60  0.80000000000  5.2402527e-14  0.79999911101  0.80000060332
[psi]  0.0000000e+00  0.0000000e+00  0.0000000e+00
[rho]  0.0000000e+00  0.0000000e+00  0.0000000e+00
[rho]  0.0000000e+00  0.0000000e+00  0.0000000e+00
[elc]  0.0000000e+00  0.0000000e+00  0.0000000e+00
[psi]  0.0000000e+00  0.0000000e+00  0.0000000e+00
[rho]  0.0000000e+00  0.0000000e+00  0.0000000e+00
[rho]  0.0000000e+00  0.0000000e+00  0.0000000e+00
[elc]  0.0000000e+00  0.0000000e+00  0.0000000e+00

Free energies - timestep f v f/v f_s a f_s/a
[fe]           2620  0.0000000000e+00  1.1059200000e+05  0.0000000000e+00  0.0000000000e+00

Momentum - x y z
[total   ] -2.7448409e-06  6.8157682e-07 -1.6086483e-06
[fluid   ]  5.3998472e-14  5.5969118e-14 -1.3304635e-13
[colloids]  0.0000000e+00  0.0000000e+00  0.0000000e+00
[subgrid ] -2.7448409e-06  6.8157676e-07 -1.6086482e-06

Total force - x y z
[fluid   ]  1.8985886e-20  3.5603992e-20 -4.0206384e-21
[colloids]  0.0000000e+00  0.0000000e+00  0.0000000e+00
[subgrid ] -2.7679242e-04  7.7660927e-05 -1.5906109e-04

Velocity - x y z
[minimum ] -7.2364206e-06 -1.1132485e-05 -5.5783320e-06
[maximum ]  8.8611131e-06  7.1211340e-06  6.6477095e-06

Completed cycle 2620
  Current step =0
  Current step =0
  Current step =0
  Current step =0
  Current step =0
  Current step =0
  Current step =0
  Current step =0
  Current step =0
  Current step =0
  Current step =0
  Current step =0
  Current step =0
  Current step =0
  Current step =0
  Current step =0
  Current step =0
  Current step =0
  Current step =0

Particle statistics:
Pair potential minimum h is:  1.2029800e+00
Pair potential energy is:     1.3431836e-06
Bond harmonic potential minimum r is:  3.4740977e+00
Bond harmonic potential maximum r is:  3.5476184e+00
Bond harmonic potential energy is:     1.0932328e-04

Colloid velocities - x y z
[minimum ] -1.7338628e-04 -1.3719206e-04 -1.5242077e-04
[maximum ]  1.5342842e-04  2.0586282e-04  1.1864485e-04
  Current step =0

Scalars - total mean variance min max
[rho]       88473.60  0.80000000000  7.7715612e-15  0.79999968194  0.80000039880
[psi]  0.0000000e+00  0.0000000e+00  0.0000000e+00
[rho]  0.0000000e+00  0.0000000e+00  0.0000000e+00
[rho]  0.0000000e+00  0.0000000e+00  0.0000000e+00
[elc]  0.0000000e+00  0.0000000e+00  0.0000000e+00
[psi]  0.0000000e+00  0.0000000e+00  0.0000000e+00
[rho]  0.0000000e+00  0.0000000e+00  0.0000000e+00
[rho]  0.0000000e+00  0.0000000e+00  0.0000000e+00
[elc]  0.0000000e+00  0.0000000e+00  0.0000000e+00

Free energies - timestep f v f/v f_s a f_s/a
[fe]           2640  0.0000000000e+00  1.1059200000e+05  0.0000000000e+00  0.0000000000e+00

Momentum - x y z
[total   ] -2.7347154e-06  6.7280857e-07 -1.6019290e-06
[fluid   ]  4.6587734e-14  5.3748672e-14 -1.4351367e-13
[colloids]  0.0000000e+00  0.0000000e+00  0.0000000e+00
[subgrid ] -2.7347154e-06  6.7280851e-07 -1.6019288e-06

Total force - x y z
[fluid   ] -9.7482591e-21  3.9650405e-20  1.4800009e-20
[colloids]  0.0000000e+00  0.0000000e+00  0.0000000e+00
[subgrid ] -2.7553429e-04  7.6670107e-05 -1.5831796e-04

Velocity - x y z
[minimum ] -7.2075212e-06 -1.1080257e-05 -5.5453174e-06
[maximum ]  8.6626894e-06  6.9355982e-06  6.4563072e-06

Completed cycle 2640
  Current step =0
  Current step =0
  Current step =0
  Current step =0
  Current step =0
  Current step =0
  Current step =0
  Current step =0
  Current step =0
  Current step =0
  Current step =0
  Current step =0
  Current step =0
  Current step =0
  Current step =0
  Current step =0
  Current step =0
  Current step =0
  Current step =0

Particle statistics:
Pair potential minimum h is:  1.2032779e+00
Pair potential energy is:     1.3394706e-06
Bond harmonic potential minimum r is:  3.4743380e+00
Bond harmonic potential maximum r is:  3.5472449e+00
Bond harmonic potential energy is:     1.0752889e-04

Colloid velocities - x y z
[minimum ] -1.6991680e-04 -1.3501830e-04 -1.5009443e-04
[maximum ]  1.5163819e-04  2.0336057e-04  1.1771667e-04
  Current step =0

Scalars - total mean variance min max
[rho]       88473.60  0.80000000000  4.8627768e-14  0.79999949169  0.80000074603
[psi]  0.0000000e+00  0.0000000e+00  0.0000000e+00
[rho]  0.0000000e+00  0.0000000e+00  0.0000000e+00
[rho]  0.0000000e+00  0.0000000e+00  0.0000000e+00
[elc]  0.0000000e+00  0.0000000e+00  0.0000000e+00
[psi]  0.0000000e+00  0.0000000e+00  0.0000000e+00
[rho]  0.0000000e+00  0.0000000e+00  0.0000000e+00
[rho]  0.0000000e+00  0.0000000e+00  0.0000000e+00
[elc]  0.0000000e+00  0.0000000e+00  0.0000000e+00

Free energies - timestep f v f/v f_s a f_s/a
[fe]           2660  0.0000000000e+00  1.1059200000e+05  0.0000000000e+00  0.0000000000e+00

Momentum - x y z
[total   ] -2.7050275e-06  6.6369064e-07 -1.5884386e-06
[fluid   ]  5.7523430e-14  4.8950427e-14 -1.5610083e-13
[colloids]  0.0000000e+00  0.0000000e+00  0.0000000e+00
[subgrid ] -2.7050275e-06  6.6369059e-07 -1.5884385e-06

Total force - x y z
[fluid   ]  3.9650409e-20  4.7216079e-20 -4.4712671e-20
[colloids]  0.0000000e+00  0.0000000e+00  0.0000000e+00
[subgrid ] -2.7304110e-04  7.5727075e-05 -1.5708329e-04

Velocity - x y z
[minimum ] -7.0316330e-06 -1.1045928e-05 -5.3829870e-06
[maximum ]  8.7799829e-06  6.8664673e-06  6.4761589e-06

Completed cycle 2660
  Current step =0
  Current step =0
  Current step =0
  Current step =0
  Current step =0
  Current step =0
  Current step =0
  Current step =0
  Current step =0
  Current step =0
  Current step =0
  Current step =0
  Current step =0
  Current step =0
  Current step =0
  Current step =0
  Current step =0
  Current step =0
  Current step =0

Particle statistics:
Pair potential minimum h is:  1.2035831e+00
Pair potential energy is:     1.3356870e-06
Bond harmonic potential minimum r is:  3.4745748e+00
Bond harmonic potential maximum r is:  3.5468751e+00
Bond harmonic potential energy is:     1.0577158e-04

Colloid velocities - x y z
[minimum ] -1.6661939e-04 -1.3300506e-04 -1.4791317e-04
[maximum ]  1.4991192e-04  2.0098948e-04  1.1673636e-04
  Current step =0

Scalars - total mean variance min max
[rho]       88473.60  0.80000000000  1.6098234e-14  0.79999950641  0.80000060150
[psi]  0.0000000e+00  0.0000000e+00  0.0000000e+00
[rho]  0.0000000e+00  0.0000000e+00  0.0000000e+00
[rho]  0.0000000e+00  0.0000000e+00  0.0000000e+00
[elc]  0.0000000e+00  0.0000000e+00  0.0000000e+00
[psi]  0.0000000e+00  0.0000000e+00  0.0000000e+00
[rho]  0.0000000e+00  0.0000000e+00  0.0000000e+00
[rho]  0.0000000e+00  0.0000000e+00  0.0000000e+00
[elc]  0.0000000e+00  0.0000000e+00  0.0000000e+00

Free energies - timestep f v f/v f_s a f_s/a
[fe]           2680  0.0000000000e+00  1.1059200000e+05  0.0000000000e+00  0.0000000000e+00

Momentum - x y z
[total   ] -2.6742566e-06  6.5408661e-07 -1.5712648e-06
[fluid   ]  5.6985666e-14  5.5021959e-14 -1.7390603e-13
[colloids]  0.0000000e+00  0.0000000e+00  0.0000000e+00
[subgrid ] -2.6742567e-06  6.5408655e-07 -1.5712646e-06

Total force - x y z
[fluid   ]  2.6345440e-20 -1.7289798e-21 -2.4366932e-20
[colloids]  0.0000000e+00  0.0000000e+00  0.0000000e+00
[subgrid ] -2.7023112e-04  7.4649185e-05 -1.5548239e-04

Velocity - x y z
[minimum ] -6.9245660e-06 -1.0823407e-05 -5.3524240e-06
[maximum ]  8.7766476e-06  6.8798961e-06  6.4993220e-06

Completed cycle 2680
  Current step =0
  Current step =0
  Current step =0
  Current step =0
  Current step =0
  Current step =0
  Current step =0
  Current step =0
  Current step =0
  Current step =0
  Current step =0
  Current step =0
  Current step =0
  Current step =0
  Current step =0
  Current step =0
  Current step =0
  Current step =0
  Current step =0

Particle statistics:
Pair potential minimum h is:  1.2038943e+00
Pair potential energy is:     1.3318479e-06
Bond harmonic potential minimum r is:  3.4748077e+00
Bond harmonic potential maximum r is:  3.5465109e+00
Bond harmonic potential energy is:     1.0405140e-04

Colloid velocities - x y z
[minimum ] -1.6370529e-04 -1.3093195e-04 -1.4578136e-04
[maximum ]  1.4844395e-04  1.9856088e-04  1.1580061e-04
  Current step =0
Writing colloid output at step 2700!

colloid_io_write:
writing colloid information to config.cds00002700.001-001 etc

Scalars - total mean variance min max
[rho]       88473.60  0.80000000000  6.0396133e-14  0.79999913394  0.80000058754
[psi]  0.0000000e+00  0.0000000e+00  0.0000000e+00
[rho]  0.0000000e+00  0.0000000e+00  0.0000000e+00
[rho]  0.0000000e+00  0.0000000e+00  0.0000000e+00
[elc]  0.0000000e+00  0.0000000e+00  0.0000000e+00
[psi]  0.0000000e+00  0.0000000e+00  0.0000000e+00
[rho]  0.0000000e+00  0.0000000e+00  0.0000000e+00
[rho]  0.0000000e+00  0.0000000e+00  0.0000000e+00
[elc]  0.0000000e+00  0.0000000e+00  0.0000000e+00

Free energies - timestep f v f/v f_s a f_s/a
[fe]           2700  0.0000000000e+00  1.1059200000e+05  0.0000000000e+00  0.0000000000e+00

Momentum - x y z
[total   ] -2.6574126e-06  6.5048757e-07 -1.5601050e-06
[fluid   ]  5.7946703e-14  4.7940818e-14 -1.8565705e-13
[colloids]  0.0000000e+00  0.0000000e+00  0.0000000e+00
[subgrid ] -2.6574127e-06  6.5048753e-07 -1.5601048e-06

Total force - x y z
[fluid   ]  2.4175022e-20 -6.7872466e-21 -2.2108675e-20
[colloids]  0.0000000e+00  0.0000000e+00  0.0000000e+00
[subgrid ] -2.6806053e-04  7.4117294e-05 -1.5430448e-04

Velocity - x y z
[minimum ] -6.9953579e-06 -1.0558429e-05 -5.3612647e-06
[maximum ]  8.5116563e-06  6.8181257e-06  6.2950202e-06

Completed cycle 2700
  Current step =0
  Current step =0
  Current step =0
  Current step =0
  Current step =0
  Current step =0
  Current step =0
  Current step =0
  Current step =0
  Current step =0
  Current step =0
  Current step =0
  Current step =0
  Current step =0
  Current step =0
  Current step =0
  Current step =0
  Current step =0
  Current step =0

Particle statistics:
Pair potential minimum h is:  1.2042103e+00
Pair potential energy is:     1.3279563e-06
Bond harmonic potential minimum r is:  3.4750374e+00
Bond harmonic potential maximum r is:  3.5461516e+00
Bond harmonic potential energy is:     1.0236728e-04

Colloid velocities - x y z
[minimum ] -1.6082607e-04 -1.2878102e-04 -1.4359152e-04
[maximum ]  1.4700555e-04  1.9602267e-04  1.1495209e-04
  Current step =0

Scalars - total mean variance min max
[rho]       88473.60  0.80000000000  1.6431301e-14  0.79999964543  0.80000035671
[psi]  0.0000000e+00  0.0000000e+00  0.0000000e+00
[rho]  0.0000000e+00  0.0000000e+00  0.0000000e+00
[rho]  0.0000000e+00  0.0000000e+00  0.0000000e+00
[elc]  0.0000000e+00  0.0000000e+00  0.0000000e+00
[psi]  0.0000000e+00  0.0000000e+00  0.0000000e+00
[rho]  0.0000000e+00  0.0000000e+00  0.0000000e+00
[rho]  0.0000000e+00  0.0000000e+00  0.0000000e+00
[elc]  0.0000000e+00  0.0000000e+00  0.0000000e+00

Free energies - timestep f v f/v f_s a f_s/a
[fe]           2720  0.0000000000e+00  1.1059200000e+05  0.0000000000e+00  0.0000000000e+00

Momentum - x y z
[total   ] -2.6562029e-06  6.5477905e-07 -1.5619008e-06
[fluid   ]  4.7545301e-14  4.7108151e-14 -1.6928473e-13
[colloids]  0.0000000e+00  0.0000000e+00  0.0000000e+00
[subgrid ] -2.6562029e-06  6.5477900e-07 -1.5619007e-06

Total force - x y z
[fluid   ]  5.7446922e-21  4.5147267e-21 -3.3421601e-20
[colloids]  0.0000000e+00  0.0000000e+00  0.0000000e+00
[subgrid ] -2.6760878e-04  7.4437901e-05 -1.5441778e-04

Velocity - x y z
[minimum ] -6.9997592e-06 -1.0478216e-05 -5.3578534e-06
[maximum ]  8.2941065e-06  6.6457518e-06  6.0971194e-06

Completed cycle 2720
  Current step =0
  Current step =0
  Current step =0
  Current step =0
  Current step =0
  Current step =0
  Current step =0
  Current step =0
  Current step =0
  Current step =0
  Current step =0
  Current step =0
  Current step =0
  Current step =0
  Current step =0
  Current step =0
  Current step =0
  Current step =0
  Current step =0

Particle statistics:
Pair potential minimum h is:  1.2045321e+00
Pair potential energy is:     1.3239990e-06
Bond harmonic potential minimum r is:  3.4752642e+00
Bond harmonic potential maximum r is:  3.5457951e+00
Bond harmonic potential energy is:     1.0071743e-04

Colloid velocities - x y z
[minimum ] -1.5772594e-04 -1.2674260e-04 -1.4143319e-04
[maximum ]  1.4536594e-04  1.9359625e-04  1.1409871e-04
  Current step =0

Scalars - total mean variance min max
[rho]       88473.60  0.80000000000  4.1411319e-14  0.79999950830  0.80000065808
[psi]  0.0000000e+00  0.0000000e+00  0.0000000e+00
[rho]  0.0000000e+00  0.0000000e+00  0.0000000e+00
[rho]  0.0000000e+00  0.0000000e+00  0.0000000e+00
[elc]  0.0000000e+00  0.0000000e+00  0.0000000e+00
[psi]  0.0000000e+00  0.0000000e+00  0.0000000e+00
[rho]  0.0000000e+00  0.0000000e+00  0.0000000e+00
[rho]  0.0000000e+00  0.0000000e+00  0.0000000e+00
[elc]  0.0000000e+00  0.0000000e+00  0.0000000e+00

Free energies - timestep f v f/v f_s a f_s/a
[fe]           2740  0.0000000000e+00  1.1059200000e+05  0.0000000000e+00  0.0000000000e+00

Momentum - x y z
[total   ] -2.6295329e-06  6.4649940e-07 -1.5493498e-06
[fluid   ]  5.6458310e-14  5.5577071e-14 -1.6119051e-13
[colloids]  0.0000000e+00  0.0000000e+00  0.0000000e+00
[subgrid ] -2.6295330e-06  6.4649934e-07 -1.5493496e-06

Total force - x y z
[fluid   ]  1.0832493e-20  1.8190400e-20 -4.6199894e-20
[colloids]  0.0000000e+00  0.0000000e+00  0.0000000e+00
[subgrid ] -2.6533969e-04  7.3552498e-05 -1.5324528e-04

Velocity - x y z
[minimum ] -6.8240883e-06 -1.0468088e-05 -5.2074236e-06
[maximum ]  8.3299236e-06  6.5375914e-06  6.1163725e-06

Completed cycle 2740
  Current step =0
  Current step =0
  Current step =0
  Current step =0
  Current step =0
  Current step =0
  Current step =0
  Current step =0
  Current step =0
  Current step =0
  Current step =0
  Current step =0
  Current step =0
  Current step =0
  Current step =0
  Current step =0
  Current step =0
  Current step =0
  Current step =0

Particle statistics:
Pair potential minimum h is:  1.2048606e+00
Pair potential energy is:     1.3199834e-06
Bond harmonic potential minimum r is:  3.4754877e+00
Bond harmonic potential maximum r is:  3.5454418e+00
Bond harmonic potential energy is:     9.9100804e-05

Colloid velocities - x y z
[minimum ] -1.5471036e-04 -1.2485256e-04 -1.3940971e-04
[maximum ]  1.4370318e-04  1.9140114e-04  1.1315558e-04
  Current step =0

Scalars - total mean variance min max
[rho]       88473.60  0.80000000000  3.3750780e-14  0.79999963100  0.80000056920
[psi]  0.0000000e+00  0.0000000e+00  0.0000000e+00
[rho]  0.0000000e+00  0.0000000e+00  0.0000000e+00
[rho]  0.0000000e+00  0.0000000e+00  0.0000000e+00
[elc]  0.0000000e+00  0.0000000e+00  0.0000000e+00
[psi]  0.0000000e+00  0.0000000e+00  0.0000000e+00
[rho]  0.0000000e+00  0.0000000e+00  0.0000000e+00
[rho]  0.0000000e+00  0.0000000e+00  0.0000000e+00
[elc]  0.0000000e+00  0.0000000e+00  0.0000000e+00

Free energies - timestep f v f/v f_s a f_s/a
[fe]           2760  0.0000000000e+00  1.1059200000e+05  0.0000000000e+00  0.0000000000e+00

Momentum - x y z
[total   ] -2.5992987e-06  6.3629672e-07 -1.5322887e-06
[fluid   ]  5.9049987e-14  7.1363054e-14 -1.5747473e-13
[colloids]  0.0000000e+00  0.0000000e+00  0.0000000e+00
[subgrid ] -2.5992987e-06  6.3629665e-07 -1.5322886e-06

Total force - x y z
[fluid   ] -3.0634971e-20  3.3978524e-20 -7.1652016e-20
[colloids]  0.0000000e+00  0.0000000e+00  0.0000000e+00
[subgrid ] -2.6263109e-04  7.2451019e-05 -1.5165198e-04

Velocity - x y z
[minimum ] -6.7157643e-06 -1.0284651e-05 -5.1601945e-06
[maximum ]  8.3936109e-06  6.5625543e-06  6.1310927e-06

Completed cycle 2760
  Current step =0
  Current step =0
  Current step =0
  Current step =0
  Current step =0
  Current step =0
  Current step =0
  Current step =0
  Current step =0
  Current step =0
  Current step =0
  Current step =0
  Current step =0
  Current step =0
  Current step =0
  Current step =0
  Current step =0
  Current step =0
  Current step =0

Particle statistics:
Pair potential minimum h is:  1.2051943e+00
Pair potential energy is:     1.3159282e-06
Bond harmonic potential minimum r is:  3.4757076e+00
Bond harmonic potential maximum r is:  3.5450935e+00
Bond harmonic potential energy is:     9.7517999e-05

Colloid velocities - x y z
[minimum ] -1.5205755e-04 -1.2294756e-04 -1.3743489e-04
[maximum ]  1.4228517e-04  1.8914891e-04  1.1224142e-04
  Current step =0

Scalars - total mean variance min max
[rho]       88473.60  0.80000000000  3.8746784e-14  0.79999919416  0.80000060135
[psi]  0.0000000e+00  0.0000000e+00  0.0000000e+00
[rho]  0.0000000e+00  0.0000000e+00  0.0000000e+00
[rho]  0.0000000e+00  0.0000000e+00  0.0000000e+00
[elc]  0.0000000e+00  0.0000000e+00  0.0000000e+00
[psi]  0.0000000e+00  0.0000000e+00  0.0000000e+00
[rho]  0.0000000e+00  0.0000000e+00  0.0000000e+00
[rho]  0.0000000e+00  0.0000000e+00  0.0000000e+00
[elc]  0.0000000e+00  0.0000000e+00  0.0000000e+00

Free energies - timestep f v f/v f_s a f_s/a
[fe]           2780  0.0000000000e+00  1.1059200000e+05  0.0000000000e+00  0.0000000000e+00

Momentum - x y z
[total   ] -2.5632977e-06  6.0629228e-07 -1.5382962e-06
[fluid   ]  4.9404925e-14  6.1395333e-14 -1.5435569e-13
[colloids]  0.0000000e+00  0.0000000e+00  0.0000000e+00
[subgrid ] -2.5632978e-06  6.0629221e-07 -1.5382960e-06

Total force - x y z
[fluid   ]  2.3918209e-21  3.2845040e-20 -2.1058199e-20
[colloids]  0.0000000e+00  0.0000000e+00  0.0000000e+00
[subgrid ] -2.5865157e-04  6.9282676e-05 -1.5224044e-04

Velocity - x y z
[minimum ] -6.7683709e-06 -1.0025583e-05 -5.1635316e-06
[maximum ]  8.1836492e-06  6.5235311e-06  5.9731517e-06

Completed cycle 2780
  Current step =0
  Current step =0
  Current step =0
  Current step =0
  Current step =0
  Current step =0
  Current step =0
  Current step =0
  Current step =0
  Current step =0
  Current step =0
  Current step =0
  Current step =0
  Current step =0
  Current step =0
  Current step =0
  Current step =0
  Current step =0
  Current step =0

Particle statistics:
Pair potential minimum h is:  1.2055316e+00
Pair potential energy is:     1.3118495e-06
Bond harmonic potential minimum r is:  3.4759246e+00
Bond harmonic potential maximum r is:  3.5447501e+00
Bond harmonic potential energy is:     9.5968515e-05

Colloid velocities - x y z
[minimum ] -1.4949549e-04 -1.2096114e-04 -1.3542901e-04
[maximum ]  1.4095799e-04  1.8673689e-04  1.1143603e-04
  Current step =0
Writing colloid output at step 2800!

colloid_io_write:
writing colloid information to config.cds00002800.001-001 etc

Scalars - total mean variance min max
[rho]       88473.60  0.80000000000  1.6875390e-14  0.79999954696  0.80000028029
[psi]  0.0000000e+00  0.0000000e+00  0.0000000e+00
[rho]  0.0000000e+00  0.0000000e+00  0.0000000e+00
[rho]  0.0000000e+00  0.0000000e+00  0.0000000e+00
[elc]  0.0000000e+00  0.0000000e+00  0.0000000e+00
[psi]  0.0000000e+00  0.0000000e+00  0.0000000e+00
[rho]  0.0000000e+00  0.0000000e+00  0.0000000e+00
[rho]  0.0000000e+00  0.0000000e+00  0.0000000e+00
[elc]  0.0000000e+00  0.0000000e+00  0.0000000e+00

Free energies - timestep f v f/v f_s a f_s/a
[fe]           2800  0.0000000000e+00  1.1059200000e+05  0.0000000000e+00  0.0000000000e+00

Momentum - x y z
[total   ] -2.5510594e-06  6.0253341e-07 -1.5308252e-06
[fluid   ]  2.7786801e-14  6.9316081e-14 -1.5473733e-13
[colloids]  0.0000000e+00  0.0000000e+00  0.0000000e+00
[subgrid ] -2.5510594e-06  6.0253334e-07 -1.5308250e-06

Total force - x y z
[fluid   ]  7.3539945e-21  6.7402274e-20 -2.6970477e-20
[colloids]  0.0000000e+00  0.0000000e+00  0.0000000e+00
[subgrid ] -2.5705193e-04  6.8766201e-05 -1.5141268e-04

Velocity - x y z
[minimum ] -6.7757189e-06 -9.9277974e-06 -5.1670057e-06
[maximum ]  7.9170776e-06  6.4093040e-06  5.7915829e-06

Completed cycle 2800
  Current step =0
  Current step =0
  Current step =0
  Current step =0
  Current step =0
  Current step =0
  Current step =0
  Current step =0
  Current step =0
  Current step =0
  Current step =0
  Current step =0
  Current step =0
  Current step =0
  Current step =0
  Current step =0
  Current step =0
  Current step =0
  Current step =0

Particle statistics:
Pair potential minimum h is:  1.2058738e+00
Pair potential energy is:     1.3077351e-06
Bond harmonic potential minimum r is:  3.4761388e+00
Bond harmonic potential maximum r is:  3.5444096e+00
Bond harmonic potential energy is:     9.4450222e-05

Colloid velocities - x y z
[minimum ] -1.4672787e-04 -1.1903932e-04 -1.3343895e-04
[maximum ]  1.3943369e-04  1.8446345e-04  1.1061446e-04
  Current step =0

Scalars - total mean variance min max
[rho]       88473.60  0.80000000000  4.6074256e-14  0.79999953736  0.80000055663
[psi]  0.0000000e+00  0.0000000e+00  0.0000000e+00
[rho]  0.0000000e+00  0.0000000e+00  0.0000000e+00
[rho]  0.0000000e+00  0.0000000e+00  0.0000000e+00
[elc]  0.0000000e+00  0.0000000e+00  0.0000000e+00
[psi]  0.0000000e+00  0.0000000e+00  0.0000000e+00
[rho]  0.0000000e+00  0.0000000e+00  0.0000000e+00
[rho]  0.0000000e+00  0.0000000e+00  0.0000000e+00
[elc]  0.0000000e+00  0.0000000e+00  0.0000000e+00

Free energies - timestep f v f/v f_s a f_s/a
[fe]           2820  0.0000000000e+00  1.1059200000e+05  0.0000000000e+00  0.0000000000e+00

Momentum - x y z
[total   ] -2.5408521e-06  6.0506802e-07 -1.5229424e-06
[fluid   ]  3.5971226e-14  6.6585626e-14 -1.5263832e-13
[colloids]  0.0000000e+00  0.0000000e+00  0.0000000e+00
[subgrid ] -2.5408522e-06  6.0506795e-07 -1.5229422e-06

Total force - x y z
[fluid   ] -1.5914253e-20  4.8920690e-20 -1.9719081e-20
[colloids]  0.0000000e+00  0.0000000e+00  0.0000000e+00
[subgrid ] -2.5629622e-04  6.8979336e-05 -1.5067214e-04

Velocity - x y z
[minimum ] -6.6458261e-06 -9.9193833e-06 -5.0441518e-06
[maximum ]  7.9424815e-06  6.2483567e-06  5.7573754e-06

Completed cycle 2820
  Current step =0
  Current step =0
  Current step =0
  Current step =0
  Current step =0
  Current step =0
  Current step =0
  Current step =0
  Current step =0
  Current step =0
  Current step =0
  Current step =0
  Current step =0
  Current step =0
  Current step =0
  Current step =0
  Current step =0
  Current step =0
  Current step =0

Particle statistics:
Pair potential minimum h is:  1.2062215e+00
Pair potential energy is:     1.3035764e-06
Bond harmonic potential minimum r is:  3.4763501e+00
Bond harmonic potential maximum r is:  3.5440720e+00
Bond harmonic potential energy is:     9.2962069e-05

Colloid velocities - x y z
[minimum ] -1.4397435e-04 -1.1727832e-04 -1.3154877e-04
[maximum ]  1.3784900e-04  1.8238233e-04  1.0972029e-04
  Current step =0

Scalars - total mean variance min max
[rho]       88473.60  0.80000000000  2.9087843e-14  0.79999971894  0.80000058252
[psi]  0.0000000e+00  0.0000000e+00  0.0000000e+00
[rho]  0.0000000e+00  0.0000000e+00  0.0000000e+00
[rho]  0.0000000e+00  0.0000000e+00  0.0000000e+00
[elc]  0.0000000e+00  0.0000000e+00  0.0000000e+00
[psi]  0.0000000e+00  0.0000000e+00  0.0000000e+00
[rho]  0.0000000e+00  0.0000000e+00  0.0000000e+00
[rho]  0.0000000e+00  0.0000000e+00  0.0000000e+00
[elc]  0.0000000e+00  0.0000000e+00  0.0000000e+00

Free energies - timestep f v f/v f_s a f_s/a
[fe]           2840  0.0000000000e+00  1.1059200000e+05  0.0000000000e+00  0.0000000000e+00

Momentum - x y z
[total   ] -2.5145898e-06  5.9651550e-07 -1.5072799e-06
[fluid   ]  4.3898912e-14  6.6835426e-14 -1.4466206e-13
[colloids]  0.0000000e+00  0.0000000e+00  0.0000000e+00
[subgrid ] -2.5145899e-06  5.9651543e-07 -1.5072798e-06

Total force - x y z
[fluid   ]  2.1834358e-20  2.8456706e-20 -1.1590103e-20
[colloids]  0.0000000e+00  0.0000000e+00  0.0000000e+00
[subgrid ] -2.5404117e-04  6.8061188e-05 -1.4922881e-04

Velocity - x y z
[minimum ] -6.5227012e-06 -9.7771341e-06 -4.9825596e-06
[maximum ]  8.0245147e-06  6.2580582e-06  5.7932097e-06

Completed cycle 2840
  Current step =0
  Current step =0
  Current step =0
  Current step =0
  Current step =0
  Current step =0
  Current step =0
  Current step =0
  Current step =0
  Current step =0
  Current step =0
  Current step =0
  Current step =0
  Current step =0
  Current step =0
  Current step =0
  Current step =0
  Current step =0
  Current step =0

Particle statistics:
Pair potential minimum h is:  1.2065735e+00
Pair potential energy is:     1.2993856e-06
Bond harmonic potential minimum r is:  3.4765582e+00
Bond harmonic potential maximum r is:  3.5437390e+00
Bond harmonic potential energy is:     9.1503697e-05

Colloid velocities - x y z
[minimum ] -1.4153669e-04 -1.1553426e-04 -1.2973976e-04
[maximum ]  1.3648553e-04  1.8025961e-04  1.0884727e-04
  Current step =0

Scalars - total mean variance min max
[rho]       88473.60  0.80000000000  4.3076653e-14  0.79999925510  0.80000058631
[psi]  0.0000000e+00  0.0000000e+00  0.0000000e+00
[rho]  0.0000000e+00  0.0000000e+00  0.0000000e+00
[rho]  0.0000000e+00  0.0000000e+00  0.0000000e+00
[elc]  0.0000000e+00  0.0000000e+00  0.0000000e+00
[psi]  0.0000000e+00  0.0000000e+00  0.0000000e+00
[rho]  0.0000000e+00  0.0000000e+00  0.0000000e+00
[rho]  0.0000000e+00  0.0000000e+00  0.0000000e+00
[elc]  0.0000000e+00  0.0000000e+00  0.0000000e+00

Free energies - timestep f v f/v f_s a f_s/a
[fe]           2860  0.0000000000e+00  1.1059200000e+05  0.0000000000e+00  0.0000000000e+00

Momentum - x y z
[total   ] -2.4959750e-06  5.9219519e-07 -1.4938154e-06
[fluid   ]  3.9961090e-14  7.1741224e-14 -1.3259185e-13
[colloids]  0.0000000e+00  0.0000000e+00  0.0000000e+00
[subgrid ] -2.4959751e-06  5.9219511e-07 -1.4938153e-06

Total force - x y z
[fluid   ]  6.9129299e-21  1.0018096e-20 -1.2911206e-20
[colloids]  0.0000000e+00  0.0000000e+00  0.0000000e+00
[subgrid ] -2.5194493e-04  6.7475900e-05 -1.4788146e-04

Velocity - x y z
[minimum ] -6.5357263e-06 -9.5365376e-06 -4.9927968e-06
[maximum ]  7.8392609e-06  6.2252718e-06  5.6865086e-06

Completed cycle 2860
  Current step =0
  Current step =0
  Current step =0
  Current step =0
  Current step =0
  Current step =0
  Current step =0
  Current step =0
  Current step =0
  Current step =0
  Current step =0
  Current step =0
  Current step =0
  Current step =0
  Current step =0
  Current step =0
  Current step =0
  Current step =0
  Current step =0

Particle statistics:
Pair potential minimum h is:  1.2069289e+00
Pair potential energy is:     1.2951765e-06
Bond harmonic potential minimum r is:  3.4767634e+00
Bond harmonic potential maximum r is:  3.5434107e+00
Bond harmonic potential energy is:     9.0074800e-05

Colloid velocities - x y z
[minimum ] -1.3923866e-04 -1.1369545e-04 -1.2790439e-04
[maximum ]  1.3523176e-04  1.7804009e-04  1.0805106e-04
  Current step =0

Scalars - total mean variance min max
[rho]       88473.60  0.80000000000  2.7755576e-14  0.79999947859  0.80000032271
[psi]  0.0000000e+00  0.0000000e+00  0.0000000e+00
[rho]  0.0000000e+00  0.0000000e+00  0.0000000e+00
[rho]  0.0000000e+00  0.0000000e+00  0.0000000e+00
[elc]  0.0000000e+00  0.0000000e+00  0.0000000e+00
[psi]  0.0000000e+00  0.0000000e+00  0.0000000e+00
[rho]  0.0000000e+00  0.0000000e+00  0.0000000e+00
[rho]  0.0000000e+00  0.0000000e+00  0.0000000e+00
[elc]  0.0000000e+00  0.0000000e+00  0.0000000e+00

Free energies - timestep f v f/v f_s a f_s/a
[fe]           2880  0.0000000000e+00  1.1059200000e+05  0.0000000000e+00  0.0000000000e+00

Momentum - x y z
[total   ] -2.4844780e-06  5.9083274e-07 -1.4857056e-06
[fluid   ]  5.2381710e-14  7.4402290e-14 -1.4802395e-13
[colloids]  0.0000000e+00  0.0000000e+00  0.0000000e+00
[subgrid ] -2.4844780e-06  5.9083266e-07 -1.4857055e-06

Total force - x y z
[fluid   ]  2.1104691e-20 -8.0319595e-21 -2.1925448e-20
[colloids]  0.0000000e+00  0.0000000e+00  0.0000000e+00
[subgrid ] -2.5036722e-04  6.7211971e-05 -1.4698474e-04

Velocity - x y z
[minimum ] -6.5811749e-06 -9.4122939e-06 -4.9859826e-06
[maximum ]  7.6000466e-06  6.1968947e-06  5.4858228e-06

Completed cycle 2880
  Current step =0
  Current step =0
  Current step =0
  Current step =0
  Current step =0
  Current step =0
  Current step =0
  Current step =0
  Current step =0
  Current step =0
  Current step =0
  Current step =0
  Current step =0
  Current step =0
  Current step =0
  Current step =0
  Current step =0
  Current step =0
  Current step =0

Particle statistics:
Pair potential minimum h is:  1.2072879e+00
Pair potential energy is:     1.2909454e-06
Bond harmonic potential minimum r is:  3.4769661e+00
Bond harmonic potential maximum r is:  3.5430855e+00
Bond harmonic potential energy is:     8.8674001e-05

Colloid velocities - x y z
[minimum ] -1.3676904e-04 -1.1190070e-04 -1.2605909e-04
[maximum ]  1.3383130e-04  1.7587113e-04  1.0727271e-04
  Current step =0
Writing colloid output at step 2900!

colloid_io_write:
writing colloid information to config.cds00002900.001-001 etc

Scalars - total mean variance min max
[rho]       88473.60  0.80000000000  1.6653345e-14  0.79999961234  0.80000051042
[psi]  0.0000000e+00  0.0000000e+00  0.0000000e+00
[rho]  0.0000000e+00  0.0000000e+00  0.0000000e+00
[rho]  0.0000000e+00  0.0000000e+00  0.0000000e+00
[elc]  0.0000000e+00  0.0000000e+00  0.0000000e+00
[psi]  0.0000000e+00  0.0000000e+00  0.0000000e+00
[rho]  0.0000000e+00  0.0000000e+00  0.0000000e+00
[rho]  0.0000000e+00  0.0000000e+00  0.0000000e+00
[elc]  0.0000000e+00  0.0000000e+00  0.0000000e+00

Free energies - timestep f v f/v f_s a f_s/a
[fe]           2900  0.0000000000e+00  1.1059200000e+05  0.0000000000e+00  0.0000000000e+00

Momentum - x y z
[total   ] -2.4648264e-06  5.8572979e-07 -1.4755557e-06
[fluid   ]  5.3436422e-14  6.9715067e-14 -1.5322466e-13
[colloids]  0.0000000e+00  0.0000000e+00  0.0000000e+00
[subgrid ] -2.4648264e-06  5.8572972e-07 -1.4755555e-06

Total force - x y z
[fluid   ]  8.7550307e-21  6.7547443e-21 -3.2774004e-20
[colloids]  0.0000000e+00  0.0000000e+00  0.0000000e+00
[subgrid ] -2.4855736e-04  6.6648493e-05 -1.4599771e-04

Velocity - x y z
[minimum ] -6.4708673e-06 -9.4043212e-06 -4.8878933e-06
[maximum ]  7.5803382e-06  6.0322752e-06  5.4363971e-06

Completed cycle 2900
  Current step =0
  Current step =0
  Current step =0
  Current step =0
  Current step =0
  Current step =0
  Current step =0
  Current step =0
  Current step =0
  Current step =0
  Current step =0
  Current step =0
  Current step =0
  Current step =0
  Current step =0
  Current step =0
  Current step =0
  Current step =0
  Current step =0

Particle statistics:
Pair potential minimum h is:  1.2076516e+00
Pair potential energy is:     1.2866801e-06
Bond harmonic potential minimum r is:  3.4771662e+00
Bond harmonic potential maximum r is:  3.5427628e+00
Bond harmonic potential energy is:     8.7300109e-05

Colloid velocities - x y z
[minimum ] -1.3425088e-04 -1.1025727e-04 -1.2431492e-04
[maximum ]  1.3233978e-04  1.7387218e-04  1.0643817e-04
  Current step =0

Scalars - total mean variance min max
[rho]       88473.60  0.80000000000  2.2426505e-14  0.79999969585  0.80000056760
[psi]  0.0000000e+00  0.0000000e+00  0.0000000e+00
[rho]  0.0000000e+00  0.0000000e+00  0.0000000e+00
[rho]  0.0000000e+00  0.0000000e+00  0.0000000e+00
[elc]  0.0000000e+00  0.0000000e+00  0.0000000e+00
[psi]  0.0000000e+00  0.0000000e+00  0.0000000e+00
[rho]  0.0000000e+00  0.0000000e+00  0.0000000e+00
[rho]  0.0000000e+00  0.0000000e+00  0.0000000e+00
[elc]  0.0000000e+00  0.0000000e+00  0.0000000e+00

Free energies - timestep f v f/v f_s a f_s/a
[fe]           2920  0.0000000000e+00  1.1059200000e+05  0.0000000000e+00  0.0000000000e+00

Momentum - x y z
[total   ] -2.4374133e-06  5.7727459e-07 -1.4601417e-06
[fluid   ]  5.2489263e-14  7.0689982e-14 -1.5865781e-13
[colloids]  0.0000000e+00  0.0000000e+00  0.0000000e+00
[subgrid ] -2.4374134e-06  5.7727452e-07 -1.4601415e-06

Total force - x y z
[fluid   ]  1.2487814e-20  4.8601019e-20 -4.7818743e-20
[colloids]  0.0000000e+00  0.0000000e+00  0.0000000e+00
[subgrid ] -2.4621272e-04  6.5738573e-05 -1.4456798e-04

Velocity - x y z
[minimum ] -6.3253241e-06 -9.3012588e-06 -4.8123884e-06
[maximum ]  7.6479626e-06  5.9579099e-06  5.4854000e-06

Completed cycle 2920
  Current step =0
  Current step =0
  Current step =0
  Current step =0
  Current step =0
  Current step =0
  Current step =0
  Current step =0
  Current step =0
  Current step =0
  Current step =0
  Current step =0
  Current step =0
  Current step =0
  Current step =0
  Current step =0
  Current step =0
  Current step =0
  Current step =0

Particle statistics:
Pair potential minimum h is:  1.2080195e+00
Pair potential energy is:     1.2823861e-06
Bond harmonic potential minimum r is:  3.4773634e+00
Bond harmonic potential maximum r is:  3.5424440e+00
Bond harmonic potential energy is:     8.5952953e-05

Colloid velocities - x y z
[minimum ] -1.3199817e-04 -1.0926839e-04 -1.2264944e-04
[maximum ]  1.3100627e-04  1.7192615e-04  1.0558550e-04
  Current step =0

Scalars - total mean variance min max
[rho]       88473.60  0.80000000000  3.7858605e-14  0.79999933895  0.80000054078
[psi]  0.0000000e+00  0.0000000e+00  0.0000000e+00
[rho]  0.0000000e+00  0.0000000e+00  0.0000000e+00
[rho]  0.0000000e+00  0.0000000e+00  0.0000000e+00
[elc]  0.0000000e+00  0.0000000e+00  0.0000000e+00
[psi]  0.0000000e+00  0.0000000e+00  0.0000000e+00
[rho]  0.0000000e+00  0.0000000e+00  0.0000000e+00
[rho]  0.0000000e+00  0.0000000e+00  0.0000000e+00
[elc]  0.0000000e+00  0.0000000e+00  0.0000000e+00

Free energies - timestep f v f/v f_s a f_s/a
[fe]           2940  0.0000000000e+00  1.1059200000e+05  0.0000000000e+00  0.0000000000e+00

Momentum - x y z
[total   ] -2.4171489e-06  5.7188020e-07 -1.4461377e-06
[fluid   ]  5.3661936e-14  7.2754303e-14 -1.7279927e-13
[colloids]  0.0000000e+00  0.0000000e+00  0.0000000e+00
[subgrid ] -2.4171489e-06  5.7188013e-07 -1.4461376e-06

Total force - x y z
[fluid   ]  2.0096598e-20 -1.1370335e-20 -8.9103734e-20
[colloids]  0.0000000e+00  0.0000000e+00  0.0000000e+00
[subgrid ] -2.4403988e-04  6.5078050e-05 -1.4318421e-04

Velocity - x y z
[minimum ] -6.3313834e-06 -9.0760107e-06 -4.8231492e-06
[maximum ]  7.5400876e-06  5.9761274e-06  5.3937081e-06

Completed cycle 2940
  Current step =0
  Current step =0
  Current step =0
  Current step =0
  Current step =0
  Current step =0
  Current step =0
  Current step =0
  Current step =0
  Current step =0
  Current step =0
  Current step =0
  Current step =0
  Current step =0
  Current step =0
  Current step =0
  Current step =0
  Current step =0
  Current step =0

Particle statistics:
Pair potential minimum h is:  1.2083900e+00
Pair potential energy is:     1.2780812e-06
Bond harmonic potential minimum r is:  3.4775578e+00
Bond harmonic potential maximum r is:  3.5421297e+00
Bond harmonic potential energy is:     8.4632410e-05

Colloid velocities - x y z
[minimum ] -1.2992741e-04 -1.0841579e-04 -1.2096179e-04
[maximum ]  1.2982286e-04  1.6984504e-04  1.0481254e-04
  Current step =0

Scalars - total mean variance min max
[rho]       88473.60  0.80000000000  2.4091840e-14  0.79999943574  0.80000034173
[psi]  0.0000000e+00  0.0000000e+00  0.0000000e+00
[rho]  0.0000000e+00  0.0000000e+00  0.0000000e+00
[rho]  0.0000000e+00  0.0000000e+00  0.0000000e+00
[elc]  0.0000000e+00  0.0000000e+00  0.0000000e+00
[psi]  0.0000000e+00  0.0000000e+00  0.0000000e+00
[rho]  0.0000000e+00  0.0000000e+00  0.0000000e+00
[rho]  0.0000000e+00  0.0000000e+00  0.0000000e+00
[elc]  0.0000000e+00  0.0000000e+00  0.0000000e+00

Free energies - timestep f v f/v f_s a f_s/a
[fe]           2960  0.0000000000e+00  1.1059200000e+05  0.0000000000e+00  0.0000000000e+00

Momentum - x y z
[total   ] -2.4051937e-06  5.7031487e-07 -1.4375380e-06
[fluid   ]  4.7285093e-14  7.7389484e-14 -1.8999038e-13
[colloids]  0.0000000e+00  0.0000000e+00  0.0000000e+00
[subgrid ] -2.4051937e-06  5.7031479e-07 -1.4375378e-06

Total force - x y z
[fluid   ]  1.0579542e-20  2.0111154e-20 -4.3747227e-20
[colloids]  0.0000000e+00  0.0000000e+00  0.0000000e+00
[subgrid ] -2.4242626e-04  6.4790791e-05 -1.4225320e-04

Velocity - x y z
[minimum ] -6.3823779e-06 -8.9353590e-06 -4.8092784e-06
[maximum ]  7.3003891e-06  5.9838708e-06  5.2146553e-06

Completed cycle 2960
  Current step =0
  Current step =0
  Current step =0
  Current step =0
  Current step =0
  Current step =0
  Current step =0
  Current step =0
  Current step =0
  Current step =0
  Current step =0
  Current step =0
  Current step =0
  Current step =0
  Current step =0
  Current step =0
  Current step =0
  Current step =0
  Current step =0

Particle statistics:
Pair potential minimum h is:  1.2087635e+00
Pair potential energy is:     1.2737635e-06
Bond harmonic potential minimum r is:  3.4777499e+00
Bond harmonic potential maximum r is:  3.5418185e+00
Bond harmonic potential energy is:     8.3337441e-05

Colloid velocities - x y z
[minimum ] -1.2772041e-04 -1.0745334e-04 -1.1926561e-04
[maximum ]  1.2853307e-04  1.6776926e-04  1.0408078e-04
  Current step =0

Scalars - total mean variance min max
[rho]       88473.60  0.80000000000  4.6629367e-15  0.79999967559  0.80000042794
[psi]  0.0000000e+00  0.0000000e+00  0.0000000e+00
[rho]  0.0000000e+00  0.0000000e+00  0.0000000e+00
[rho]  0.0000000e+00  0.0000000e+00  0.0000000e+00
[elc]  0.0000000e+00  0.0000000e+00  0.0000000e+00
[psi]  0.0000000e+00  0.0000000e+00  0.0000000e+00
[rho]  0.0000000e+00  0.0000000e+00  0.0000000e+00
[rho]  0.0000000e+00  0.0000000e+00  0.0000000e+00
[elc]  0.0000000e+00  0.0000000e+00  0.0000000e+00

Free energies - timestep f v f/v f_s a f_s/a
[fe]           2980  0.0000000000e+00  1.1059200000e+05  0.0000000000e+00  0.0000000000e+00

Momentum - x y z
[total   ] -2.3877783e-06  5.6625251e-07 -1.4284887e-06
[fluid   ]  4.4145243e-14  7.5845580e-14 -1.8075125e-13
[colloids]  0.0000000e+00  0.0000000e+00  0.0000000e+00
[subgrid ] -2.3877783e-06  5.6625243e-07 -1.4284886e-06

Total force - x y z
[fluid   ] -5.6513048e-21  5.0289888e-20 -5.7072285e-20
[colloids]  0.0000000e+00  0.0000000e+00  0.0000000e+00
[subgrid ] -2.4074331e-04  6.4313253e-05 -1.4134843e-04

Velocity - x y z
[minimum ] -6.2913908e-06 -8.9245621e-06 -4.7310388e-06
[maximum ]  7.2261379e-06  5.8488500e-06  5.1506268e-06

Completed cycle 2980
  Current step =0
  Current step =0
  Current step =0
  Current step =0
  Current step =0
  Current step =0
  Current step =0
  Current step =0
  Current step =0
  Current step =0
  Current step =0
  Current step =0
  Current step =0
  Current step =0
  Current step =0
  Current step =0
  Current step =0
  Current step =0
  Current step =0

Particle statistics:
Pair potential minimum h is:  1.2091411e+00
Pair potential energy is:     1.2694191e-06
Bond harmonic potential minimum r is:  3.4779395e+00
Bond harmonic potential maximum r is:  3.5415096e+00
Bond harmonic potential energy is:     8.2066842e-05

Colloid velocities - x y z
[minimum ] -1.2542186e-04 -1.0649015e-04 -1.1764377e-04
[maximum ]  1.2711441e-04  1.6589543e-04  1.0328280e-04
  Current step =0
Writing distribution output at step 3000!
MPIIO wrote to dist-000003000.001-001
-       dist aggregated  50.430 MB in   0.572 seconds
-       dist wrote       50.430 MB in   0.015 seconds
-       dist rate         3.301 GB per second
Writing colloid output at step 3000!

colloid_io_write:
writing colloid information to config.cds00003000.001-001 etc
Writing electrokinetic data at step 3000!
MPIIO wrote to psi-000003000.001-001
-        psi aggregated   2.654 MB in   0.030 seconds
-        psi wrote        2.654 MB in   0.001 seconds
-        psi rate         2.054 GB per second
MPIIO wrote to qsi-000003000.001-001
-        qsi aggregated   5.198 MB in   0.052 seconds
-        qsi wrote        5.198 MB in   0.002 seconds
-        qsi rate         2.811 GB per second
MPIIO wrote to efield-000003000.001-001
-     efield aggregated   7.741 MB in   0.075 seconds
-     efield wrote        7.741 MB in   0.003 seconds
-     efield rate         2.988 GB per second
Writing rho/velocity output at step 3000!
MPIIO wrote to rho-000003000.001-001
-        rho aggregated   2.654 MB in   0.035 seconds
-        rho wrote        2.654 MB in   0.001 seconds
-        rho rate         2.098 GB per second
MPIIO wrote to vel-000003000.001-001
-        vel aggregated   7.741 MB in   0.108 seconds
-        vel wrote        7.741 MB in   0.003 seconds
-        vel rate         2.514 GB per second

Scalars - total mean variance min max
[rho]       88473.60  0.80000000000  1.9761970e-14  0.79999966836  0.80000055280
[psi]  0.0000000e+00  0.0000000e+00  0.0000000e+00
[rho]  0.0000000e+00  0.0000000e+00  0.0000000e+00
[rho]  0.0000000e+00  0.0000000e+00  0.0000000e+00
[elc]  0.0000000e+00  0.0000000e+00  0.0000000e+00
[psi]  0.0000000e+00  0.0000000e+00  0.0000000e+00
[rho]  0.0000000e+00  0.0000000e+00  0.0000000e+00
[rho]  0.0000000e+00  0.0000000e+00  0.0000000e+00
[elc]  0.0000000e+00  0.0000000e+00  0.0000000e+00

Free energies - timestep f v f/v f_s a f_s/a
[fe]           3000  0.0000000000e+00  1.1059200000e+05  0.0000000000e+00  0.0000000000e+00

Momentum - x y z
[total   ] -2.3621141e-06  5.5822205e-07 -1.4143044e-06
[fluid   ]  3.3622410e-14  6.8018507e-14 -1.8195861e-13
[colloids]  0.0000000e+00  0.0000000e+00  0.0000000e+00
[subgrid ] -2.3621141e-06  5.5822198e-07 -1.4143042e-06

Total force - x y z
[fluid   ] -2.5701211e-21 -8.1439828e-21  2.3844226e-21
[colloids]  0.0000000e+00  0.0000000e+00  0.0000000e+00
[subgrid ] -2.3854365e-04  6.3467945e-05 -1.4002740e-04

Velocity - x y z
[minimum ] -6.1536533e-06 -8.8475902e-06 -4.6483311e-06
[maximum ]  7.3159083e-06  5.7270549e-06  5.1787043e-06

Completed cycle 3000

Timer resolution: 1e-09 second

Timer statistics
             Section:       tmin       tmax      total
               Total:  10727.229  10727.229  10727.229 10727.228627 (1 call)
      Time step loop:      2.814      7.894  10704.770   3.568257 (3000 calls)
         Propagation:      0.001      0.017      6.412   0.002137 (3000 calls)
    Propagtn (krnl) :      0.001      0.006      4.147   0.001382 (3000 calls)
           Collision:      0.014      0.070     66.926   0.022309 (3000 calls)
   Collision (krnl) :      0.014      0.065     65.757   0.021919 (3000 calls)
       Lattice halos:      0.000      0.042     46.535   0.003102 (15000 calls)
            -> irecv:      0.000      0.000      0.007   0.000001 (6000 calls)
             -> pack:      0.000      0.006      3.010   0.000502 (6000 calls)
            -> isend:      0.000      0.000      0.003   0.000000 (6000 calls)
          -> waitall:      0.000      0.000      0.008   0.000001 (6000 calls)
           -> unpack:      0.000      0.006      3.058   0.000510 (6000 calls)
       phi gradients:      0.000      0.000      0.002   0.000001 (3000 calls)
            -> irecv:      0.000      0.000      0.022   0.000001 (24001 calls)
             -> pack:      0.000      0.007     11.752   0.000490 (24001 calls)
            -> isend:      0.000      0.000      0.011   0.000000 (24001 calls)
          -> waitall:      0.000      0.000      0.035   0.000001 (24001 calls)
           -> unpack:      0.000      0.005      5.728   0.000239 (24001 calls)
              Forces:      0.244      0.555    943.963   0.314654 (3000 calls)
             Rebuild:      0.004      0.012     16.830   0.005610 (3000 calls)
                 BBL:      0.036      0.086    138.900   0.046300 (3000 calls)
      Particle halos:      0.006      0.029     24.425   0.008142 (3000 calls)
   Force calculation:      0.047      3.137   4240.383   0.706731 (6000 calls)
          phi update:      0.000      0.000      0.000   0.000000 (3000 calls)
    Poisson equation:      0.002      0.040     12.299   0.004100 (3000 calls)
       Nernst Planck:      0.010      0.077     56.642   0.018881 (3000 calls)
Diagnostics / output:      0.000      1.144     27.713   0.009238 (3000 calls)
End time: Sun Sep 20 18:03:54 2026
Ludwig finished normally.
