****************************************************************************
* hwloc 2.7.1 received invalid information from the operating system.
*
* Failed with: intersection without inclusion
* while inserting Group0 (P#8 cpuset 0x000f0000) at L1d (P#8 cpuset 0x00010006)
* coming from: linux:sysfs:cluster
*
* The following FAQ entry in the hwloc documentation may help:
*   What should I do when hwloc reports "operating system" warnings?
* Otherwise please report this error message to the hwloc user's mailing list,
* along with the files generated by the hwloc-gather-topology script.
* 
* hwloc will now ignore this invalid topology information and continue.
****************************************************************************
hwloc/linux: Ignoring PCI device with non-16bit domain.
Pass --enable-32bits-pci-domain to configure to support such devices
(warning: it would break the library ABI, don't enable unless really needed).
Welcome to: Ludwig v0.23.0 (Serial version running on 1 process)
Git commit: fc9e63d966a4686509251e56ab0332c7c7ac04c1

Start time: Thu Oct  1 18:29:39 2026

Compiler:
  name:           NVIDIA nvcc 13.3.73
  version-string: none
  options:        -ccbin=/usr/local/ompi/bin/mpicc -O0 -g -G -DADDR_SOA -DNSIMDVL=4 -arch=sm_89 -x cu -dc -Xcompiler -Wall

Note assertions via standard C assert() are on.

Target thread model: CUDA.
Default threads per block: 128; max. threads per block: 1024.

Read 38 user parameters from input

System details
--------------
System size:    4 4 78
Decomposition:  1 1 1
Local domain:   4 4 78
Periodic:       1 1 1
Halo nhalo:     3
Reorder:        true
Initialised:    1

Free energy details
-------------------

Electrokinetics (single fluid) selected

Parameters:
Electrokinetic species:     2
Boltzmann factor:           1.0000000e+05 (T =  1.0000000e-05)
Unit charge:                1.0000000e+00
Permittivity:               1.0000000e+04
Bjerrum length:             7.9577472e-01
Valency species 0:          1
Diffusivity species 0:      8.1458970e-03
Valency species 1:         -1
Diffusivity species 1:      8.1458970e-03
Solver type:                        petsc
Solver stencil points:                 27
Relative tolerance:         1.0000000e-18
Absolute tolerance:         1.0000000e-18
Max. no. of iterations:             10000
Number of multisteps:       1
Diffusive accuracy in NPE:  0.0000000e+00
Force calculation:      phi_gradmu_correction

System properties
----------------
Mean fluid density:           1.00000e+00
Shear viscosity               1.66667e-01
Bulk viscosity                1.66667e-01
Temperature                   1.00000e-05
External body force density   0.00000e+00  0.00000e+00  0.00000e+00
External E-field amplitude    0.00000e+00  0.00000e+00  0.00000e+00
External E-field frequency    0.00000e+00
External magnetic field       0.00000e+00  0.00000e+00  0.00000e+00

Lattice Boltzmann distributions
-------------------------------
Model:            d3q19 R
SIMD vector len:  4
Number of sets:   1
Halo type:        full halo
Input format:     binary
Output format:    binary
I/O grid:         1 1 1

Lattice Boltzmann collision
---------------------------
Relaxation time scheme:   M10
Hydrodynamic modes:       on
Ghost modes:              on
Isothermal fluctuations:  off
Shear relaxation time:    1.00000e+00
Bulk relaxation time:     1.00000e+00
Ghost relaxation time:    1.00000e+00
[User   ] Random number seed: 8361235

Hydrodynamics
-------------
Hydrodynamics: off

Advection scheme order:  1 (default)

Initial charge densities
------------------------
Initial conditions:         Uniform
Initial condition rho_el:  1.3888890e-03
Debye length:              5.9999998e+00

Porous Media
------------
Wall boundary links allocated:   160
Memory (total, bytes):           2560

Arranging initial charge neutrality.

[DIAG psi_electroneutral] qtot=0.0000000000000000e+00 n_near=0 n_near_global=0 vf=1216 vf_eff=1216 rho_el=1.3888889999999999e-03 rhoi=0.0000000000000000e+00 rhoi_opp=0.0000000000000000e+00 nc=0 nn=1
Initial conditions.

Scalars - total mean variance min max
[rho]        1216.00  1.00000000000  0.0000000e+00  1.00000000000  1.00000000000
[psi]  0.0000000e+00  0.0000000e+00  0.0000000e+00
[rho]  1.7333335e+00  1.3888890e-03  1.3888890e-03
[rho]  1.7333335e+00  1.3888890e-03  1.3888890e-03
[elc]  0.0000000e+00  0.0000000e+00  0.0000000e+00
[psi]  0.0000000e+00  0.0000000e+00  0.0000000e+00
[rho]  1.7333335e+00  1.3888890e-03  1.3888890e-03
[rho]  1.7333335e+00  1.3888890e-03  1.3888890e-03
[elc]  0.0000000e+00  0.0000000e+00  0.0000000e+00

Free energy density - timestep total fluid
[fed]              0 -2.1053477051e-02 -2.1053477051e-02

Momentum - x y z
[total   ]  0.0000000e+00  0.0000000e+00  0.0000000e+00
[fluid   ]  0.0000000e+00  0.0000000e+00  0.0000000e+00
[walls   ]  0.0000000e+00  0.0000000e+00  0.0000000e+00

Starting time step loop.
Per-particle csv output frequency: 1
Kappa calculado: 0.166666673333333
WARNING: could not open particle_Esub.csv for writing
WARNING: could not open particle_force.csv for writing
Using non-Ewald solver

Constant-potential walls (PETSc, Asta et al. 2019)
Wall axis:                              z
Potential lower wall:       0.0000000e+00
Potential upper wall:       1.0000000e-01
  Current step =0
Writing distribution output at step 1!
MPIIO wrote to dist-000000001.001-001
-       dist aggregated   0.569 MB in   0.004 seconds
-       dist wrote        0.569 MB in   0.001 seconds
-       dist rate         0.795 GB per second
Writing electrokinetic data at step 1!
MPIIO wrote to psi-000000001.001-001
-        psi aggregated   0.030 MB in   0.000 seconds
-        psi wrote        0.030 MB in   0.000 seconds
-        psi rate         0.127 GB per second
MPIIO wrote to qsi-000000001.001-001
-        qsi aggregated   0.059 MB in   0.000 seconds
-        qsi wrote        0.059 MB in   0.000 seconds
-        qsi rate         0.266 GB per second
MPIIO wrote to efield-000000001.001-001
-     efield aggregated   0.087 MB in   0.001 seconds
-     efield wrote        0.087 MB in   0.000 seconds
-     efield rate         0.373 GB per second
  Current step =0
  Current step =0
  Current step =0
  Current step =0
  Current step =0
  Current step =0
  Current step =0
  Current step =0
  Current step =0
  Current step =0
  Current step =0
  Current step =0
  Current step =0
  Current step =0
  Current step =0
  Current step =0
  Current step =0
  Current step =0
  Current step =0
  Current step =0
  Current step =0
  Current step =0
  Current step =0
  Current step =0
  Current step =0
  Current step =0
  Current step =0
  Current step =0
  Current step =0
  Current step =0
  Current step =0
  Current step =0
  Current step =0
  Current step =0
  Current step =0
  Current step =0
  Current step =0
  Current step =0
  Current step =0
  Current step =0
  Current step =0
  Current step =0
  Current step =0
  Current step =0
  Current step =0
  Current step =0
  Current step =0
  Current step =0

Krylov solver
Norm of residual 3.26079e-17 at 21 iterations
Wall charge lower -2.243715248144981e-03 upper  2.243715248148156e-03
Fluid charge      -1.539567084929416e-16 total  3.021454614282604e-15
  Current step =0
  Current step =0
  Current step =0
  Current step =0
  Current step =0
  Current step =0
  Current step =0
  Current step =0
  Current step =0
  Current step =0
  Current step =0
  Current step =0
  Current step =0
  Current step =0
  Current step =0
  Current step =0
  Current step =0
  Current step =0
  Current step =0
  Current step =0
  Current step =0
  Current step =0
  Current step =0
  Current step =0
  Current step =0
  Current step =0
  Current step =0
  Current step =0
  Current step =0
  Current step =0
  Current step =0
  Current step =0
  Current step =0
  Current step =0
  Current step =0
  Current step =0
  Current step =0
  Current step =0
  Current step =0
  Current step =0
  Current step =0
  Current step =0
  Current step =0
  Current step =0
  Current step =0
  Current step =0
  Current step =0
  Current step =0
  Current step =0
  Current step =0

Krylov solver
Norm of residual 3.26074e-17 at 21 iterations
Wall charge lower -2.381165226363915e-03 upper  2.381165226367131e-03
Fluid charge      -2.387413183813081e-16 total  2.977002325210698e-15
  Current step =0
  Current step =0
  Current step =0
  Current step =0
  Current step =0
  Current step =0
  Current step =0
  Current step =0
  Current step =0
  Current step =0
  Current step =0
  Current step =0
  Current step =0
  Current step =0
  Current step =0
  Current step =0
  Current step =0
  Current step =0
  Current step =0
  Current step =0
  Current step =0
  Current step =0
  Current step =0
  Current step =0
  Current step =0
  Current step =0
  Current step =0
  Current step =0
  Current step =0
  Current step =0
  Current step =0
  Current step =0
  Current step =0
  Current step =0
  Current step =0
  Current step =0
  Current step =0
  Current step =0
  Current step =0
  Current step =0
  Current step =0
  Current step =0
  Current step =0
  Current step =0
  Current step =0
  Current step =0
  Current step =0
  Current step =0
  Current step =0
  Current step =0

Krylov solver
Norm of residual 3.26072e-17 at 21 iterations
Wall charge lower -2.515862710774978e-03 upper  2.515862710777965e-03
Fluid charge      -3.551846317062513e-16 total  2.632009193925811e-15
  Current step =0
  Current step =0
  Current step =0
  Current step =0
  Current step =0
  Current step =0
  Current step =0
  Current step =0
  Current step =0
  Current step =0
  Current step =0
  Current step =0
  Current step =0
  Current step =0
  Current step =0
  Current step =0
  Current step =0
  Current step =0
  Current step =0
  Current step =0
  Current step =0
  Current step =0
  Current step =0
  Current step =0
  Current step =0
  Current step =0
  Current step =0
  Current step =0
  Current step =0
  Current step =0
  Current step =0
  Current step =0
  Current step =0
  Current step =0
  Current step =0
  Current step =0
  Current step =0
  Current step =0
  Current step =0
  Current step =0
  Current step =0
  Current step =0
  Current step =0
  Current step =0
  Current step =0
  Current step =0
  Current step =0
  Current step =0
  Current step =0
  Current step =0

Krylov solver
Norm of residual 3.26069e-17 at 21 iterations
Wall charge lower -2.648219968902223e-03 upper  2.648219968905630e-03
Fluid charge      -3.486794186713382e-16 total  3.058751169016105e-15
  Current step =0
  Current step =0
  Current step =0
  Current step =0
  Current step =0
  Current step =0
  Current step =0
  Current step =0
  Current step =0
  Current step =0
  Current step =0
  Current step =0
  Current step =0
  Current step =0
  Current step =0
  Current step =0
  Current step =0
  Current step =0
  Current step =0
  Current step =0
  Current step =0
  Current step =0
  Current step =0
  Current step =0
  Current step =0
  Current step =0
  Current step =0
  Current step =0
  Current step =0
  Current step =0
  Current step =0
  Current step =0
  Current step =0
  Current step =0
  Current step =0
  Current step =0
  Current step =0
  Current step =0
  Current step =0
  Current step =0
  Current step =0
  Current step =0
  Current step =0
  Current step =0
  Current step =0
  Current step =0
  Current step =0
  Current step =0
  Current step =0
  Current step =0

Krylov solver
Norm of residual 3.26068e-17 at 21 iterations
Wall charge lower -2.778467901321516e-03 upper  2.778467901324953e-03
Fluid charge      -3.419573652019281e-16 total  3.095397202446115e-15
  Current step =0
  Current step =0
  Current step =0
  Current step =0
  Current step =0
  Current step =0
  Current step =0
  Current step =0
  Current step =0
  Current step =0
  Current step =0
  Current step =0
  Current step =0
  Current step =0
  Current step =0
  Current step =0
  Current step =0
  Current step =0
  Current step =0
  Current step =0
  Current step =0
  Current step =0
  Current step =0
  Current step =0
  Current step =0
  Current step =0
  Current step =0
  Current step =0
  Current step =0
  Current step =0
  Current step =0
  Current step =0
  Current step =0
  Current step =0
  Current step =0
  Current step =0
  Current step =0
  Current step =0
  Current step =0
  Current step =0
  Current step =0
  Current step =0
  Current step =0
  Current step =0
  Current step =0
  Current step =0
  Current step =0
  Current step =0
  Current step =0
  Current step =0

Krylov solver
Norm of residual 3.26066e-17 at 21 iterations
Wall charge lower -2.906758366139610e-03 upper  2.906758366142717e-03
Fluid charge      -3.712308238590367e-16 total  2.736092602484419e-15
  Current step =0
  Current step =0
  Current step =0
  Current step =0
  Current step =0
  Current step =0
  Current step =0
  Current step =0
  Current step =0
  Current step =0
  Current step =0
  Current step =0
  Current step =0
  Current step =0
  Current step =0
  Current step =0
  Current step =0
  Current step =0
  Current step =0
  Current step =0
  Current step =0
  Current step =0
  Current step =0
  Current step =0
  Current step =0
  Current step =0
  Current step =0
  Current step =0
  Current step =0
  Current step =0
  Current step =0
  Current step =0
  Current step =0
  Current step =0
  Current step =0
  Current step =0
  Current step =0
  Current step =0
  Current step =0
  Current step =0
  Current step =0
  Current step =0
  Current step =0
  Current step =0
  Current step =0
  Current step =0
  Current step =0
  Current step =0
  Current step =0
  Current step =0

Krylov solver
Norm of residual 3.26065e-17 at 21 iterations
Wall charge lower -3.033200774448122e-03 upper  3.033200774451630e-03
Fluid charge      -2.868798948396645e-16 total  3.221164654454434e-15
  Current step =0
  Current step =0
  Current step =0
  Current step =0
  Current step =0
  Current step =0
  Current step =0
  Current step =0
  Current step =0
  Current step =0
  Current step =0
  Current step =0
  Current step =0
  Current step =0
  Current step =0
  Current step =0
  Current step =0
  Current step =0
  Current step =0
  Current step =0
  Current step =0
  Current step =0
  Current step =0
  Current step =0
  Current step =0
  Current step =0
  Current step =0
  Current step =0
  Current step =0
  Current step =0
  Current step =0
  Current step =0
  Current step =0
  Current step =0
  Current step =0
  Current step =0
  Current step =0
  Current step =0
  Current step =0
  Current step =0
  Current step =0
  Current step =0
  Current step =0
  Current step =0
  Current step =0
  Current step =0
  Current step =0
  Current step =0
  Current step =0
  Current step =0

Krylov solver
Norm of residual 3.26064e-17 at 21 iterations
Wall charge lower -3.157878888949252e-03 upper  3.157878888952561e-03
Fluid charge      -2.968545548265311e-16 total  3.012130475599228e-15
  Current step =0
  Current step =0
  Current step =0
  Current step =0
  Current step =0
  Current step =0
  Current step =0
  Current step =0
  Current step =0
  Current step =0
  Current step =0
  Current step =0
  Current step =0
  Current step =0
  Current step =0
  Current step =0
  Current step =0
  Current step =0
  Current step =0
  Current step =0
  Current step =0
  Current step =0
  Current step =0
  Current step =0
  Current step =0
  Current step =0
  Current step =0
  Current step =0
  Current step =0
  Current step =0
  Current step =0
  Current step =0
  Current step =0
  Current step =0
  Current step =0
  Current step =0
  Current step =0
  Current step =0
  Current step =0
  Current step =0
  Current step =0
  Current step =0
  Current step =0
  Current step =0
  Current step =0
  Current step =0
  Current step =0
  Current step =0
  Current step =0
  Current step =0

Krylov solver
Norm of residual 3.26063e-17 at 21 iterations
Wall charge lower -3.280859728910168e-03 upper  3.280859728913493e-03
Fluid charge      -3.014082039509702e-16 total  3.023189337758581e-15
  Current step =0
  Current step =0
  Current step =0
  Current step =0
  Current step =0
  Current step =0
  Current step =0
  Current step =0
  Current step =0
  Current step =0
  Current step =0
  Current step =0
  Current step =0
  Current step =0
  Current step =0
  Current step =0
  Current step =0
  Current step =0
  Current step =0
  Current step =0
  Current step =0
  Current step =0
  Current step =0
  Current step =0
  Current step =0
  Current step =0
  Current step =0
  Current step =0
  Current step =0
  Current step =0
  Current step =0
  Current step =0
  Current step =0
  Current step =0
  Current step =0
  Current step =0
  Current step =0
  Current step =0
  Current step =0
  Current step =0
  Current step =0
  Current step =0
  Current step =0
  Current step =0
  Current step =0
  Current step =0
  Current step =0
  Current step =0
  Current step =0
  Current step =0

Krylov solver
Norm of residual 3.26062e-17 at 21 iterations
Wall charge lower -3.402198764296305e-03 upper  3.402198764299631e-03
Fluid charge      -2.756041922458152e-16 total  3.051161753808707e-15
  Current step =0
  Current step =0
  Current step =0
  Current step =0
  Current step =0
  Current step =0
  Current step =0
  Current step =0
  Current step =0
  Current step =0
  Current step =0
  Current step =0
  Current step =0
  Current step =0
  Current step =0
  Current step =0
  Current step =0
  Current step =0
  Current step =0
  Current step =0
  Current step =0
  Current step =0
  Current step =0
  Current step =0
  Current step =0
  Current step =0
  Current step =0
  Current step =0
  Current step =0
  Current step =0
  Current step =0
  Current step =0
  Current step =0
  Current step =0
  Current step =0
  Current step =0
  Current step =0
  Current step =0
  Current step =0
  Current step =0
  Current step =0
  Current step =0
  Current step =0
  Current step =0
  Current step =0
  Current step =0
  Current step =0
  Current step =0
  Current step =0
  Current step =0

Krylov solver
Norm of residual 3.26061e-17 at 21 iterations
Wall charge lower -3.521943160713413e-03 upper  3.521943160716663e-03
Fluid charge      -2.890482991846355e-16 total  2.960956133057913e-15
  Current step =0
  Current step =0
  Current step =0
  Current step =0
  Current step =0
  Current step =0
  Current step =0
  Current step =0
  Current step =0
  Current step =0
  Current step =0
  Current step =0
  Current step =0
  Current step =0
  Current step =0
  Current step =0
  Current step =0
  Current step =0
  Current step =0
  Current step =0
  Current step =0
  Current step =0
  Current step =0
  Current step =0
  Current step =0
  Current step =0
  Current step =0
  Current step =0
  Current step =0
  Current step =0
  Current step =0
  Current step =0
  Current step =0
  Current step =0
  Current step =0
  Current step =0
  Current step =0
  Current step =0
  Current step =0
  Current step =0
  Current step =0
  Current step =0
  Current step =0
  Current step =0
  Current step =0
  Current step =0
  Current step =0
  Current step =0
  Current step =0
  Current step =0

Krylov solver
Norm of residual 3.26061e-17 at 21 iterations
Wall charge lower -3.640133914524653e-03 upper  3.640133914527905e-03
Fluid charge      -3.055281722064151e-16 total  2.946644664381104e-15
  Current step =0
  Current step =0
  Current step =0
  Current step =0
  Current step =0
  Current step =0
  Current step =0
  Current step =0
  Current step =0
  Current step =0
  Current step =0
  Current step =0
  Current step =0
  Current step =0
  Current step =0
  Current step =0
  Current step =0
  Current step =0
  Current step =0
  Current step =0
  Current step =0
  Current step =0
  Current step =0
  Current step =0
  Current step =0
  Current step =0
  Current step =0
  Current step =0
  Current step =0
  Current step =0
  Current step =0
  Current step =0
  Current step =0
  Current step =0
  Current step =0
  Current step =0
  Current step =0
  Current step =0
  Current step =0
  Current step =0
  Current step =0
  Current step =0
  Current step =0
  Current step =0
  Current step =0
  Current step =0
  Current step =0
  Current step =0
  Current step =0
  Current step =0

Krylov solver
Norm of residual 3.2606e-17 at 21 iterations
Wall charge lower -3.756807315945939e-03 upper  3.756807315948873e-03
Fluid charge      -2.335371479533777e-16 total  2.700313930792397e-15
  Current step =0
  Current step =0
  Current step =0
  Current step =0
  Current step =0
  Current step =0
  Current step =0
  Current step =0
  Current step =0
  Current step =0
  Current step =0
  Current step =0
  Current step =0
  Current step =0
  Current step =0
  Current step =0
  Current step =0
  Current step =0
  Current step =0
  Current step =0
  Current step =0
  Current step =0
  Current step =0
  Current step =0
  Current step =0
  Current step =0
  Current step =0
  Current step =0
  Current step =0
  Current step =0
  Current step =0
  Current step =0
  Current step =0
  Current step =0
  Current step =0
  Current step =0
  Current step =0
  Current step =0
  Current step =0
  Current step =0
  Current step =0
  Current step =0
  Current step =0
  Current step =0
  Current step =0
  Current step =0
  Current step =0
  Current step =0
  Current step =0
  Current step =0

Krylov solver
Norm of residual 3.2606e-17 at 21 iterations
Wall charge lower -3.871995984952750e-03 upper  3.871995984955965e-03
Fluid charge      -2.237793284010081e-16 total  2.990663272584015e-15
  Current step =0
  Current step =0
  Current step =0
  Current step =0
  Current step =0
  Current step =0
  Current step =0
  Current step =0
  Current step =0
  Current step =0
  Current step =0
  Current step =0
  Current step =0
  Current step =0
  Current step =0
  Current step =0
  Current step =0
  Current step =0
  Current step =0
  Current step =0
  Current step =0
  Current step =0
  Current step =0
  Current step =0
  Current step =0
  Current step =0
  Current step =0
  Current step =0
  Current step =0
  Current step =0
  Current step =0
  Current step =0
  Current step =0
  Current step =0
  Current step =0
  Current step =0
  Current step =0
  Current step =0
  Current step =0
  Current step =0
  Current step =0
  Current step =0
  Current step =0
  Current step =0
  Current step =0
  Current step =0
  Current step =0
  Current step =0
  Current step =0
  Current step =0

Krylov solver
Norm of residual 3.26059e-17 at 21 iterations
Wall charge lower -3.985729624720057e-03 upper  3.985729624723070e-03
Fluid charge      -1.561251128379126e-16 total  2.856222203195813e-15
  Current step =0
  Current step =0
  Current step =0
  Current step =0
  Current step =0
  Current step =0
  Current step =0
  Current step =0
  Current step =0
  Current step =0
  Current step =0
  Current step =0
  Current step =0
  Current step =0
  Current step =0
  Current step =0
  Current step =0
  Current step =0
  Current step =0
  Current step =0
  Current step =0
  Current step =0
  Current step =0
  Current step =0
  Current step =0
  Current step =0
  Current step =0
  Current step =0
  Current step =0
  Current step =0
  Current step =0
  Current step =0
  Current step =0
  Current step =0
  Current step =0
  Current step =0
  Current step =0
  Current step =0
  Current step =0
  Current step =0
  Current step =0
  Current step =0
  Current step =0
  Current step =0
  Current step =0
  Current step =0
  Current step =0
  Current step =0
  Current step =0
  Current step =0

Krylov solver
Norm of residual 3.26059e-17 at 21 iterations
Wall charge lower -4.098035582087926e-03 upper  4.098035582090975e-03
Fluid charge      -2.144551897176328e-16 total  2.834321319311606e-15
  Current step =0
  Current step =0
  Current step =0
  Current step =0
  Current step =0
  Current step =0
  Current step =0
  Current step =0
  Current step =0
  Current step =0
  Current step =0
  Current step =0
  Current step =0
  Current step =0
  Current step =0
  Current step =0
  Current step =0
  Current step =0
  Current step =0
  Current step =0
  Current step =0
  Current step =0
  Current step =0
  Current step =0
  Current step =0
  Current step =0
  Current step =0
  Current step =0
  Current step =0
  Current step =0
  Current step =0
  Current step =0
  Current step =0
  Current step =0
  Current step =0
  Current step =0
  Current step =0
  Current step =0
  Current step =0
  Current step =0
  Current step =0
  Current step =0
  Current step =0
  Current step =0
  Current step =0
  Current step =0
  Current step =0
  Current step =0
  Current step =0
  Current step =0

Krylov solver
Norm of residual 3.26059e-17 at 21 iterations
Wall charge lower -4.208939272537105e-03 upper  4.208939272540168e-03
Fluid charge      -1.726049858596923e-16 total  2.890916672715349e-15
  Current step =0
  Current step =0
  Current step =0
  Current step =0
  Current step =0
  Current step =0
  Current step =0
  Current step =0
  Current step =0
  Current step =0
  Current step =0
  Current step =0
  Current step =0
  Current step =0
  Current step =0
  Current step =0
  Current step =0
  Current step =0
  Current step =0
  Current step =0
  Current step =0
  Current step =0
  Current step =0
  Current step =0
  Current step =0
  Current step =0
  Current step =0
  Current step =0
  Current step =0
  Current step =0
  Current step =0
  Current step =0
  Current step =0
  Current step =0
  Current step =0
  Current step =0
  Current step =0
  Current step =0
  Current step =0
  Current step =0
  Current step =0
  Current step =0
  Current step =0
  Current step =0
  Current step =0
  Current step =0
  Current step =0
  Current step =0
  Current step =0
  Current step =0

Krylov solver
Norm of residual 3.26059e-17 at 21 iterations
Wall charge lower -4.318464507774406e-03 upper  4.318464507777480e-03
Fluid charge      -2.302845414359211e-16 total  2.843645457994981e-15
  Current step =0
  Current step =0
  Current step =0
  Current step =0
  Current step =0
  Current step =0
  Current step =0
  Current step =0
  Current step =0
  Current step =0
  Current step =0
  Current step =0
  Current step =0
  Current step =0
  Current step =0
  Current step =0
  Current step =0
  Current step =0
  Current step =0
  Current step =0
  Current step =0
  Current step =0
  Current step =0
  Current step =0
  Current step =0
  Current step =0
  Current step =0
  Current step =0
  Current step =0
  Current step =0
  Current step =0
  Current step =0
  Current step =0
  Current step =0
  Current step =0
  Current step =0
  Current step =0
  Current step =0
  Current step =0
  Current step =0
  Current step =0
  Current step =0
  Current step =0
  Current step =0
  Current step =0
  Current step =0
  Current step =0
  Current step =0
  Current step =0
  Current step =0

Krylov solver
Norm of residual 3.26059e-17 at 21 iterations
Wall charge lower -4.426633751892641e-03 upper  4.426633751895585e-03
Fluid charge      -2.001437210408241e-16 total  2.743682017691818e-15
  Current step =0
  Current step =0
  Current step =0
  Current step =0
  Current step =0
  Current step =0
  Current step =0
  Current step =0
  Current step =0
  Current step =0
  Current step =0
  Current step =0
  Current step =0
  Current step =0
  Current step =0
  Current step =0
  Current step =0
  Current step =0
  Current step =0
  Current step =0
  Current step =0
  Current step =0
  Current step =0
  Current step =0
  Current step =0
  Current step =0
  Current step =0
  Current step =0
  Current step =0
  Current step =0
  Current step =0
  Current step =0
  Current step =0
  Current step =0
  Current step =0
  Current step =0
  Current step =0
  Current step =0
  Current step =0
  Current step =0
  Current step =0
  Current step =0
  Current step =0
  Current step =0
  Current step =0
  Current step =0
  Current step =0
  Current step =0
  Current step =0
  Current step =0

Krylov solver
Norm of residual 3.26059e-17 at 21 iterations
Wall charge lower -4.533468324217186e-03 upper  4.533468324220346e-03
Fluid charge      -1.528725063204561e-16 total  3.007793666909286e-15
  Current step =0
  Current step =0
  Current step =0
  Current step =0
  Current step =0
  Current step =0
  Current step =0
  Current step =0
  Current step =0
  Current step =0
  Current step =0
  Current step =0
  Current step =0
  Current step =0
  Current step =0
  Current step =0
  Current step =0
  Current step =0
  Current step =0
  Current step =0
  Current step =0
  Current step =0
  Current step =0
  Current step =0
  Current step =0
  Current step =0
  Current step =0
  Current step =0
  Current step =0
  Current step =0
  Current step =0
  Current step =0
  Current step =0
  Current step =0
  Current step =0
  Current step =0
  Current step =0
  Current step =0
  Current step =0
  Current step =0
  Current step =0
  Current step =0
  Current step =0
  Current step =0
  Current step =0
  Current step =0
  Current step =0
  Current step =0
  Current step =0
  Current step =0

Krylov solver
Norm of residual 3.26059e-17 at 21 iterations
Wall charge lower -4.638988561742906e-03 upper  4.638988561746040e-03
Fluid charge      -1.602450810933576e-16 total  2.974400239996733e-15
  Current step =0
  Current step =0
  Current step =0
  Current step =0
  Current step =0
  Current step =0
  Current step =0
  Current step =0
  Current step =0
  Current step =0
  Current step =0
  Current step =0
  Current step =0
  Current step =0
  Current step =0
  Current step =0
  Current step =0
  Current step =0
  Current step =0
  Current step =0
  Current step =0
  Current step =0
  Current step =0
  Current step =0
  Current step =0
  Current step =0
  Current step =0
  Current step =0
  Current step =0
  Current step =0
  Current step =0
  Current step =0
  Current step =0
  Current step =0
  Current step =0
  Current step =0
  Current step =0
  Current step =0
  Current step =0
  Current step =0
  Current step =0
  Current step =0
  Current step =0
  Current step =0
  Current step =0
  Current step =0
  Current step =0
  Current step =0
  Current step =0
  Current step =0

Krylov solver
Norm of residual 3.26059e-17 at 21 iterations
Wall charge lower -4.743213950514415e-03 upper  4.743213950517328e-03
Fluid charge      -1.270684946153011e-16 total  2.785532221549758e-15
  Current step =0
  Current step =0
  Current step =0
  Current step =0
  Current step =0
  Current step =0
  Current step =0
  Current step =0
  Current step =0
  Current step =0
  Current step =0
  Current step =0
  Current step =0
  Current step =0
  Current step =0
  Current step =0
  Current step =0
  Current step =0
  Current step =0
  Current step =0
  Current step =0
  Current step =0
  Current step =0
  Current step =0
  Current step =0
  Current step =0
  Current step =0
  Current step =0
  Current step =0
  Current step =0
  Current step =0
  Current step =0
  Current step =0
  Current step =0
  Current step =0
  Current step =0
  Current step =0
  Current step =0
  Current step =0
  Current step =0
  Current step =0
  Current step =0
  Current step =0
  Current step =0
  Current step =0
  Current step =0
  Current step =0
  Current step =0
  Current step =0
  Current step =0

Krylov solver
Norm of residual 3.26059e-17 at 21 iterations
Wall charge lower -4.846163232855480e-03 upper  4.846163232858899e-03
Fluid charge      -2.278992966564530e-16 total  3.190373312755845e-15
  Current step =0
  Current step =0
  Current step =0
  Current step =0
  Current step =0
  Current step =0
  Current step =0
  Current step =0
  Current step =0
  Current step =0
  Current step =0
  Current step =0
  Current step =0
  Current step =0
  Current step =0
  Current step =0
  Current step =0
  Current step =0
  Current step =0
  Current step =0
  Current step =0
  Current step =0
  Current step =0
  Current step =0
  Current step =0
  Current step =0
  Current step =0
  Current step =0
  Current step =0
  Current step =0
  Current step =0
  Current step =0
  Current step =0
  Current step =0
  Current step =0
  Current step =0
  Current step =0
  Current step =0
  Current step =0
  Current step =0
  Current step =0
  Current step =0
  Current step =0
  Current step =0
  Current step =0
  Current step =0
  Current step =0
  Current step =0
  Current step =0
  Current step =0

Krylov solver
Norm of residual 3.26059e-17 at 21 iterations
Wall charge lower -4.947854495605433e-03 upper  4.947854495608578e-03
Fluid charge      -2.953366717850514e-16 total  2.849716990160900e-15
  Current step =0
  Current step =0
  Current step =0
  Current step =0
  Current step =0
  Current step =0
  Current step =0
  Current step =0
  Current step =0
  Current step =0
  Current step =0
  Current step =0
  Current step =0
  Current step =0
  Current step =0
  Current step =0
  Current step =0
  Current step =0
  Current step =0
  Current step =0
  Current step =0
  Current step =0
  Current step =0
  Current step =0
  Current step =0
  Current step =0
  Current step =0
  Current step =0
  Current step =0
  Current step =0
  Current step =0
  Current step =0
  Current step =0
  Current step =0
  Current step =0
  Current step =0
  Current step =0
  Current step =0
  Current step =0
  Current step =0
  Current step =0
  Current step =0
  Current step =0
  Current step =0
  Current step =0
  Current step =0
  Current step =0
  Current step =0
  Current step =0
  Current step =0

Krylov solver
Norm of residual 3.26059e-17 at 21 iterations
Wall charge lower -5.048305243270799e-03 upper  5.048305243273942e-03
Fluid charge      -3.434752482434078e-16 total  2.799843690226567e-15
  Current step =0
  Current step =0
  Current step =0
  Current step =0
  Current step =0
  Current step =0
  Current step =0
  Current step =0
  Current step =0
  Current step =0
  Current step =0
  Current step =0
  Current step =0
  Current step =0
  Current step =0
  Current step =0
  Current step =0
  Current step =0
  Current step =0
  Current step =0
  Current step =0
  Current step =0
  Current step =0
  Current step =0
  Current step =0
  Current step =0
  Current step =0
  Current step =0
  Current step =0
  Current step =0
  Current step =0
  Current step =0
  Current step =0
  Current step =0
  Current step =0
  Current step =0
  Current step =0
  Current step =0
  Current step =0
  Current step =0
  Current step =0
  Current step =0
  Current step =0
  Current step =0
  Current step =0
  Current step =0
  Current step =0
  Current step =0
  Current step =0
  Current step =0

Krylov solver
Norm of residual 3.2606e-17 at 21 iterations
Wall charge lower -5.147532459098474e-03 upper  5.147532459101819e-03
Fluid charge      -3.348016308635238e-16 total  3.009745230819760e-15
  Current step =0
  Current step =0
  Current step =0
  Current step =0
  Current step =0
  Current step =0
  Current step =0
  Current step =0
  Current step =0
  Current step =0
  Current step =0
  Current step =0
  Current step =0
  Current step =0
  Current step =0
  Current step =0
  Current step =0
  Current step =0
  Current step =0
  Current step =0
  Current step =0
  Current step =0
  Current step =0
  Current step =0
  Current step =0
  Current step =0
  Current step =0
  Current step =0
  Current step =0
  Current step =0
  Current step =0
  Current step =0
  Current step =0
  Current step =0
  Current step =0
  Current step =0
  Current step =0
  Current step =0
  Current step =0
  Current step =0
  Current step =0
  Current step =0
  Current step =0
  Current step =0
  Current step =0
  Current step =0
  Current step =0
  Current step =0
  Current step =0
  Current step =0

Krylov solver
Norm of residual 3.2606e-17 at 21 iterations
Wall charge lower -5.245552656388667e-03 upper  5.245552656392063e-03
Fluid charge      -3.239596091386687e-16 total  3.071761595085931e-15
  Current step =0
  Current step =0
  Current step =0
  Current step =0
  Current step =0
  Current step =0
  Current step =0
  Current step =0
  Current step =0
  Current step =0
  Current step =0
  Current step =0
  Current step =0
  Current step =0
  Current step =0
  Current step =0
  Current step =0
  Current step =0
  Current step =0
  Current step =0
  Current step =0
  Current step =0
  Current step =0
  Current step =0
  Current step =0
  Current step =0
  Current step =0
  Current step =0
  Current step =0
  Current step =0
  Current step =0
  Current step =0
  Current step =0
  Current step =0
  Current step =0
  Current step =0
  Current step =0
  Current step =0
  Current step =0
  Current step =0
  Current step =0
  Current step =0
  Current step =0
  Current step =0
  Current step =0
  Current step =0
  Current step =0
  Current step =0
  Current step =0
  Current step =0

Krylov solver
Norm of residual 3.2606e-17 at 21 iterations
Wall charge lower -5.342381921868511e-03 upper  5.342381921871750e-03
Fluid charge      -3.061786935099065e-16 total  2.932550036138792e-15
  Current step =0
  Current step =0
  Current step =0
  Current step =0
  Current step =0
  Current step =0
  Current step =0
  Current step =0
  Current step =0
  Current step =0
  Current step =0
  Current step =0
  Current step =0
  Current step =0
  Current step =0
  Current step =0
  Current step =0
  Current step =0
  Current step =0
  Current step =0
  Current step =0
  Current step =0
  Current step =0
  Current step =0
  Current step =0
  Current step =0
  Current step =0
  Current step =0
  Current step =0
  Current step =0
  Current step =0
  Current step =0
  Current step =0
  Current step =0
  Current step =0
  Current step =0
  Current step =0
  Current step =0
  Current step =0
  Current step =0
  Current step =0
  Current step =0
  Current step =0
  Current step =0
  Current step =0
  Current step =0
  Current step =0
  Current step =0
  Current step =0
  Current step =0

Krylov solver
Norm of residual 3.2606e-17 at 21 iterations
Wall charge lower -5.438035952563542e-03 upper  5.438035952566988e-03
Fluid charge      -3.979021973021801e-16 total  3.048125987725747e-15
  Current step =0
  Current step =0
  Current step =0
  Current step =0
  Current step =0
  Current step =0
  Current step =0
  Current step =0
  Current step =0
  Current step =0
  Current step =0
  Current step =0
  Current step =0
  Current step =0
  Current step =0
  Current step =0
  Current step =0
  Current step =0
  Current step =0
  Current step =0
  Current step =0
  Current step =0
  Current step =0
  Current step =0
  Current step =0
  Current step =0
  Current step =0
  Current step =0
  Current step =0
  Current step =0
  Current step =0
  Current step =0
  Current step =0
  Current step =0
  Current step =0
  Current step =0
  Current step =0
  Current step =0
  Current step =0
  Current step =0
  Current step =0
  Current step =0
  Current step =0
  Current step =0
  Current step =0
  Current step =0
  Current step =0
  Current step =0
  Current step =0
  Current step =0

Krylov solver
Norm of residual 3.26061e-17 at 21 iterations
Wall charge lower -5.532530087310024e-03 upper  5.532530087313164e-03
Fluid charge      -3.779528773284468e-16 total  2.762763975927562e-15
  Current step =0
  Current step =0
  Current step =0
  Current step =0
  Current step =0
  Current step =0
  Current step =0
  Current step =0
  Current step =0
  Current step =0
  Current step =0
  Current step =0
  Current step =0
  Current step =0
  Current step =0
  Current step =0
  Current step =0
  Current step =0
  Current step =0
  Current step =0
  Current step =0
  Current step =0
  Current step =0
  Current step =0
  Current step =0
  Current step =0
  Current step =0
  Current step =0
  Current step =0
  Current step =0
  Current step =0
  Current step =0
  Current step =0
  Current step =0
  Current step =0
  Current step =0
  Current step =0
  Current step =0
  Current step =0
  Current step =0
  Current step =0
  Current step =0
  Current step =0
  Current step =0
  Current step =0
  Current step =0
  Current step =0
  Current step =0
  Current step =0
  Current step =0

Krylov solver
Norm of residual 3.26061e-17 at 21 iterations
Wall charge lower -5.625879333823608e-03 upper  5.625879333826918e-03
Fluid charge      -3.569193551822281e-16 total  2.952933036981520e-15
  Current step =0
  Current step =0
  Current step =0
  Current step =0
  Current step =0
  Current step =0
  Current step =0
  Current step =0
  Current step =0
  Current step =0
  Current step =0
  Current step =0
  Current step =0
  Current step =0
  Current step =0
  Current step =0
  Current step =0
  Current step =0
  Current step =0
  Current step =0
  Current step =0
  Current step =0
  Current step =0
  Current step =0
  Current step =0
  Current step =0
  Current step =0
  Current step =0
  Current step =0
  Current step =0
  Current step =0
  Current step =0
  Current step =0
  Current step =0
  Current step =0
  Current step =0
  Current step =0
  Current step =0
  Current step =0
  Current step =0
  Current step =0
  Current step =0
  Current step =0
  Current step =0
  Current step =0
  Current step =0
  Current step =0
  Current step =0
  Current step =0
  Current step =0

Krylov solver
Norm of residual 3.26061e-17 at 21 iterations
Wall charge lower -5.718098392069007e-03 upper  5.718098392072299e-03
Fluid charge      -5.067560954197248e-16 total  2.784881700246267e-15
  Current step =0
  Current step =0
  Current step =0
  Current step =0
  Current step =0
  Current step =0
  Current step =0
  Current step =0
  Current step =0
  Current step =0
  Current step =0
  Current step =0
  Current step =0
  Current step =0
  Current step =0
  Current step =0
  Current step =0
  Current step =0
  Current step =0
  Current step =0
  Current step =0
  Current step =0
  Current step =0
  Current step =0
  Current step =0
  Current step =0
  Current step =0
  Current step =0
  Current step =0
  Current step =0
  Current step =0
  Current step =0
  Current step =0
  Current step =0
  Current step =0
  Current step =0
  Current step =0
  Current step =0
  Current step =0
  Current step =0
  Current step =0
  Current step =0
  Current step =0
  Current step =0
  Current step =0
  Current step =0
  Current step =0
  Current step =0
  Current step =0
  Current step =0

Krylov solver
Norm of residual 3.26062e-17 at 21 iterations
Wall charge lower -5.809201674526585e-03 upper  5.809201674529804e-03
Fluid charge      -3.885780586188048e-16 total  2.831068712794149e-15
  Current step =0
  Current step =0
  Current step =0
  Current step =0
  Current step =0
  Current step =0
  Current step =0
  Current step =0
  Current step =0
  Current step =0
  Current step =0
  Current step =0
  Current step =0
  Current step =0
  Current step =0
  Current step =0
  Current step =0
  Current step =0
  Current step =0
  Current step =0
  Current step =0
  Current step =0
  Current step =0
  Current step =0
  Current step =0
  Current step =0
  Current step =0
  Current step =0
  Current step =0
  Current step =0
  Current step =0
  Current step =0
  Current step =0
  Current step =0
  Current step =0
  Current step =0
  Current step =0
  Current step =0
  Current step =0
  Current step =0
  Current step =0
  Current step =0
  Current step =0
  Current step =0
  Current step =0
  Current step =0
  Current step =0
  Current step =0
  Current step =0
  Current step =0

Krylov solver
Norm of residual 3.26062e-17 at 21 iterations
Wall charge lower -5.899203323853151e-03 upper  5.899203323856453e-03
Fluid charge      -4.237062090073351e-16 total  2.878339927514517e-15
  Current step =0
  Current step =0
  Current step =0
  Current step =0
  Current step =0
  Current step =0
  Current step =0
  Current step =0
  Current step =0
  Current step =0
  Current step =0
  Current step =0
  Current step =0
  Current step =0
  Current step =0
  Current step =0
  Current step =0
  Current step =0
  Current step =0
  Current step =0
  Current step =0
  Current step =0
  Current step =0
  Current step =0
  Current step =0
  Current step =0
  Current step =0
  Current step =0
  Current step =0
  Current step =0
  Current step =0
  Current step =0
  Current step =0
  Current step =0
  Current step =0
  Current step =0
  Current step =0
  Current step =0
  Current step =0
  Current step =0
  Current step =0
  Current step =0
  Current step =0
  Current step =0
  Current step =0
  Current step =0
  Current step =0
  Current step =0
  Current step =0
  Current step =0

Krylov solver
Norm of residual 3.26063e-17 at 21 iterations
Wall charge lower -5.988117228340175e-03 upper  5.988117228343211e-03
Fluid charge      -3.415236843329339e-16 total  2.694242398626479e-15
  Current step =0
  Current step =0
  Current step =0
  Current step =0
  Current step =0
  Current step =0
  Current step =0
  Current step =0
  Current step =0
  Current step =0
  Current step =0
  Current step =0
  Current step =0
  Current step =0
  Current step =0
  Current step =0
  Current step =0
  Current step =0
  Current step =0
  Current step =0
  Current step =0
  Current step =0
  Current step =0
  Current step =0
  Current step =0
  Current step =0
  Current step =0
  Current step =0
  Current step =0
  Current step =0
  Current step =0
  Current step =0
  Current step =0
  Current step =0
  Current step =0
  Current step =0
  Current step =0
  Current step =0
  Current step =0
  Current step =0
  Current step =0
  Current step =0
  Current step =0
  Current step =0
  Current step =0
  Current step =0
  Current step =0
  Current step =0
  Current step =0
  Current step =0

Krylov solver
Norm of residual 3.26063e-17 at 21 iterations
Wall charge lower -6.075957035500912e-03 upper  6.075957035504253e-03
Fluid charge      -4.297777411732540e-16 total  2.911299673558077e-15
  Current step =0
  Current step =0
  Current step =0
  Current step =0
  Current step =0
  Current step =0
  Current step =0
  Current step =0
  Current step =0
  Current step =0
  Current step =0
  Current step =0
  Current step =0
  Current step =0
  Current step =0
  Current step =0
  Current step =0
  Current step =0
  Current step =0
  Current step =0
  Current step =0
  Current step =0
  Current step =0
  Current step =0
  Current step =0
  Current step =0
  Current step =0
  Current step =0
  Current step =0
  Current step =0
  Current step =0
  Current step =0
  Current step =0
  Current step =0
  Current step =0
  Current step =0
  Current step =0
  Current step =0
  Current step =0
  Current step =0
  Current step =0
  Current step =0
  Current step =0
  Current step =0
  Current step =0
  Current step =0
  Current step =0
  Current step =0
  Current step =0
  Current step =0

Krylov solver
Norm of residual 3.26063e-17 at 21 iterations
Wall charge lower -6.162736164069929e-03 upper  6.162736164073203e-03
Fluid charge      -4.876741371839799e-16 total  2.786616423722243e-15
  Current step =0
  Current step =0
  Current step =0
  Current step =0
  Current step =0
  Current step =0
  Current step =0
  Current step =0
  Current step =0
  Current step =0
  Current step =0
  Current step =0
  Current step =0
  Current step =0
  Current step =0
  Current step =0
  Current step =0
  Current step =0
  Current step =0
  Current step =0
  Current step =0
  Current step =0
  Current step =0
  Current step =0
  Current step =0
  Current step =0
  Current step =0
  Current step =0
  Current step =0
  Current step =0
  Current step =0
  Current step =0
  Current step =0
  Current step =0
  Current step =0
  Current step =0
  Current step =0
  Current step =0
  Current step =0
  Current step =0
  Current step =0
  Current step =0
  Current step =0
  Current step =0
  Current step =0
  Current step =0
  Current step =0
  Current step =0
  Current step =0
  Current step =0

Krylov solver
Norm of residual 3.26064e-17 at 21 iterations
Wall charge lower -6.248467814639399e-03 upper  6.248467814642592e-03
Fluid charge      -4.035400485991048e-16 total  2.789218508936209e-15
  Current step =0
  Current step =0
  Current step =0
  Current step =0
  Current step =0
  Current step =0
  Current step =0
  Current step =0
  Current step =0
  Current step =0
  Current step =0
  Current step =0
  Current step =0
  Current step =0
  Current step =0
  Current step =0
  Current step =0
  Current step =0
  Current step =0
  Current step =0
  Current step =0
  Current step =0
  Current step =0
  Current step =0
  Current step =0
  Current step =0
  Current step =0
  Current step =0
  Current step =0
  Current step =0
  Current step =0
  Current step =0
  Current step =0
  Current step =0
  Current step =0
  Current step =0
  Current step =0
  Current step =0
  Current step =0
  Current step =0
  Current step =0
  Current step =0
  Current step =0
  Current step =0
  Current step =0
  Current step =0
  Current step =0
  Current step =0
  Current step =0
  Current step =0

Krylov solver
Norm of residual 3.26064e-17 at 21 iterations
Wall charge lower -6.333164979131454e-03 upper  6.333164979134704e-03
Fluid charge      -4.135147085859714e-16 total  2.836489723656577e-15
  Current step =0
  Current step =0
  Current step =0
  Current step =0
  Current step =0
  Current step =0
  Current step =0
  Current step =0
  Current step =0
  Current step =0
  Current step =0
  Current step =0
  Current step =0
  Current step =0
  Current step =0
  Current step =0
  Current step =0
  Current step =0
  Current step =0
  Current step =0
  Current step =0
  Current step =0
  Current step =0
  Current step =0
  Current step =0
  Current step =0
  Current step =0
  Current step =0
  Current step =0
  Current step =0
  Current step =0
  Current step =0
  Current step =0
  Current step =0
  Current step =0
  Current step =0
  Current step =0
  Current step =0
  Current step =0
  Current step =0
  Current step =0
  Current step =0
  Current step =0
  Current step =0
  Current step =0
  Current step =0
  Current step =0
  Current step =0
  Current step =0
  Current step =0

Krylov solver
Norm of residual 3.26064e-17 at 21 iterations
Wall charge lower -6.416840449268733e-03 upper  6.416840449272157e-03
Fluid charge      -4.655564128652756e-16 total  2.957920366974953e-15
  Current step =0
  Current step =0
  Current step =0
  Current step =0
  Current step =0
  Current step =0
  Current step =0
  Current step =0
  Current step =0
  Current step =0
  Current step =0
  Current step =0
  Current step =0
  Current step =0
  Current step =0
  Current step =0
  Current step =0
  Current step =0
  Current step =0
  Current step =0
  Current step =0
  Current step =0
  Current step =0
  Current step =0
  Current step =0
  Current step =0
  Current step =0
  Current step =0
  Current step =0
  Current step =0
  Current step =0
  Current step =0
  Current step =0
  Current step =0
  Current step =0
  Current step =0
  Current step =0
  Current step =0
  Current step =0
  Current step =0
  Current step =0
  Current step =0
  Current step =0
  Current step =0
  Current step =0
  Current step =0
  Current step =0
  Current step =0
  Current step =0
  Current step =0

Krylov solver
Norm of residual 3.26065e-17 at 21 iterations
Wall charge lower -6.499506824177805e-03 upper  6.499506824181251e-03
Fluid charge      -4.449565715880510e-16 total  3.001071613439876e-15
  Current step =0
  Current step =0
  Current step =0
  Current step =0
  Current step =0
  Current step =0
  Current step =0
  Current step =0
  Current step =0
  Current step =0
  Current step =0
  Current step =0
  Current step =0
  Current step =0
  Current step =0
  Current step =0
  Current step =0
  Current step =0
  Current step =0
  Current step =0
  Current step =0
  Current step =0
  Current step =0
  Current step =0
  Current step =0
  Current step =0
  Current step =0
  Current step =0
  Current step =0
  Current step =0
  Current step =0
  Current step =0
  Current step =0
  Current step =0
  Current step =0
  Current step =0
  Current step =0
  Current step =0
  Current step =0
  Current step =0
  Current step =0
  Current step =0
  Current step =0
  Current step =0
  Current step =0
  Current step =0
  Current step =0
  Current step =0
  Current step =0
  Current step =0

Krylov solver
Norm of residual 3.26065e-17 at 21 iterations
Wall charge lower -6.581176517244681e-03 upper  6.581176517247982e-03
Fluid charge      -4.258746133523061e-16 total  2.874436799693569e-15
  Current step =0
  Current step =0
  Current step =0
  Current step =0
  Current step =0
  Current step =0
  Current step =0
  Current step =0
  Current step =0
  Current step =0
  Current step =0
  Current step =0
  Current step =0
  Current step =0
  Current step =0
  Current step =0
  Current step =0
  Current step =0
  Current step =0
  Current step =0
  Current step =0
  Current step =0
  Current step =0
  Current step =0
  Current step =0
  Current step =0
  Current step =0
  Current step =0
  Current step =0
  Current step =0
  Current step =0
  Current step =0
  Current step =0
  Current step =0
  Current step =0
  Current step =0
  Current step =0
  Current step =0
  Current step =0
  Current step =0
  Current step =0
  Current step =0
  Current step =0
  Current step =0
  Current step =0
  Current step =0
  Current step =0
  Current step =0
  Current step =0
  Current step =0

Krylov solver
Norm of residual 3.26066e-17 at 21 iterations
Wall charge lower -6.661861762320992e-03 upper  6.661861762324352e-03
Fluid charge      -3.872770160118222e-16 total  2.972882356955253e-15
  Current step =0
  Current step =0
  Current step =0
  Current step =0
  Current step =0
  Current step =0
  Current step =0
  Current step =0
  Current step =0
  Current step =0
  Current step =0
  Current step =0
  Current step =0
  Current step =0
  Current step =0
  Current step =0
  Current step =0
  Current step =0
  Current step =0
  Current step =0
  Current step =0
  Current step =0
  Current step =0
  Current step =0
  Current step =0
  Current step =0
  Current step =0
  Current step =0
  Current step =0
  Current step =0
  Current step =0
  Current step =0
  Current step =0
  Current step =0
  Current step =0
  Current step =0
  Current step =0
  Current step =0
  Current step =0
  Current step =0
  Current step =0
  Current step =0
  Current step =0
  Current step =0
  Current step =0
  Current step =0
  Current step =0
  Current step =0
  Current step =0
  Current step =0

Krylov solver
Norm of residual 3.26066e-17 at 21 iterations
Wall charge lower -6.741574619365094e-03 upper  6.741574619368274e-03
Fluid charge      -3.627740469136498e-16 total  2.816974084551838e-15
  Current step =0
  Current step =0
  Current step =0
  Current step =0
  Current step =0
  Current step =0
  Current step =0
  Current step =0
  Current step =0
  Current step =0
  Current step =0
  Current step =0
  Current step =0
  Current step =0
  Current step =0
  Current step =0
  Current step =0
  Current step =0
  Current step =0
  Current step =0
  Current step =0
  Current step =0
  Current step =0
  Current step =0
  Current step =0
  Current step =0
  Current step =0
  Current step =0
  Current step =0
  Current step =0
  Current step =0
  Current step =0
  Current step =0
  Current step =0
  Current step =0
  Current step =0
  Current step =0
  Current step =0
  Current step =0
  Current step =0
  Current step =0
  Current step =0
  Current step =0
  Current step =0
  Current step =0
  Current step =0
  Current step =0
  Current step =0
  Current step =0
  Current step =0

Krylov solver
Norm of residual 3.26066e-17 at 21 iterations
Wall charge lower -6.820326979588361e-03 upper  6.820326979591440e-03
Fluid charge      -3.473783760643556e-16 total  2.731755793794477e-15
  Current step =0
  Current step =0
  Current step =0
  Current step =0
  Current step =0
  Current step =0
  Current step =0
  Current step =0
  Current step =0
  Current step =0
  Current step =0
  Current step =0
  Current step =0
  Current step =0
  Current step =0
  Current step =0
  Current step =0
  Current step =0
  Current step =0
  Current step =0
  Current step =0
  Current step =0
  Current step =0
  Current step =0
  Current step =0
  Current step =0
  Current step =0
  Current step =0
  Current step =0
  Current step =0
  Current step =0
  Current step =0
  Current step =0
  Current step =0
  Current step =0
  Current step =0
  Current step =0
  Current step =0
  Current step =0
  Current step =0
  Current step =0
  Current step =0
  Current step =0
  Current step =0
  Current step =0
  Current step =0
  Current step =0
  Current step =0
  Current step =0
  Current step =0

Krylov solver
Norm of residual 3.26067e-17 at 21 iterations
Wall charge lower -6.898130570172066e-03 upper  6.898130570175171e-03
Fluid charge      -3.092144595928659e-16 total  2.795073200667630e-15
  Current step =0
  Current step =0
  Current step =0
  Current step =0
  Current step =0
  Current step =0
  Current step =0
  Current step =0
  Current step =0
  Current step =0
  Current step =0
  Current step =0
  Current step =0
  Current step =0
  Current step =0
  Current step =0
  Current step =0
  Current step =0
  Current step =0
  Current step =0
  Current step =0
  Current step =0
  Current step =0
  Current step =0
  Current step =0
  Current step =0
  Current step =0
  Current step =0
  Current step =0
  Current step =0
  Current step =0
  Current step =0
  Current step =0
  Current step =0
  Current step =0
  Current step =0
  Current step =0
  Current step =0
  Current step =0
  Current step =0
  Current step =0
  Current step =0
  Current step =0
  Current step =0
  Current step =0
  Current step =0
  Current step =0
  Current step =0
  Current step =0
  Current step =0

Krylov solver
Norm of residual 3.26067e-17 at 21 iterations
Wall charge lower -6.974996958604307e-03 upper  6.974996958607401e-03
Fluid charge      -3.068292148133978e-16 total  2.787050104591238e-15
  Current step =0
  Current step =0
  Current step =0
  Current step =0
  Current step =0
  Current step =0
  Current step =0
  Current step =0
  Current step =0
  Current step =0
  Current step =0
  Current step =0
  Current step =0
  Current step =0
  Current step =0
  Current step =0
  Current step =0
  Current step =0
  Current step =0
  Current step =0
  Current step =0
  Current step =0
  Current step =0
  Current step =0
  Current step =0
  Current step =0
  Current step =0
  Current step =0
  Current step =0
  Current step =0
  Current step =0
  Current step =0
  Current step =0
  Current step =0
  Current step =0
  Current step =0
  Current step =0
  Current step =0
  Current step =0
  Current step =0
  Current step =0
  Current step =0
  Current step =0
  Current step =0
  Current step =0
  Current step =0
  Current step =0
  Current step =0
  Current step =0
  Current step =0

Krylov solver
Norm of residual 3.26067e-17 at 21 iterations
Wall charge lower -7.050937556684995e-03 upper  7.050937556688279e-03
Fluid charge      -2.699663409488906e-16 total  3.013865199075205e-15
  Current step =0
  Current step =0
  Current step =0
  Current step =0
  Current step =0
  Current step =0
  Current step =0
  Current step =0
  Current step =0
  Current step =0
  Current step =0
  Current step =0
  Current step =0
  Current step =0
  Current step =0
  Current step =0
  Current step =0
  Current step =0
  Current step =0
  Current step =0
  Current step =0
  Current step =0
  Current step =0
  Current step =0
  Current step =0
  Current step =0
  Current step =0
  Current step =0
  Current step =0
  Current step =0
  Current step =0
  Current step =0
  Current step =0
  Current step =0
  Current step =0
  Current step =0
  Current step =0
  Current step =0
  Current step =0
  Current step =0
  Current step =0
  Current step =0
  Current step =0
  Current step =0
  Current step =0
  Current step =0
  Current step =0
  Current step =0
  Current step =0
  Current step =0

Krylov solver
Norm of residual 3.26068e-17 at 21 iterations
Wall charge lower -7.125963624237501e-03 upper  7.125963624240615e-03
Fluid charge      -3.974685164331859e-16 total  2.716360122945183e-15
  Current step =0
  Current step =0
  Current step =0
  Current step =0
  Current step =0
  Current step =0
  Current step =0
  Current step =0
  Current step =0
  Current step =0
  Current step =0
  Current step =0
  Current step =0
  Current step =0
  Current step =0
  Current step =0
  Current step =0
  Current step =0
  Current step =0
  Current step =0
  Current step =0
  Current step =0
  Current step =0
  Current step =0
  Current step =0
  Current step =0
  Current step =0
  Current step =0
  Current step =0
  Current step =0
  Current step =0
  Current step =0
  Current step =0
  Current step =0
  Current step =0
  Current step =0
  Current step =0
  Current step =0
  Current step =0
  Current step =0
  Current step =0
  Current step =0
  Current step =0
  Current step =0
  Current step =0
  Current step =0
  Current step =0
  Current step =0
  Current step =0
  Current step =0

Krylov solver
Norm of residual 3.26068e-17 at 21 iterations
Wall charge lower -7.200086272560739e-03 upper  7.200086272564156e-03
Fluid charge      -3.573530360512223e-16 total  3.059184849885099e-15
  Current step =0
  Current step =0
  Current step =0
  Current step =0
  Current step =0
  Current step =0
  Current step =0
  Current step =0
  Current step =0
  Current step =0
  Current step =0
  Current step =0
  Current step =0
  Current step =0
  Current step =0
  Current step =0
  Current step =0
  Current step =0
  Current step =0
  Current step =0
  Current step =0
  Current step =0
  Current step =0
  Current step =0
  Current step =0
  Current step =0
  Current step =0
  Current step =0
  Current step =0
  Current step =0
  Current step =0
  Current step =0
  Current step =0
  Current step =0
  Current step =0
  Current step =0
  Current step =0
  Current step =0
  Current step =0
  Current step =0
  Current step =0
  Current step =0
  Current step =0
  Current step =0
  Current step =0
  Current step =0
  Current step =0
  Current step =0
  Current step =0
  Current step =0

Krylov solver
Norm of residual 3.26069e-17 at 21 iterations
Wall charge lower -7.273316467653679e-03 upper  7.273316467656936e-03
Fluid charge      -2.461138931542095e-16 total  3.010829432992246e-15
  Current step =0
  Current step =0
  Current step =0
  Current step =0
  Current step =0
  Current step =0
  Current step =0
  Current step =0
  Current step =0
  Current step =0
  Current step =0
  Current step =0
  Current step =0
  Current step =0
  Current step =0
  Current step =0
  Current step =0
  Current step =0
  Current step =0
  Current step =0
  Current step =0
  Current step =0
  Current step =0
  Current step =0
  Current step =0
  Current step =0
  Current step =0
  Current step =0
  Current step =0
  Current step =0
  Current step =0
  Current step =0
  Current step =0
  Current step =0
  Current step =0
  Current step =0
  Current step =0
  Current step =0
  Current step =0
  Current step =0
  Current step =0
  Current step =0
  Current step =0
  Current step =0
  Current step =0
  Current step =0
  Current step =0
  Current step =0
  Current step =0
  Current step =0

Krylov solver
Norm of residual 3.26069e-17 at 21 iterations
Wall charge lower -7.345665033233651e-03 upper  7.345665033236856e-03
Fluid charge      -3.161533534967731e-16 total  2.888748268370378e-15
  Current step =0
  Current step =0
  Current step =0
  Current step =0
  Current step =0
  Current step =0
  Current step =0
  Current step =0
  Current step =0
  Current step =0
  Current step =0
  Current step =0
  Current step =0
  Current step =0
  Current step =0
  Current step =0
  Current step =0
  Current step =0
  Current step =0
  Current step =0
  Current step =0
  Current step =0
  Current step =0
  Current step =0
  Current step =0
  Current step =0
  Current step =0
  Current step =0
  Current step =0
  Current step =0
  Current step =0
  Current step =0
  Current step =0
  Current step =0
  Current step =0
  Current step =0
  Current step =0
  Current step =0
  Current step =0
  Current step =0
  Current step =0
  Current step =0
  Current step =0
  Current step =0
  Current step =0
  Current step =0
  Current step =0
  Current step =0
  Current step =0
  Current step =0

Krylov solver
Norm of residual 3.26069e-17 at 21 iterations
Wall charge lower -7.417142653575888e-03 upper  7.417142653579045e-03
Fluid charge      -3.358858330360093e-16 total  2.821310893241780e-15
  Current step =0
  Current step =0
  Current step =0
  Current step =0
  Current step =0
  Current step =0
  Current step =0
  Current step =0
  Current step =0
  Current step =0
  Current step =0
  Current step =0
  Current step =0
  Current step =0
  Current step =0
  Current step =0
  Current step =0
  Current step =0
  Current step =0
  Current step =0
  Current step =0
  Current step =0
  Current step =0
  Current step =0
  Current step =0
  Current step =0
  Current step =0
  Current step =0
  Current step =0
  Current step =0
  Current step =0
  Current step =0
  Current step =0
  Current step =0
  Current step =0
  Current step =0
  Current step =0
  Current step =0
  Current step =0
  Current step =0
  Current step =0
  Current step =0
  Current step =0
  Current step =0
  Current step =0
  Current step =0
  Current step =0
  Current step =0
  Current step =0
  Current step =0

Krylov solver
Norm of residual 3.2607e-17 at 21 iterations
Wall charge lower -7.487759876189802e-03 upper  7.487759876193145e-03
Fluid charge      -3.410900034639397e-16 total  3.001722134743368e-15
  Current step =0
  Current step =0
  Current step =0
  Current step =0
  Current step =0
  Current step =0
  Current step =0
  Current step =0
  Current step =0
  Current step =0
  Current step =0
  Current step =0
  Current step =0
  Current step =0
  Current step =0
  Current step =0
  Current step =0
  Current step =0
  Current step =0
  Current step =0
  Current step =0
  Current step =0
  Current step =0
  Current step =0
  Current step =0
  Current step =0
  Current step =0
  Current step =0
  Current step =0
  Current step =0
  Current step =0
  Current step =0
  Current step =0
  Current step =0
  Current step =0
  Current step =0
  Current step =0
  Current step =0
  Current step =0
  Current step =0
  Current step =0
  Current step =0
  Current step =0
  Current step =0
  Current step =0
  Current step =0
  Current step =0
  Current step =0
  Current step =0
  Current step =0

Krylov solver
Norm of residual 3.2607e-17 at 21 iterations
Wall charge lower -7.557527114352182e-03 upper  7.557527114355386e-03
Fluid charge      -4.362829542081670e-16 total  2.767751305920996e-15
  Current step =0
  Current step =0
  Current step =0
  Current step =0
  Current step =0
  Current step =0
  Current step =0
  Current step =0
  Current step =0
  Current step =0
  Current step =0
  Current step =0
  Current step =0
  Current step =0
  Current step =0
  Current step =0
  Current step =0
  Current step =0
  Current step =0
  Current step =0
  Current step =0
  Current step =0
  Current step =0
  Current step =0
  Current step =0
  Current step =0
  Current step =0
  Current step =0
  Current step =0
  Current step =0
  Current step =0
  Current step =0
  Current step =0
  Current step =0
  Current step =0
  Current step =0
  Current step =0
  Current step =0
  Current step =0
  Current step =0
  Current step =0
  Current step =0
  Current step =0
  Current step =0
  Current step =0
  Current step =0
  Current step =0
  Current step =0
  Current step =0
  Current step =0

Krylov solver
Norm of residual 3.2607e-17 at 21 iterations
Wall charge lower -7.626454649509092e-03 upper  7.626454649512328e-03
Fluid charge      -4.514617846229640e-16 total  2.784664859811770e-15
  Current step =0
  Current step =0
  Current step =0
  Current step =0
  Current step =0
  Current step =0
  Current step =0
  Current step =0
  Current step =0
  Current step =0
  Current step =0
  Current step =0
  Current step =0
  Current step =0
  Current step =0
  Current step =0
  Current step =0
  Current step =0
  Current step =0
  Current step =0
  Current step =0
  Current step =0
  Current step =0
  Current step =0
  Current step =0
  Current step =0
  Current step =0
  Current step =0
  Current step =0
  Current step =0
  Current step =0
  Current step =0
  Current step =0
  Current step =0
  Current step =0
  Current step =0
  Current step =0
  Current step =0
  Current step =0
  Current step =0
  Current step =0
  Current step =0
  Current step =0
  Current step =0
  Current step =0
  Current step =0
  Current step =0
  Current step =0
  Current step =0
  Current step =0

Krylov solver
Norm of residual 3.26071e-17 at 21 iterations
Wall charge lower -7.694552633563451e-03 upper  7.694552633566748e-03
Fluid charge      -4.501607420159814e-16 total  2.846681224077940e-15
  Current step =0
  Current step =0
  Current step =0
  Current step =0
  Current step =0
  Current step =0
  Current step =0
  Current step =0
  Current step =0
  Current step =0
  Current step =0
  Current step =0
  Current step =0
  Current step =0
  Current step =0
  Current step =0
  Current step =0
  Current step =0
  Current step =0
  Current step =0
  Current step =0
  Current step =0
  Current step =0
  Current step =0
  Current step =0
  Current step =0
  Current step =0
  Current step =0
  Current step =0
  Current step =0
  Current step =0
  Current step =0
  Current step =0
  Current step =0
  Current step =0
  Current step =0
  Current step =0
  Current step =0
  Current step =0
  Current step =0
  Current step =0
  Current step =0
  Current step =0
  Current step =0
  Current step =0
  Current step =0
  Current step =0
  Current step =0
  Current step =0
  Current step =0

Krylov solver
Norm of residual 3.26071e-17 at 21 iterations
Wall charge lower -7.761831091056492e-03 upper  7.761831091059749e-03
Fluid charge      -3.495467804093266e-16 total  2.908263907475117e-15
  Current step =0
  Current step =0
  Current step =0
  Current step =0
  Current step =0
  Current step =0
  Current step =0
  Current step =0
  Current step =0
  Current step =0
  Current step =0
  Current step =0
  Current step =0
  Current step =0
  Current step =0
  Current step =0
  Current step =0
  Current step =0
  Current step =0
  Current step =0
  Current step =0
  Current step =0
  Current step =0
  Current step =0
  Current step =0
  Current step =0
  Current step =0
  Current step =0
  Current step =0
  Current step =0
  Current step =0
  Current step =0
  Current step =0
  Current step =0
  Current step =0
  Current step =0
  Current step =0
  Current step =0
  Current step =0
  Current step =0
  Current step =0
  Current step =0
  Current step =0
  Current step =0
  Current step =0
  Current step =0
  Current step =0
  Current step =0
  Current step =0
  Current step =0

Krylov solver
Norm of residual 3.26071e-17 at 21 iterations
Wall charge lower -7.828299921254282e-03 upper  7.828299921257751e-03
Fluid charge      -3.681950577760773e-16 total  3.101251894177537e-15
  Current step =0
  Current step =0
  Current step =0
  Current step =0
  Current step =0
  Current step =0
  Current step =0
  Current step =0
  Current step =0
  Current step =0
  Current step =0
  Current step =0
  Current step =0
  Current step =0
  Current step =0
  Current step =0
  Current step =0
  Current step =0
  Current step =0
  Current step =0
  Current step =0
  Current step =0
  Current step =0
  Current step =0
  Current step =0
  Current step =0
  Current step =0
  Current step =0
  Current step =0
  Current step =0
  Current step =0
  Current step =0
  Current step =0
  Current step =0
  Current step =0
  Current step =0
  Current step =0
  Current step =0
  Current step =0
  Current step =0
  Current step =0
  Current step =0
  Current step =0
  Current step =0
  Current step =0
  Current step =0
  Current step =0
  Current step =0
  Current step =0
  Current step =0

Krylov solver
Norm of residual 3.26072e-17 at 21 iterations
Wall charge lower -7.893968900150879e-03 upper  7.893968900154221e-03
Fluid charge      -3.825065264528860e-16 total  2.960305611754421e-15
  Current step =0
  Current step =0
  Current step =0
  Current step =0
  Current step =0
  Current step =0
  Current step =0
  Current step =0
  Current step =0
  Current step =0
  Current step =0
  Current step =0
  Current step =0
  Current step =0
  Current step =0
  Current step =0
  Current step =0
  Current step =0
  Current step =0
  Current step =0
  Current step =0
  Current step =0
  Current step =0
  Current step =0
  Current step =0
  Current step =0
  Current step =0
  Current step =0
  Current step =0
  Current step =0
  Current step =0
  Current step =0
  Current step =0
  Current step =0
  Current step =0
  Current step =0
  Current step =0
  Current step =0
  Current step =0
  Current step =0
  Current step =0
  Current step =0
  Current step =0
  Current step =0
  Current step =0
  Current step =0
  Current step =0
  Current step =0
  Current step =0
  Current step =0

Krylov solver
Norm of residual 3.26072e-17 at 21 iterations
Wall charge lower -7.958847682389435e-03 upper  7.958847682392701e-03
Fluid charge      -4.486428589745017e-16 total  2.817841446289826e-15
  Current step =0
  Current step =0
  Current step =0
  Current step =0
  Current step =0
  Current step =0
  Current step =0
  Current step =0
  Current step =0
  Current step =0
  Current step =0
  Current step =0
  Current step =0
  Current step =0
  Current step =0
  Current step =0
  Current step =0
  Current step =0
  Current step =0
  Current step =0
  Current step =0
  Current step =0
  Current step =0
  Current step =0
  Current step =0
  Current step =0
  Current step =0
  Current step =0
  Current step =0
  Current step =0
  Current step =0
  Current step =0
  Current step =0
  Current step =0
  Current step =0
  Current step =0
  Current step =0
  Current step =0
  Current step =0
  Current step =0
  Current step =0
  Current step =0
  Current step =0
  Current step =0
  Current step =0
  Current step =0
  Current step =0
  Current step =0
  Current step =0
  Current step =0

Krylov solver
Norm of residual 3.26072e-17 at 21 iterations
Wall charge lower -8.022945803117441e-03 upper  8.022945803120744e-03
Fluid charge      -4.664237746032640e-16 total  2.836489723656577e-15
  Current step =0
  Current step =0
  Current step =0
  Current step =0
  Current step =0
  Current step =0
  Current step =0
  Current step =0
  Current step =0
  Current step =0
  Current step =0
  Current step =0
  Current step =0
  Current step =0
  Current step =0
  Current step =0
  Current step =0
  Current step =0
  Current step =0
  Current step =0
  Current step =0
  Current step =0
  Current step =0
  Current step =0
  Current step =0
  Current step =0
  Current step =0
  Current step =0
  Current step =0
  Current step =0
  Current step =0
  Current step =0
  Current step =0
  Current step =0
  Current step =0
  Current step =0
  Current step =0
  Current step =0
  Current step =0
  Current step =0
  Current step =0
  Current step =0
  Current step =0
  Current step =0
  Current step =0
  Current step =0
  Current step =0
  Current step =0
  Current step =0
  Current step =0

Krylov solver
Norm of residual 3.26073e-17 at 21 iterations
Wall charge lower -8.086272679773675e-03 upper  8.086272679776919e-03
Fluid charge      -4.859394137080031e-16 total  2.757993486368626e-15
  Current step =0
  Current step =0
  Current step =0
  Current step =0
  Current step =0
  Current step =0
  Current step =0
  Current step =0
  Current step =0
  Current step =0
  Current step =0
  Current step =0
  Current step =0
  Current step =0
  Current step =0
  Current step =0
  Current step =0
  Current step =0
  Current step =0
  Current step =0
  Current step =0
  Current step =0
  Current step =0
  Current step =0
  Current step =0
  Current step =0
  Current step =0
  Current step =0
  Current step =0
  Current step =0
  Current step =0
  Current step =0
  Current step =0
  Current step =0
  Current step =0
  Current step =0
  Current step =0
  Current step =0
  Current step =0
  Current step =0
  Current step =0
  Current step =0
  Current step =0
  Current step =0
  Current step =0
  Current step =0
  Current step =0
  Current step =0
  Current step =0
  Current step =0

Krylov solver
Norm of residual 3.26073e-17 at 21 iterations
Wall charge lower -8.148837613817836e-03 upper  8.148837613821056e-03
Fluid charge      -4.759647537211364e-16 total  2.743682017691818e-15
  Current step =0
  Current step =0
  Current step =0
  Current step =0
  Current step =0
  Current step =0
  Current step =0
  Current step =0
  Current step =0
  Current step =0
  Current step =0
  Current step =0
  Current step =0
  Current step =0
  Current step =0
  Current step =0
  Current step =0
  Current step =0
  Current step =0
  Current step =0
  Current step =0
  Current step =0
  Current step =0
  Current step =0
  Current step =0
  Current step =0
  Current step =0
  Current step =0
  Current step =0
  Current step =0
  Current step =0
  Current step =0
  Current step =0
  Current step =0
  Current step =0
  Current step =0
  Current step =0
  Current step =0
  Current step =0
  Current step =0
  Current step =0
  Current step =0
  Current step =0
  Current step =0
  Current step =0
  Current step =0
  Current step =0
  Current step =0
  Current step =0
  Current step =0

Krylov solver
Norm of residual 3.26073e-17 at 21 iterations
Wall charge lower -8.210649792405293e-03 upper  8.210649792408370e-03
Fluid charge      -3.551846317062513e-16 total  2.722214814676605e-15
  Current step =0
  Current step =0
  Current step =0
  Current step =0
  Current step =0
  Current step =0
  Current step =0
  Current step =0
  Current step =0
  Current step =0
  Current step =0
  Current step =0
  Current step =0
  Current step =0
  Current step =0
  Current step =0
  Current step =0
  Current step =0
  Current step =0
  Current step =0
  Current step =0
  Current step =0
  Current step =0
  Current step =0
  Current step =0
  Current step =0
  Current step =0
  Current step =0
  Current step =0
  Current step =0
  Current step =0
  Current step =0
  Current step =0
  Current step =0
  Current step =0
  Current step =0
  Current step =0
  Current step =0
  Current step =0
  Current step =0
  Current step =0
  Current step =0
  Current step =0
  Current step =0
  Current step =0
  Current step =0
  Current step =0
  Current step =0
  Current step =0
  Current step =0

Krylov solver
Norm of residual 3.26074e-17 at 21 iterations
Wall charge lower -8.271718290012076e-03 upper  8.271718290015256e-03
Fluid charge      -3.898791012257874e-16 total  2.789869030239700e-15
  Current step =0
  Current step =0
  Current step =0
  Current step =0
  Current step =0
  Current step =0
  Current step =0
  Current step =0
  Current step =0
  Current step =0
  Current step =0
  Current step =0
  Current step =0
  Current step =0
  Current step =0
  Current step =0
  Current step =0
  Current step =0
  Current step =0
  Current step =0
  Current step =0
  Current step =0
  Current step =0
  Current step =0
  Current step =0
  Current step =0
  Current step =0
  Current step =0
  Current step =0
  Current step =0
  Current step =0
  Current step =0
  Current step =0
  Current step =0
  Current step =0
  Current step =0
  Current step =0
  Current step =0
  Current step =0
  Current step =0
  Current step =0
  Current step =0
  Current step =0
  Current step =0
  Current step =0
  Current step =0
  Current step =0
  Current step =0
  Current step =0
  Current step =0

Krylov solver
Norm of residual 3.26074e-17 at 21 iterations
Wall charge lower -8.332052070013633e-03 upper  8.332052070017136e-03
Fluid charge      -4.447397311535539e-16 total  3.057666966843620e-15
  Current step =0
  Current step =0
  Current step =0
  Current step =0
  Current step =0
  Current step =0
  Current step =0
  Current step =0
  Current step =0
  Current step =0
  Current step =0
  Current step =0
  Current step =0
  Current step =0
  Current step =0
  Current step =0
  Current step =0
  Current step =0
  Current step =0
  Current step =0
  Current step =0
  Current step =0
  Current step =0
  Current step =0
  Current step =0
  Current step =0
  Current step =0
  Current step =0
  Current step =0
  Current step =0
  Current step =0
  Current step =0
  Current step =0
  Current step =0
  Current step =0
  Current step =0
  Current step =0
  Current step =0
  Current step =0
  Current step =0
  Current step =0
  Current step =0
  Current step =0
  Current step =0
  Current step =0
  Current step =0
  Current step =0
  Current step =0
  Current step =0
  Current step =0

Krylov solver
Norm of residual 3.26074e-17 at 21 iterations
Wall charge lower -8.391659986222337e-03 upper  8.391659986225606e-03
Fluid charge      -4.143820703239598e-16 total  2.853836958416345e-15
  Current step =0
  Current step =0
  Current step =0
  Current step =0
  Current step =0
  Current step =0
  Current step =0
  Current step =0
  Current step =0
  Current step =0
  Current step =0
  Current step =0
  Current step =0
  Current step =0
  Current step =0
  Current step =0
  Current step =0
  Current step =0
  Current step =0
  Current step =0
  Current step =0
  Current step =0
  Current step =0
  Current step =0
  Current step =0
  Current step =0
  Current step =0
  Current step =0
  Current step =0
  Current step =0
  Current step =0
  Current step =0
  Current step =0
  Current step =0
  Current step =0
  Current step =0
  Current step =0
  Current step =0
  Current step =0
  Current step =0
  Current step =0
  Current step =0
  Current step =0
  Current step =0
  Current step =0
  Current step =0
  Current step =0
  Current step =0
  Current step =0
  Current step =0

Krylov solver
Norm of residual 3.26075e-17 at 21 iterations
Wall charge lower -8.450550784382180e-03 upper  8.450550784385547e-03
Fluid charge      -3.217912047936977e-16 total  3.045307062077285e-15
  Current step =0
  Current step =0
  Current step =0
  Current step =0
  Current step =0
  Current step =0
  Current step =0
  Current step =0
  Current step =0
  Current step =0
  Current step =0
  Current step =0
  Current step =0
  Current step =0
  Current step =0
  Current step =0
  Current step =0
  Current step =0
  Current step =0
  Current step =0
  Current step =0
  Current step =0
  Current step =0
  Current step =0
  Current step =0
  Current step =0
  Current step =0
  Current step =0
  Current step =0
  Current step =0
  Current step =0
  Current step =0
  Current step =0
  Current step =0
  Current step =0
  Current step =0
  Current step =0
  Current step =0
  Current step =0
  Current step =0
  Current step =0
  Current step =0
  Current step =0
  Current step =0
  Current step =0
  Current step =0
  Current step =0
  Current step =0
  Current step =0
  Current step =0

Krylov solver
Norm of residual 3.26075e-17 at 21 iterations
Wall charge lower -8.508733103630498e-03 upper  8.508733103633811e-03
Fluid charge      -3.328500669530499e-16 total  2.980471772162652e-15
  Current step =0
  Current step =0
  Current step =0
  Current step =0
  Current step =0
  Current step =0
  Current step =0
  Current step =0
  Current step =0
  Current step =0
  Current step =0
  Current step =0
  Current step =0
  Current step =0
  Current step =0
  Current step =0
  Current step =0
  Current step =0
  Current step =0
  Current step =0
  Current step =0
  Current step =0
  Current step =0
  Current step =0
  Current step =0
  Current step =0
  Current step =0
  Current step =0
  Current step =0
  Current step =0
  Current step =0
  Current step =0
  Current step =0
  Current step =0
  Current step =0
  Current step =0
  Current step =0
  Current step =0
  Current step =0
  Current step =0
  Current step =0
  Current step =0
  Current step =0
  Current step =0
  Current step =0
  Current step =0
  Current step =0
  Current step =0
  Current step =0
  Current step =0

Krylov solver
Norm of residual 3.26075e-17 at 21 iterations
Wall charge lower -8.566215477923224e-03 upper  8.566215477926544e-03
Fluid charge      -3.827233668873831e-16 total  2.937537366132226e-15
  Current step =0
  Current step =0
  Current step =0
  Current step =0
  Current step =0
  Current step =0
  Current step =0
  Current step =0
  Current step =0
  Current step =0
  Current step =0
  Current step =0
  Current step =0
  Current step =0
  Current step =0
  Current step =0
  Current step =0
  Current step =0
  Current step =0
  Current step =0
  Current step =0
  Current step =0
  Current step =0
  Current step =0
  Current step =0
  Current step =0
  Current step =0
  Current step =0
  Current step =0
  Current step =0
  Current step =0
  Current step =0
  Current step =0
  Current step =0
  Current step =0
  Current step =0
  Current step =0
  Current step =0
  Current step =0
  Current step =0
  Current step =0
  Current step =0
  Current step =0
  Current step =0
  Current step =0
  Current step =0
  Current step =0
  Current step =0
  Current step =0
  Current step =0

Krylov solver
Norm of residual 3.26075e-17 at 21 iterations
Wall charge lower -8.623006337428397e-03 upper  8.623006337431561e-03
Fluid charge      -4.514617846229640e-16 total  2.712673835558732e-15
  Current step =0
  Current step =0
  Current step =0
  Current step =0
  Current step =0
  Current step =0
  Current step =0
  Current step =0
  Current step =0
  Current step =0
  Current step =0
  Current step =0
  Current step =0
  Current step =0
  Current step =0
  Current step =0
  Current step =0
  Current step =0
  Current step =0
  Current step =0
  Current step =0
  Current step =0
  Current step =0
  Current step =0
  Current step =0
  Current step =0
  Current step =0
  Current step =0
  Current step =0
  Current step =0
  Current step =0
  Current step =0
  Current step =0
  Current step =0
  Current step =0
  Current step =0
  Current step =0
  Current step =0
  Current step =0
  Current step =0
  Current step =0
  Current step =0
  Current step =0
  Current step =0
  Current step =0
  Current step =0
  Current step =0
  Current step =0
  Current step =0
  Current step =0

Krylov solver
Norm of residual 3.26076e-17 at 21 iterations
Wall charge lower -8.679114009889242e-03 upper  8.679114009892578e-03
Fluid charge      -4.070094955510584e-16 total  2.928863748752342e-15
  Current step =0
  Current step =0
  Current step =0
  Current step =0
  Current step =0
  Current step =0
  Current step =0
  Current step =0
  Current step =0
  Current step =0
  Current step =0
  Current step =0
  Current step =0
  Current step =0
  Current step =0
  Current step =0
  Current step =0
  Current step =0
  Current step =0
  Current step =0
  Current step =0
  Current step =0
  Current step =0
  Current step =0
  Current step =0
  Current step =0
  Current step =0
  Current step =0
  Current step =0
  Current step =0
  Current step =0
  Current step =0
  Current step =0
  Current step =0
  Current step =0
  Current step =0
  Current step =0
  Current step =0
  Current step =0
  Current step =0
  Current step =0
  Current step =0
  Current step =0
  Current step =0
  Current step =0
  Current step =0
  Current step =0
  Current step =0
  Current step =0
  Current step =0

Krylov solver
Norm of residual 3.26076e-17 at 21 iterations
Wall charge lower -8.734546721960015e-03 upper  8.734546721963323e-03
Fluid charge      -4.560154337474032e-16 total  2.852102234940368e-15
  Current step =0
  Current step =0
  Current step =0
  Current step =0
  Current step =0
  Current step =0
  Current step =0
  Current step =0
  Current step =0
  Current step =0
  Current step =0
  Current step =0
  Current step =0
  Current step =0
  Current step =0
  Current step =0
  Current step =0
  Current step =0
  Current step =0
  Current step =0
  Current step =0
  Current step =0
  Current step =0
  Current step =0
  Current step =0
  Current step =0
  Current step =0
  Current step =0
  Current step =0
  Current step =0
  Current step =0
  Current step =0
  Current step =0
  Current step =0
  Current step =0
  Current step =0
  Current step =0
  Current step =0
  Current step =0
  Current step =0
  Current step =0
  Current step =0
  Current step =0
  Current step =0
  Current step =0
  Current step =0
  Current step =0
  Current step =0
  Current step =0
  Current step =0

Krylov solver
Norm of residual 3.26076e-17 at 21 iterations
Wall charge lower -8.789312600513733e-03 upper  8.789312600517222e-03
Fluid charge      -3.738329090730019e-16 total  3.114696001116357e-15
  Current step =0
  Current step =0
  Current step =0
  Current step =0
  Current step =0
  Current step =0
  Current step =0
  Current step =0
  Current step =0
  Current step =0
  Current step =0
  Current step =0
  Current step =0
  Current step =0
  Current step =0
  Current step =0
  Current step =0
  Current step =0
  Current step =0
  Current step =0
  Current step =0
  Current step =0
  Current step =0
  Current step =0
  Current step =0
  Current step =0
  Current step =0
  Current step =0
  Current step =0
  Current step =0
  Current step =0
  Current step =0
  Current step =0
  Current step =0
  Current step =0
  Current step =0
  Current step =0
  Current step =0
  Current step =0
  Current step =0
  Current step =0
  Current step =0
  Current step =0
  Current step =0
  Current step =0
  Current step =0
  Current step =0
  Current step =0
  Current step =0
  Current step =0

Krylov solver
Norm of residual 3.26077e-17 at 21 iterations
Wall charge lower -8.843419673926023e-03 upper  8.843419673929277e-03
Fluid charge      -4.070094955510584e-16 total  2.847331745381432e-15
  Current step =0
  Current step =0
  Current step =0
  Current step =0
  Current step =0
  Current step =0
  Current step =0
  Current step =0
  Current step =0
  Current step =0
  Current step =0
  Current step =0
  Current step =0
  Current step =0
  Current step =0
  Current step =0
  Current step =0
  Current step =0
  Current step =0
  Current step =0
  Current step =0
  Current step =0
  Current step =0
  Current step =0
  Current step =0
  Current step =0
  Current step =0
  Current step =0
  Current step =0
  Current step =0
  Current step =0
  Current step =0
  Current step =0
  Current step =0
  Current step =0
  Current step =0
  Current step =0
  Current step =0
  Current step =0
  Current step =0
  Current step =0
  Current step =0
  Current step =0
  Current step =0
  Current step =0
  Current step =0
  Current step =0
  Current step =0
  Current step =0
  Current step =0

Krylov solver
Norm of residual 3.26077e-17 at 21 iterations
Wall charge lower -8.896875873332813e-03 upper  8.896875873336079e-03
Fluid charge      -2.866630544051674e-16 total  2.979821250859160e-15
  Current step =0
  Current step =0
  Current step =0
  Current step =0
  Current step =0
  Current step =0
  Current step =0
  Current step =0
  Current step =0
  Current step =0
  Current step =0
  Current step =0
  Current step =0
  Current step =0
  Current step =0
  Current step =0
  Current step =0
  Current step =0
  Current step =0
  Current step =0
  Current step =0
  Current step =0
  Current step =0
  Current step =0
  Current step =0
  Current step =0
  Current step =0
  Current step =0
  Current step =0
  Current step =0
  Current step =0
  Current step =0
  Current step =0
  Current step =0
  Current step =0
  Current step =0
  Current step =0
  Current step =0
  Current step =0
  Current step =0
  Current step =0
  Current step =0
  Current step =0
  Current step =0
  Current step =0
  Current step =0
  Current step =0
  Current step =0
  Current step =0
  Current step =0

Krylov solver
Norm of residual 3.26077e-17 at 21 iterations
Wall charge lower -8.949689033867786e-03 upper  8.949689033871309e-03
Fluid charge      -4.488596994089988e-16 total  3.074363680299896e-15
  Current step =0
  Current step =0
  Current step =0
  Current step =0
  Current step =0
  Current step =0
  Current step =0
  Current step =0
  Current step =0
  Current step =0
  Current step =0
  Current step =0
  Current step =0
  Current step =0
  Current step =0
  Current step =0
  Current step =0
  Current step =0
  Current step =0
  Current step =0
  Current step =0
  Current step =0
  Current step =0
  Current step =0
  Current step =0
  Current step =0
  Current step =0
  Current step =0
  Current step =0
  Current step =0
  Current step =0
  Current step =0
  Current step =0
  Current step =0
  Current step =0
  Current step =0
  Current step =0
  Current step =0
  Current step =0
  Current step =0
  Current step =0
  Current step =0
  Current step =0
  Current step =0
  Current step =0
  Current step =0
  Current step =0
  Current step =0
  Current step =0
  Current step =0

Krylov solver
Norm of residual 3.26077e-17 at 21 iterations
Wall charge lower -9.001866895877340e-03 upper  9.001866895880775e-03
Fluid charge      -5.401495223322783e-16 total  2.894602960101800e-15
  Current step =0
  Current step =0
  Current step =0
  Current step =0
  Current step =0
  Current step =0
  Current step =0
  Current step =0
  Current step =0
  Current step =0
  Current step =0
  Current step =0
  Current step =0
  Current step =0
  Current step =0
  Current step =0
  Current step =0
  Current step =0
  Current step =0
  Current step =0
  Current step =0
  Current step =0
  Current step =0
  Current step =0
  Current step =0
  Current step =0
  Current step =0
  Current step =0
  Current step =0
  Current step =0
  Current step =0
  Current step =0
  Current step =0
  Current step =0
  Current step =0
  Current step =0
  Current step =0
  Current step =0
  Current step =0
  Current step =0
  Current step =0
  Current step =0
  Current step =0
  Current step =0
  Current step =0
  Current step =0
  Current step =0
  Current step =0
  Current step =0
  Current step =0

Krylov solver
Norm of residual 3.26078e-17 at 21 iterations
Wall charge lower -9.053417106112432e-03 upper  9.053417106115793e-03
Fluid charge      -5.425347671117464e-16 total  2.817624605855329e-15
  Current step =0

Scalars - total mean variance min max
[rho]        1216.00  1.00000000000  0.0000000e+00  1.00000000000  1.00000000000
[psi]  1.9567681e-15 -5.0000000e-02  5.0000000e-02
[rho]  1.7333335e+00  1.3482099e-03  1.4305836e-03
[rho]  1.7333335e+00  1.3482099e-03  1.4305836e-03
[elc] -4.8789098e-16 -8.2373633e-05  8.2373633e-05
[psi]  1.9567681e-15 -5.0000000e-02  5.0000000e-02
[rho]  1.7333335e+00  1.3482099e-03  1.4305836e-03
[rho]  1.7333335e+00  1.3482099e-03  1.4305836e-03
[elc] -4.8789098e-16 -8.2373633e-05  8.2373633e-05

Free energy density - timestep total fluid
[fed]           4000 -2.1053582244e-02 -2.1053585012e-02

Momentum - x y z
[total   ]  0.0000000e+00  0.0000000e+00  0.0000000e+00
[fluid   ]  0.0000000e+00  0.0000000e+00  0.0000000e+00
[walls   ]  0.0000000e+00  0.0000000e+00  0.0000000e+00

Completed cycle 4000
  Current step =0
  Current step =0
  Current step =0
  Current step =0
  Current step =0
  Current step =0
  Current step =0
  Current step =0
  Current step =0
  Current step =0
  Current step =0
  Current step =0
  Current step =0
  Current step =0
  Current step =0
  Current step =0
  Current step =0
  Current step =0
  Current step =0
  Current step =0
  Current step =0
  Current step =0
  Current step =0
  Current step =0
  Current step =0
  Current step =0
  Current step =0
  Current step =0
  Current step =0
  Current step =0
  Current step =0
  Current step =0
  Current step =0
  Current step =0
  Current step =0
  Current step =0
  Current step =0
  Current step =0
  Current step =0
  Current step =0
  Current step =0
  Current step =0
  Current step =0
  Current step =0
  Current step =0
  Current step =0
  Current step =0
  Current step =0
  Current step =0

Krylov solver
Norm of residual 3.26078e-17 at 21 iterations
Wall charge lower -9.104347218904706e-03 upper  9.104347218908215e-03
Fluid charge      -4.024558464266192e-16 total  3.106889745474462e-15
  Current step =0
  Current step =0
  Current step =0
  Current step =0
  Current step =0
  Current step =0
  Current step =0
  Current step =0
  Current step =0
  Current step =0
  Current step =0
  Current step =0
  Current step =0
  Current step =0
  Current step =0
  Current step =0
  Current step =0
  Current step =0
  Current step =0
  Current step =0
  Current step =0
  Current step =0
  Current step =0
  Current step =0
  Current step =0
  Current step =0
  Current step =0
  Current step =0
  Current step =0
  Current step =0
  Current step =0
  Current step =0
  Current step =0
  Current step =0
  Current step =0
  Current step =0
  Current step =0
  Current step =0
  Current step =0
  Current step =0
  Current step =0
  Current step =0
  Current step =0
  Current step =0
  Current step =0
  Current step =0
  Current step =0
  Current step =0
  Current step =0
  Current step =0

Krylov solver
Norm of residual 3.26078e-17 at 21 iterations
Wall charge lower -9.154664697320247e-03 upper  9.154664697323574e-03
Fluid charge      -3.692792599485628e-16 total  2.957920366974953e-15
  Current step =0
  Current step =0
  Current step =0
  Current step =0
  Current step =0
  Current step =0
  Current step =0
  Current step =0
  Current step =0
  Current step =0
  Current step =0
  Current step =0
  Current step =0
  Current step =0
  Current step =0
  Current step =0
  Current step =0
  Current step =0
  Current step =0
  Current step =0
  Current step =0
  Current step =0
  Current step =0
  Current step =0
  Current step =0
  Current step =0
  Current step =0
  Current step =0
  Current step =0
  Current step =0
  Current step =0
  Current step =0
  Current step =0
  Current step =0
  Current step =0
  Current step =0
  Current step =0
  Current step =0
  Current step =0
  Current step =0
  Current step =0
  Current step =0
  Current step =0
  Current step =0
  Current step =0
  Current step =0
  Current step =0
  Current step =0
  Current step =0
  Current step =0

Krylov solver
Norm of residual 3.26078e-17 at 21 iterations
Wall charge lower -9.204376914296051e-03 upper  9.204376914299406e-03
Fluid charge      -4.332471881252076e-16 total  2.921708014413937e-15
  Current step =0
  Current step =0
  Current step =0
  Current step =0
  Current step =0
  Current step =0
  Current step =0
  Current step =0
  Current step =0
  Current step =0
  Current step =0
  Current step =0
  Current step =0
  Current step =0
  Current step =0
  Current step =0
  Current step =0
  Current step =0
  Current step =0
  Current step =0
  Current step =0
  Current step =0
  Current step =0
  Current step =0
  Current step =0
  Current step =0
  Current step =0
  Current step =0
  Current step =0
  Current step =0
  Current step =0
  Current step =0
  Current step =0
  Current step =0
  Current step =0
  Current step =0
  Current step =0
  Current step =0
  Current step =0
  Current step =0
  Current step =0
  Current step =0
  Current step =0
  Current step =0
  Current step =0
  Current step =0
  Current step =0
  Current step =0
  Current step =0
  Current step =0

Krylov solver
Norm of residual 3.26079e-17 at 21 iterations
Wall charge lower -9.253491153759872e-03 upper  9.253491153763392e-03
Fluid charge      -5.022024462952857e-16 total  3.017551486461656e-15
  Current step =0
  Current step =0
  Current step =0
  Current step =0
  Current step =0
  Current step =0
  Current step =0
  Current step =0
  Current step =0
  Current step =0
  Current step =0
  Current step =0
  Current step =0
  Current step =0
  Current step =0
  Current step =0
  Current step =0
  Current step =0
  Current step =0
  Current step =0
  Current step =0
  Current step =0
  Current step =0
  Current step =0
  Current step =0
  Current step =0
  Current step =0
  Current step =0
  Current step =0
  Current step =0
  Current step =0
  Current step =0
  Current step =0
  Current step =0
  Current step =0
  Current step =0
  Current step =0
  Current step =0
  Current step =0
  Current step =0
  Current step =0
  Current step =0
  Current step =0
  Current step =0
  Current step =0
  Current step =0
  Current step =0
  Current step =0
  Current step =0
  Current step =0

Krylov solver
Norm of residual 3.26079e-17 at 21 iterations
Wall charge lower -9.302014611731446e-03 upper  9.302014611734973e-03
Fluid charge      -5.548946718780812e-16 total  2.971798154782768e-15
  Current step =0
  Current step =0
  Current step =0
  Current step =0
  Current step =0
  Current step =0
  Current step =0
  Current step =0
  Current step =0
  Current step =0
  Current step =0
  Current step =0
  Current step =0
  Current step =0
  Current step =0
  Current step =0
  Current step =0
  Current step =0
  Current step =0
  Current step =0
  Current step =0
  Current step =0
  Current step =0
  Current step =0
  Current step =0
  Current step =0
  Current step =0
  Current step =0
  Current step =0
  Current step =0
  Current step =0
  Current step =0
  Current step =0
  Current step =0
  Current step =0
  Current step =0
  Current step =0
  Current step =0
  Current step =0
  Current step =0
  Current step =0
  Current step =0
  Current step =0
  Current step =0
  Current step =0
  Current step =0
  Current step =0
  Current step =0
  Current step =0
  Current step =0

Krylov solver
Norm of residual 3.26079e-17 at 21 iterations
Wall charge lower -9.349954397408626e-03 upper  9.349954397412080e-03
Fluid charge      -4.217546450968612e-16 total  3.032079795572962e-15
  Current step =0
  Current step =0
  Current step =0
  Current step =0
  Current step =0
  Current step =0
  Current step =0
  Current step =0
  Current step =0
  Current step =0
  Current step =0
  Current step =0
  Current step =0
  Current step =0
  Current step =0
  Current step =0
  Current step =0
  Current step =0
  Current step =0
  Current step =0
  Current step =0
  Current step =0
  Current step =0
  Current step =0
  Current step =0
  Current step =0
  Current step =0
  Current step =0
  Current step =0
  Current step =0
  Current step =0
  Current step =0
  Current step =0
  Current step =0
  Current step =0
  Current step =0
  Current step =0
  Current step =0
  Current step =0
  Current step =0
  Current step =0
  Current step =0
  Current step =0
  Current step =0
  Current step =0
  Current step =0
  Current step =0
  Current step =0
  Current step =0
  Current step =0

Krylov solver
Norm of residual 3.26079e-17 at 21 iterations
Wall charge lower -9.397317534236052e-03 upper  9.397317534239452e-03
Fluid charge      -4.544975507059235e-16 total  2.945560462208618e-15
  Current step =0
  Current step =0
  Current step =0
  Current step =0
  Current step =0
  Current step =0
  Current step =0
  Current step =0
  Current step =0
  Current step =0
  Current step =0
  Current step =0
  Current step =0
  Current step =0
  Current step =0
  Current step =0
  Current step =0
  Current step =0
  Current step =0
  Current step =0
  Current step =0
  Current step =0
  Current step =0
  Current step =0
  Current step =0
  Current step =0
  Current step =0
  Current step =0
  Current step =0
  Current step =0
  Current step =0
  Current step =0
  Current step =0
  Current step =0
  Current step =0
  Current step =0
  Current step =0
  Current step =0
  Current step =0
  Current step =0
  Current step =0
  Current step =0
  Current step =0
  Current step =0
  Current step =0
  Current step =0
  Current step =0
  Current step =0
  Current step =0
  Current step =0

Krylov solver
Norm of residual 3.2608e-17 at 21 iterations
Wall charge lower -9.444110960960532e-03 upper  9.444110960964137e-03
Fluid charge      -5.921912266115825e-16 total  3.012564156468223e-15
  Current step =0
  Current step =0
  Current step =0
  Current step =0
  Current step =0
  Current step =0
  Current step =0
  Current step =0
  Current step =0
  Current step =0
  Current step =0
  Current step =0
  Current step =0
  Current step =0
  Current step =0
  Current step =0
  Current step =0
  Current step =0
  Current step =0
  Current step =0
  Current step =0
  Current step =0
  Current step =0
  Current step =0
  Current step =0
  Current step =0
  Current step =0
  Current step =0
  Current step =0
  Current step =0
  Current step =0
  Current step =0
  Current step =0
  Current step =0
  Current step =0
  Current step =0
  Current step =0
  Current step =0
  Current step =0
  Current step =0
  Current step =0
  Current step =0
  Current step =0
  Current step =0
  Current step =0
  Current step =0
  Current step =0
  Current step =0
  Current step =0
  Current step =0

Krylov solver
Norm of residual 3.2608e-17 at 21 iterations
Wall charge lower -9.490341532669424e-03 upper  9.490341532672848e-03
Fluid charge      -5.347285114698508e-16 total  2.889615630108366e-15
  Current step =0
  Current step =0
  Current step =0
  Current step =0
  Current step =0
  Current step =0
  Current step =0
  Current step =0
  Current step =0
  Current step =0
  Current step =0
  Current step =0
  Current step =0
  Current step =0
  Current step =0
  Current step =0
  Current step =0
  Current step =0
  Current step =0
  Current step =0
  Current step =0
  Current step =0
  Current step =0
  Current step =0
  Current step =0
  Current step =0
  Current step =0
  Current step =0
  Current step =0
  Current step =0
  Current step =0
  Current step =0
  Current step =0
  Current step =0
  Current step =0
  Current step =0
  Current step =0
  Current step =0
  Current step =0
  Current step =0
  Current step =0
  Current step =0
  Current step =0
  Current step =0
  Current step =0
  Current step =0
  Current step =0
  Current step =0
  Current step =0
  Current step =0

Krylov solver
Norm of residual 3.2608e-17 at 21 iterations
Wall charge lower -9.536016021815369e-03 upper  9.536016021818906e-03
Fluid charge      -6.448834521943780e-16 total  2.892217715322332e-15
  Current step =0
  Current step =0
  Current step =0
  Current step =0
  Current step =0
  Current step =0
  Current step =0
  Current step =0
  Current step =0
  Current step =0
  Current step =0
  Current step =0
  Current step =0
  Current step =0
  Current step =0
  Current step =0
  Current step =0
  Current step =0
  Current step =0
  Current step =0
  Current step =0
  Current step =0
  Current step =0
  Current step =0
  Current step =0
  Current step =0
  Current step =0
  Current step =0
  Current step =0
  Current step =0
  Current step =0
  Current step =0
  Current step =0
  Current step =0
  Current step =0
  Current step =0
  Current step =0
  Current step =0
  Current step =0
  Current step =0
  Current step =0
  Current step =0
  Current step =0
  Current step =0
  Current step =0
  Current step =0
  Current step =0
  Current step =0
  Current step =0
  Current step =0

Krylov solver
Norm of residual 3.2608e-17 at 21 iterations
Wall charge lower -9.581141119227308e-03 upper  9.581141119230746e-03
Fluid charge      -6.424982074149099e-16 total  2.795723721971122e-15
  Current step =0
  Current step =0
  Current step =0
  Current step =0
  Current step =0
  Current step =0
  Current step =0
  Current step =0
  Current step =0
  Current step =0
  Current step =0
  Current step =0
  Current step =0
  Current step =0
  Current step =0
  Current step =0
  Current step =0
  Current step =0
  Current step =0
  Current step =0
  Current step =0
  Current step =0
  Current step =0
  Current step =0
  Current step =0
  Current step =0
  Current step =0
  Current step =0
  Current step =0
  Current step =0
  Current step =0
  Current step =0
  Current step =0
  Current step =0
  Current step =0
  Current step =0
  Current step =0
  Current step =0
  Current step =0
  Current step =0
  Current step =0
  Current step =0
  Current step =0
  Current step =0
  Current step =0
  Current step =0
  Current step =0
  Current step =0
  Current step =0
  Current step =0

Krylov solver
Norm of residual 3.26081e-17 at 21 iterations
Wall charge lower -9.625723435106672e-03 upper  9.625723435110050e-03
Fluid charge      -4.779163176316104e-16 total  2.899590290095233e-15
  Current step =0
  Current step =0
  Current step =0
  Current step =0
  Current step =0
  Current step =0
  Current step =0
  Current step =0
  Current step =0
  Current step =0
  Current step =0
  Current step =0
  Current step =0
  Current step =0
  Current step =0
  Current step =0
  Current step =0
  Current step =0
  Current step =0
  Current step =0
  Current step =0
  Current step =0
  Current step =0
  Current step =0
  Current step =0
  Current step =0
  Current step =0
  Current step =0
  Current step =0
  Current step =0
  Current step =0
  Current step =0
  Current step =0
  Current step =0
  Current step =0
  Current step =0
  Current step =0
  Current step =0
  Current step =0
  Current step =0
  Current step =0
  Current step =0
  Current step =0
  Current step =0
  Current step =0
  Current step =0
  Current step =0
  Current step =0
  Current step =0
  Current step =0

Krylov solver
Norm of residual 3.26081e-17 at 21 iterations
Wall charge lower -9.669769500010460e-03 upper  9.669769500014037e-03
Fluid charge      -6.227657278756737e-16 total  2.954234079588502e-15
  Current step =0
  Current step =0
  Current step =0
  Current step =0
  Current step =0
  Current step =0
  Current step =0
  Current step =0
  Current step =0
  Current step =0
  Current step =0
  Current step =0
  Current step =0
  Current step =0
  Current step =0
  Current step =0
  Current step =0
  Current step =0
  Current step =0
  Current step =0
  Current step =0
  Current step =0
  Current step =0
  Current step =0
  Current step =0
  Current step =0
  Current step =0
  Current step =0
  Current step =0
  Current step =0
  Current step =0
  Current step =0
  Current step =0
  Current step =0
  Current step =0
  Current step =0
  Current step =0
  Current step =0
  Current step =0
  Current step =0
  Current step =0
  Current step =0
  Current step =0
  Current step =0
  Current step =0
  Current step =0
  Current step =0
  Current step =0
  Current step =0
  Current step =0

Krylov solver
Norm of residual 3.26081e-17 at 21 iterations
Wall charge lower -9.713285765821847e-03 upper  9.713285765825577e-03
Fluid charge      -6.323067069935462e-16 total  3.097348766356589e-15
  Current step =0
  Current step =0
  Current step =0
  Current step =0
  Current step =0
  Current step =0
  Current step =0
  Current step =0
  Current step =0
  Current step =0
  Current step =0
  Current step =0
  Current step =0
  Current step =0
  Current step =0
  Current step =0
  Current step =0
  Current step =0
  Current step =0
  Current step =0
  Current step =0
  Current step =0
  Current step =0
  Current step =0
  Current step =0
  Current step =0
  Current step =0
  Current step =0
  Current step =0
  Current step =0
  Current step =0
  Current step =0
  Current step =0
  Current step =0
  Current step =0
  Current step =0
  Current step =0
  Current step =0
  Current step =0
  Current step =0
  Current step =0
  Current step =0
  Current step =0
  Current step =0
  Current step =0
  Current step =0
  Current step =0
  Current step =0
  Current step =0
  Current step =0

Krylov solver
Norm of residual 3.26081e-17 at 21 iterations
Wall charge lower -9.756278606706912e-03 upper  9.756278606710389e-03
Fluid charge      -7.248975725238083e-16 total  2.751488273333713e-15
  Current step =0
  Current step =0
  Current step =0
  Current step =0
  Current step =0
  Current step =0
  Current step =0
  Current step =0
  Current step =0
  Current step =0
  Current step =0
  Current step =0
  Current step =0
  Current step =0
  Current step =0
  Current step =0
  Current step =0
  Current step =0
  Current step =0
  Current step =0
  Current step =0
  Current step =0
  Current step =0
  Current step =0
  Current step =0
  Current step =0
  Current step =0
  Current step =0
  Current step =0
  Current step =0
  Current step =0
  Current step =0
  Current step =0
  Current step =0
  Current step =0
  Current step =0
  Current step =0
  Current step =0
  Current step =0
  Current step =0
  Current step =0
  Current step =0
  Current step =0
  Current step =0
  Current step =0
  Current step =0
  Current step =0
  Current step =0
  Current step =0
  Current step =0

Krylov solver
Norm of residual 3.26082e-17 at 21 iterations
Wall charge lower -9.798754320058802e-03 upper  9.798754320062390e-03
Fluid charge      -4.996003610813204e-16 total  3.087807787238717e-15
  Current step =0
  Current step =0
  Current step =0
  Current step =0
  Current step =0
  Current step =0
  Current step =0
  Current step =0
  Current step =0
  Current step =0
  Current step =0
  Current step =0
  Current step =0
  Current step =0
  Current step =0
  Current step =0
  Current step =0
  Current step =0
  Current step =0
  Current step =0
  Current step =0
  Current step =0
  Current step =0
  Current step =0
  Current step =0
  Current step =0
  Current step =0
  Current step =0
  Current step =0
  Current step =0
  Current step =0
  Current step =0
  Current step =0
  Current step =0
  Current step =0
  Current step =0
  Current step =0
  Current step =0
  Current step =0
  Current step =0
  Current step =0
  Current step =0
  Current step =0
  Current step =0
  Current step =0
  Current step =0
  Current step =0
  Current step =0
  Current step =0
  Current step =0

Krylov solver
Norm of residual 3.26082e-17 at 21 iterations
Wall charge lower -9.840719127431143e-03 upper  9.840719127434576e-03
Fluid charge      -5.887217796596289e-16 total  2.844295979298472e-15
  Current step =0
  Current step =0
  Current step =0
  Current step =0
  Current step =0
  Current step =0
  Current step =0
  Current step =0
  Current step =0
  Current step =0
  Current step =0
  Current step =0
  Current step =0
  Current step =0
  Current step =0
  Current step =0
  Current step =0
  Current step =0
  Current step =0
  Current step =0
  Current step =0
  Current step =0
  Current step =0
  Current step =0
  Current step =0
  Current step =0
  Current step =0
  Current step =0
  Current step =0
  Current step =0
  Current step =0
  Current step =0
  Current step =0
  Current step =0
  Current step =0
  Current step =0
  Current step =0
  Current step =0
  Current step =0
  Current step =0
  Current step =0
  Current step =0
  Current step =0
  Current step =0
  Current step =0
  Current step =0
  Current step =0
  Current step =0
  Current step =0
  Current step =0

Krylov solver
Norm of residual 3.26082e-17 at 21 iterations
Wall charge lower -9.882179175456906e-03 upper  9.882179175460193e-03
Fluid charge      -5.891554605286231e-16 total  2.698145526447426e-15
  Current step =0
  Current step =0
  Current step =0
  Current step =0
  Current step =0
  Current step =0
  Current step =0
  Current step =0
  Current step =0
  Current step =0
  Current step =0
  Current step =0
  Current step =0
  Current step =0
  Current step =0
  Current step =0
  Current step =0
  Current step =0
  Current step =0
  Current step =0
  Current step =0
  Current step =0
  Current step =0
  Current step =0
  Current step =0
  Current step =0
  Current step =0
  Current step =0
  Current step =0
  Current step =0
  Current step =0
  Current step =0
  Current step =0
  Current step =0
  Current step =0
  Current step =0
  Current step =0
  Current step =0
  Current step =0
  Current step =0
  Current step =0
  Current step =0
  Current step =0
  Current step =0
  Current step =0
  Current step =0
  Current step =0
  Current step =0
  Current step =0
  Current step =0

Krylov solver
Norm of residual 3.26082e-17 at 21 iterations
Wall charge lower -9.923140536757148e-03 upper  9.923140536760720e-03
Fluid charge      -6.570265165262157e-16 total  2.914769120510030e-15
  Current step =0
  Current step =0
  Current step =0
  Current step =0
  Current step =0
  Current step =0
  Current step =0
  Current step =0
  Current step =0
  Current step =0
  Current step =0
  Current step =0
  Current step =0
  Current step =0
  Current step =0
  Current step =0
  Current step =0
  Current step =0
  Current step =0
  Current step =0
  Current step =0
  Current step =0
  Current step =0
  Current step =0
  Current step =0
  Current step =0
  Current step =0
  Current step =0
  Current step =0
  Current step =0
  Current step =0
  Current step =0
  Current step =0
  Current step =0
  Current step =0
  Current step =0
  Current step =0
  Current step =0
  Current step =0
  Current step =0
  Current step =0
  Current step =0
  Current step =0
  Current step =0
  Current step =0
  Current step =0
  Current step =0
  Current step =0
  Current step =0
  Current step =0

Krylov solver
Norm of residual 3.26082e-17 at 21 iterations
Wall charge lower -9.963609210838569e-03 upper  9.963609210841912e-03
Fluid charge      -5.995638013844840e-16 total  2.743248336822823e-15
  Current step =0
  Current step =0
  Current step =0
  Current step =0
  Current step =0
  Current step =0
  Current step =0
  Current step =0
  Current step =0
  Current step =0
  Current step =0
  Current step =0
  Current step =0
  Current step =0
  Current step =0
  Current step =0
  Current step =0
  Current step =0
  Current step =0
  Current step =0
  Current step =0
  Current step =0
  Current step =0
  Current step =0
  Current step =0
  Current step =0
  Current step =0
  Current step =0
  Current step =0
  Current step =0
  Current step =0
  Current step =0
  Current step =0
  Current step =0
  Current step =0
  Current step =0
  Current step =0
  Current step =0
  Current step =0
  Current step =0
  Current step =0
  Current step =0
  Current step =0
  Current step =0
  Current step =0
  Current step =0
  Current step =0
  Current step =0
  Current step =0
  Current step =0

Krylov solver
Norm of residual 3.26083e-17 at 21 iterations
Wall charge lower -1.000359112497698e-02 upper  1.000359112498043e-02
Fluid charge      -5.986964396464955e-16 total  2.851668554071374e-15
  Current step =0
  Current step =0
  Current step =0
  Current step =0
  Current step =0
  Current step =0
  Current step =0
  Current step =0
  Current step =0
  Current step =0
  Current step =0
  Current step =0
  Current step =0
  Current step =0
  Current step =0
  Current step =0
  Current step =0
  Current step =0
  Current step =0
  Current step =0
  Current step =0
  Current step =0
  Current step =0
  Current step =0
  Current step =0
  Current step =0
  Current step =0
  Current step =0
  Current step =0
  Current step =0
  Current step =0
  Current step =0
  Current step =0
  Current step =0
  Current step =0
  Current step =0
  Current step =0
  Current step =0
  Current step =0
  Current step =0
  Current step =0
  Current step =0
  Current step =0
  Current step =0
  Current step =0
  Current step =0
  Current step =0
  Current step =0
  Current step =0
  Current step =0

Krylov solver
Norm of residual 3.26083e-17 at 21 iterations
Wall charge lower -1.004309213509309e-02 upper  1.004309213509649e-02
Fluid charge      -5.991301205154898e-16 total  2.802662615875029e-15
  Current step =0
  Current step =0
  Current step =0
  Current step =0
  Current step =0
  Current step =0
  Current step =0
  Current step =0
  Current step =0
  Current step =0
  Current step =0
  Current step =0
  Current step =0
  Current step =0
  Current step =0
  Current step =0
  Current step =0
  Current step =0
  Current step =0
  Current step =0
  Current step =0
  Current step =0
  Current step =0
  Current step =0
  Current step =0
  Current step =0
  Current step =0
  Current step =0
  Current step =0
  Current step =0
  Current step =0
  Current step =0
  Current step =0
  Current step =0
  Current step =0
  Current step =0
  Current step =0
  Current step =0
  Current step =0
  Current step =0
  Current step =0
  Current step =0
  Current step =0
  Current step =0
  Current step =0
  Current step =0
  Current step =0
  Current step =0
  Current step =0
  Current step =0

Krylov solver
Norm of residual 3.26083e-17 at 21 iterations
Wall charge lower -1.008211802661406e-02 upper  1.008211802661774e-02
Fluid charge      -6.114900252818245e-16 total  3.062654296837053e-15
  Current step =0
  Current step =0
  Current step =0
  Current step =0
  Current step =0
  Current step =0
  Current step =0
  Current step =0
  Current step =0
  Current step =0
  Current step =0
  Current step =0
  Current step =0
  Current step =0
  Current step =0
  Current step =0
  Current step =0
  Current step =0
  Current step =0
  Current step =0
  Current step =0
  Current step =0
  Current step =0
  Current step =0
  Current step =0
  Current step =0
  Current step =0
  Current step =0
  Current step =0
  Current step =0
  Current step =0
  Current step =0
  Current step =0
  Current step =0
  Current step =0
  Current step =0
  Current step =0
  Current step =0
  Current step =0
  Current step =0
  Current step =0
  Current step =0
  Current step =0
  Current step =0
  Current step =0
  Current step =0
  Current step =0
  Current step =0
  Current step =0
  Current step =0

Krylov solver
Norm of residual 3.26083e-17 at 21 iterations
Wall charge lower -1.012067451532721e-02 upper  1.012067451533060e-02
Fluid charge      -4.408366033326061e-16 total  2.954017239154005e-15
  Current step =0
  Current step =0
  Current step =0
  Current step =0
  Current step =0
  Current step =0
  Current step =0
  Current step =0
  Current step =0
  Current step =0
  Current step =0
  Current step =0
  Current step =0
  Current step =0
  Current step =0
  Current step =0
  Current step =0
  Current step =0
  Current step =0
  Current step =0
  Current step =0
  Current step =0
  Current step =0
  Current step =0
  Current step =0
  Current step =0
  Current step =0
  Current step =0
  Current step =0
  Current step =0
  Current step =0
  Current step =0
  Current step =0
  Current step =0
  Current step =0
  Current step =0
  Current step =0
  Current step =0
  Current step =0
  Current step =0
  Current step =0
  Current step =0
  Current step =0
  Current step =0
  Current step =0
  Current step =0
  Current step =0
  Current step =0
  Current step =0
  Current step =0

Krylov solver
Norm of residual 3.26083e-17 at 21 iterations
Wall charge lower -1.015876724821986e-02 upper  1.015876724822321e-02
Fluid charge      -4.605690828718423e-16 total  2.887447225763395e-15
  Current step =0
  Current step =0
  Current step =0
  Current step =0
  Current step =0
  Current step =0
  Current step =0
  Current step =0
  Current step =0
  Current step =0
  Current step =0
  Current step =0
  Current step =0
  Current step =0
  Current step =0
  Current step =0
  Current step =0
  Current step =0
  Current step =0
  Current step =0
  Current step =0
  Current step =0
  Current step =0
  Current step =0
  Current step =0
  Current step =0
  Current step =0
  Current step =0
  Current step =0
  Current step =0
  Current step =0
  Current step =0
  Current step =0
  Current step =0
  Current step =0
  Current step =0
  Current step =0
  Current step =0
  Current step =0
  Current step =0
  Current step =0
  Current step =0
  Current step =0
  Current step =0
  Current step =0
  Current step =0
  Current step =0
  Current step =0
  Current step =0
  Current step =0

Krylov solver
Norm of residual 3.26084e-17 at 21 iterations
Wall charge lower -1.019640180431156e-02 upper  1.019640180431483e-02
Fluid charge      -3.569193551822281e-16 total  2.906095503130146e-15
  Current step =0
  Current step =0
  Current step =0
  Current step =0
  Current step =0
  Current step =0
  Current step =0
  Current step =0
  Current step =0
  Current step =0
  Current step =0
  Current step =0
  Current step =0
  Current step =0
  Current step =0
  Current step =0
  Current step =0
  Current step =0
  Current step =0
  Current step =0
  Current step =0
  Current step =0
  Current step =0
  Current step =0
  Current step =0
  Current step =0
  Current step =0
  Current step =0
  Current step =0
  Current step =0
  Current step =0
  Current step =0
  Current step =0
  Current step =0
  Current step =0
  Current step =0
  Current step =0
  Current step =0
  Current step =0
  Current step =0
  Current step =0
  Current step =0
  Current step =0
  Current step =0
  Current step =0
  Current step =0
  Current step =0
  Current step =0
  Current step =0
  Current step =0

Krylov solver
Norm of residual 3.26084e-17 at 21 iterations
Wall charge lower -1.023358369547417e-02 upper  1.023358369547761e-02
Fluid charge      -4.553649124439119e-16 total  2.982857016942120e-15
  Current step =0
  Current step =0
  Current step =0
  Current step =0
  Current step =0
  Current step =0
  Current step =0
  Current step =0
  Current step =0
  Current step =0
  Current step =0
  Current step =0
  Current step =0
  Current step =0
  Current step =0
  Current step =0
  Current step =0
  Current step =0
  Current step =0
  Current step =0
  Current step =0
  Current step =0
  Current step =0
  Current step =0
  Current step =0
  Current step =0
  Current step =0
  Current step =0
  Current step =0
  Current step =0
  Current step =0
  Current step =0
  Current step =0
  Current step =0
  Current step =0
  Current step =0
  Current step =0
  Current step =0
  Current step =0
  Current step =0
  Current step =0
  Current step =0
  Current step =0
  Current step =0
  Current step =0
  Current step =0
  Current step =0
  Current step =0
  Current step =0
  Current step =0

Krylov solver
Norm of residual 3.26084e-17 at 21 iterations
Wall charge lower -1.027031836724307e-02 upper  1.027031836724637e-02
Fluid charge      -3.642919299551295e-16 total  2.938621568304711e-15
  Current step =0
  Current step =0
  Current step =0
  Current step =0
  Current step =0
  Current step =0
  Current step =0
  Current step =0
  Current step =0
  Current step =0
  Current step =0
  Current step =0
  Current step =0
  Current step =0
  Current step =0
  Current step =0
  Current step =0
  Current step =0
  Current step =0
  Current step =0
  Current step =0
  Current step =0
  Current step =0
  Current step =0
  Current step =0
  Current step =0
  Current step =0
  Current step =0
  Current step =0
  Current step =0
  Current step =0
  Current step =0
  Current step =0
  Current step =0
  Current step =0
  Current step =0
  Current step =0
  Current step =0
  Current step =0
  Current step =0
  Current step =0
  Current step =0
  Current step =0
  Current step =0
  Current step =0
  Current step =0
  Current step =0
  Current step =0
  Current step =0
  Current step =0

Krylov solver
Norm of residual 3.26084e-17 at 21 iterations
Wall charge lower -1.030661119961633e-02 upper  1.030661119961972e-02
Fluid charge      -3.469446951953614e-16 total  3.035766082959412e-15
  Current step =0
  Current step =0
  Current step =0
  Current step =0
  Current step =0
  Current step =0
  Current step =0
  Current step =0
  Current step =0
  Current step =0
  Current step =0
  Current step =0
  Current step =0
  Current step =0
  Current step =0
  Current step =0
  Current step =0
  Current step =0
  Current step =0
  Current step =0
  Current step =0
  Current step =0
  Current step =0
  Current step =0
  Current step =0
  Current step =0
  Current step =0
  Current step =0
  Current step =0
  Current step =0
  Current step =0
  Current step =0
  Current step =0
  Current step =0
  Current step =0
  Current step =0
  Current step =0
  Current step =0
  Current step =0
  Current step =0
  Current step =0
  Current step =0
  Current step =0
  Current step =0
  Current step =0
  Current step =0
  Current step =0
  Current step =0
  Current step =0
  Current step =0

Krylov solver
Norm of residual 3.26084e-17 at 21 iterations
Wall charge lower -1.034246750784724e-02 upper  1.034246750785052e-02
Fluid charge      -3.274290560906223e-16 total  2.959871930885427e-15
  Current step =0
  Current step =0
  Current step =0
  Current step =0
  Current step =0
  Current step =0
  Current step =0
  Current step =0
  Current step =0
  Current step =0
  Current step =0
  Current step =0
  Current step =0
  Current step =0
  Current step =0
  Current step =0
  Current step =0
  Current step =0
  Current step =0
  Current step =0
  Current step =0
  Current step =0
  Current step =0
  Current step =0
  Current step =0
  Current step =0
  Current step =0
  Current step =0
  Current step =0
  Current step =0
  Current step =0
  Current step =0
  Current step =0
  Current step =0
  Current step =0
  Current step =0
  Current step =0
  Current step =0
  Current step =0
  Current step =0
  Current step =0
  Current step =0
  Current step =0
  Current step =0
  Current step =0
  Current step =0
  Current step =0
  Current step =0
  Current step =0
  Current step =0

Krylov solver
Norm of residual 3.26085e-17 at 21 iterations
Wall charge lower -1.037789254322324e-02 upper  1.037789254322648e-02
Fluid charge      -2.944693100470630e-16 total  2.949463590029566e-15
  Current step =0
  Current step =0
  Current step =0
  Current step =0
  Current step =0
  Current step =0
  Current step =0
  Current step =0
  Current step =0
  Current step =0
  Current step =0
  Current step =0
  Current step =0
  Current step =0
  Current step =0
  Current step =0
  Current step =0
  Current step =0
  Current step =0
  Current step =0
  Current step =0
  Current step =0
  Current step =0
  Current step =0
  Current step =0
  Current step =0
  Current step =0
  Current step =0
  Current step =0
  Current step =0
  Current step =0
  Current step =0
  Current step =0
  Current step =0
  Current step =0
  Current step =0
  Current step =0
  Current step =0
  Current step =0
  Current step =0
  Current step =0
  Current step =0
  Current step =0
  Current step =0
  Current step =0
  Current step =0
  Current step =0
  Current step =0
  Current step =0
  Current step =0

Krylov solver
Norm of residual 3.26085e-17 at 21 iterations
Wall charge lower -1.041289149383872e-02 upper  1.041289149384195e-02
Fluid charge      -3.155028321932818e-16 total  2.912817556599556e-15
  Current step =0
  Current step =0
  Current step =0
  Current step =0
  Current step =0
  Current step =0
  Current step =0
  Current step =0
  Current step =0
  Current step =0
  Current step =0
  Current step =0
  Current step =0
  Current step =0
  Current step =0
  Current step =0
  Current step =0
  Current step =0
  Current step =0
  Current step =0
  Current step =0
  Current step =0
  Current step =0
  Current step =0
  Current step =0
  Current step =0
  Current step =0
  Current step =0
  Current step =0
  Current step =0
  Current step =0
  Current step =0
  Current step =0
  Current step =0
  Current step =0
  Current step =0
  Current step =0
  Current step =0
  Current step =0
  Current step =0
  Current step =0
  Current step =0
  Current step =0
  Current step =0
  Current step =0
  Current step =0
  Current step =0
  Current step =0
  Current step =0
  Current step =0

Krylov solver
Norm of residual 3.26085e-17 at 21 iterations
Wall charge lower -1.044746948535626e-02 upper  1.044746948535945e-02
Fluid charge      -3.272122156561252e-16 total  2.871617874045107e-15
  Current step =0
  Current step =0
  Current step =0
  Current step =0
  Current step =0
  Current step =0
  Current step =0
  Current step =0
  Current step =0
  Current step =0
  Current step =0
  Current step =0
  Current step =0
  Current step =0
  Current step =0
  Current step =0
  Current step =0
  Current step =0
  Current step =0
  Current step =0
  Current step =0
  Current step =0
  Current step =0
  Current step =0
  Current step =0
  Current step =0
  Current step =0
  Current step =0
  Current step =0
  Current step =0
  Current step =0
  Current step =0
  Current step =0
  Current step =0
  Current step =0
  Current step =0
  Current step =0
  Current step =0
  Current step =0
  Current step =0
  Current step =0
  Current step =0
  Current step =0
  Current step =0
  Current step =0
  Current step =0
  Current step =0
  Current step =0
  Current step =0
  Current step =0

Krylov solver
Norm of residual 3.26085e-17 at 21 iterations
Wall charge lower -1.048163158175878e-02 upper  1.048163158176201e-02
Fluid charge      -3.079134169858833e-16 total  2.916937524855001e-15
  Current step =0
  Current step =0
  Current step =0
  Current step =0
  Current step =0
  Current step =0
  Current step =0
  Current step =0
  Current step =0
  Current step =0
  Current step =0
  Current step =0
  Current step =0
  Current step =0
  Current step =0
  Current step =0
  Current step =0
  Current step =0
  Current step =0
  Current step =0
  Current step =0
  Current step =0
  Current step =0
  Current step =0
  Current step =0
  Current step =0
  Current step =0
  Current step =0
  Current step =0
  Current step =0
  Current step =0
  Current step =0
  Current step =0
  Current step =0
  Current step =0
  Current step =0
  Current step =0
  Current step =0
  Current step =0
  Current step =0
  Current step =0
  Current step =0
  Current step =0
  Current step =0
  Current step =0
  Current step =0
  Current step =0
  Current step =0
  Current step =0
  Current step =0

Krylov solver
Norm of residual 3.26085e-17 at 21 iterations
Wall charge lower -1.051538278609391e-02 upper  1.051538278609727e-02
Fluid charge      -4.685921789482350e-16 total  2.898506087922748e-15
  Current step =0
  Current step =0
  Current step =0
  Current step =0
  Current step =0
  Current step =0
  Current step =0
  Current step =0
  Current step =0
  Current step =0
  Current step =0
  Current step =0
  Current step =0
  Current step =0
  Current step =0
  Current step =0
  Current step =0
  Current step =0
  Current step =0
  Current step =0
  Current step =0
  Current step =0
  Current step =0
  Current step =0
  Current step =0
  Current step =0
  Current step =0
  Current step =0
  Current step =0
  Current step =0
  Current step =0
  Current step =0
  Current step =0
  Current step =0
  Current step =0
  Current step =0
  Current step =0
  Current step =0
  Current step =0
  Current step =0
  Current step =0
  Current step =0
  Current step =0
  Current step =0
  Current step =0
  Current step =0
  Current step =0
  Current step =0
  Current step =0
  Current step =0

Krylov solver
Norm of residual 3.26085e-17 at 21 iterations
Wall charge lower -1.054872804120755e-02 upper  1.054872804121090e-02
Fluid charge      -4.163336342344337e-16 total  2.935152121352758e-15
  Current step =0
  Current step =0
  Current step =0
  Current step =0
  Current step =0
  Current step =0
  Current step =0
  Current step =0
  Current step =0
  Current step =0
  Current step =0
  Current step =0
  Current step =0
  Current step =0
  Current step =0
  Current step =0
  Current step =0
  Current step =0
  Current step =0
  Current step =0
  Current step =0
  Current step =0
  Current step =0
  Current step =0
  Current step =0
  Current step =0
  Current step =0
  Current step =0
  Current step =0
  Current step =0
  Current step =0
  Current step =0
  Current step =0
  Current step =0
  Current step =0
  Current step =0
  Current step =0
  Current step =0
  Current step =0
  Current step =0
  Current step =0
  Current step =0
  Current step =0
  Current step =0
  Current step =0
  Current step =0
  Current step =0
  Current step =0
  Current step =0
  Current step =0

Krylov solver
Norm of residual 3.26086e-17 at 21 iterations
Wall charge lower -1.058167223046910e-02 upper  1.058167223047245e-02
Fluid charge      -4.846383711010205e-16 total  2.873786278390078e-15
  Current step =0
  Current step =0
  Current step =0
  Current step =0
  Current step =0
  Current step =0
  Current step =0
  Current step =0
  Current step =0
  Current step =0
  Current step =0
  Current step =0
  Current step =0
  Current step =0
  Current step =0
  Current step =0
  Current step =0
  Current step =0
  Current step =0
  Current step =0
  Current step =0
  Current step =0
  Current step =0
  Current step =0
  Current step =0
  Current step =0
  Current step =0
  Current step =0
  Current step =0
  Current step =0
  Current step =0
  Current step =0
  Current step =0
  Current step =0
  Current step =0
  Current step =0
  Current step =0
  Current step =0
  Current step =0
  Current step =0
  Current step =0
  Current step =0
  Current step =0
  Current step =0
  Current step =0
  Current step =0
  Current step =0
  Current step =0
  Current step =0
  Current step =0

Krylov solver
Norm of residual 3.26086e-17 at 21 iterations
Wall charge lower -1.061422017848865e-02 upper  1.061422017849178e-02
Fluid charge      -3.829402073218802e-16 total  2.746500943340280e-15
  Current step =0
  Current step =0
  Current step =0
  Current step =0
  Current step =0
  Current step =0
  Current step =0
  Current step =0
  Current step =0
  Current step =0
  Current step =0
  Current step =0
  Current step =0
  Current step =0
  Current step =0
  Current step =0
  Current step =0
  Current step =0
  Current step =0
  Current step =0
  Current step =0
  Current step =0
  Current step =0
  Current step =0
  Current step =0
  Current step =0
  Current step =0
  Current step =0
  Current step =0
  Current step =0
  Current step =0
  Current step =0
  Current step =0
  Current step =0
  Current step =0
  Current step =0
  Current step =0
  Current step =0
  Current step =0
  Current step =0
  Current step =0
  Current step =0
  Current step =0
  Current step =0
  Current step =0
  Current step =0
  Current step =0
  Current step =0
  Current step =0
  Current step =0

Krylov solver
Norm of residual 3.26086e-17 at 21 iterations
Wall charge lower -1.064637665182411e-02 upper  1.064637665182722e-02
Fluid charge      -2.491496592371689e-16 total  2.864678980141200e-15
  Current step =0
  Current step =0
  Current step =0
  Current step =0
  Current step =0
  Current step =0
  Current step =0
  Current step =0
  Current step =0
  Current step =0
  Current step =0
  Current step =0
  Current step =0
  Current step =0
  Current step =0
  Current step =0
  Current step =0
  Current step =0
  Current step =0
  Current step =0
  Current step =0
  Current step =0
  Current step =0
  Current step =0
  Current step =0
  Current step =0
  Current step =0
  Current step =0
  Current step =0
  Current step =0
  Current step =0
  Current step =0
  Current step =0
  Current step =0
  Current step =0
  Current step =0
  Current step =0
  Current step =0
  Current step =0
  Current step =0
  Current step =0
  Current step =0
  Current step =0
  Current step =0
  Current step =0
  Current step =0
  Current step =0
  Current step =0
  Current step =0
  Current step =0

Krylov solver
Norm of residual 3.26086e-17 at 21 iterations
Wall charge lower -1.067814635968012e-02 upper  1.067814635968337e-02
Fluid charge      -2.756041922458152e-16 total  2.975267601734721e-15
  Current step =0
  Current step =0
  Current step =0
  Current step =0
  Current step =0
  Current step =0
  Current step =0
  Current step =0
  Current step =0
  Current step =0
  Current step =0
  Current step =0
  Current step =0
  Current step =0
  Current step =0
  Current step =0
  Current step =0
  Current step =0
  Current step =0
  Current step =0
  Current step =0
  Current step =0
  Current step =0
  Current step =0
  Current step =0
  Current step =0
  Current step =0
  Current step =0
  Current step =0
  Current step =0
  Current step =0
  Current step =0
  Current step =0
  Current step =0
  Current step =0
  Current step =0
  Current step =0
  Current step =0
  Current step =0
  Current step =0
  Current step =0
  Current step =0
  Current step =0
  Current step =0
  Current step =0
  Current step =0
  Current step =0
  Current step =0
  Current step =0
  Current step =0

Krylov solver
Norm of residual 3.26086e-17 at 21 iterations
Wall charge lower -1.070953395460036e-02 upper  1.070953395460346e-02
Fluid charge      -1.569924745759010e-16 total  2.942958376994653e-15
  Current step =0
  Current step =0
  Current step =0
  Current step =0
  Current step =0
  Current step =0
  Current step =0
  Current step =0
  Current step =0
  Current step =0
  Current step =0
  Current step =0
  Current step =0
  Current step =0
  Current step =0
  Current step =0
  Current step =0
  Current step =0
  Current step =0
  Current step =0
  Current step =0
  Current step =0
  Current step =0
  Current step =0
  Current step =0
  Current step =0
  Current step =0
  Current step =0
  Current step =0
  Current step =0
  Current step =0
  Current step =0
  Current step =0
  Current step =0
  Current step =0
  Current step =0
  Current step =0
  Current step =0
  Current step =0
  Current step =0
  Current step =0
  Current step =0
  Current step =0
  Current step =0
  Current step =0
  Current step =0
  Current step =0
  Current step =0
  Current step =0
  Current step =0

Krylov solver
Norm of residual 3.26086e-17 at 21 iterations
Wall charge lower -1.074054403314786e-02 upper  1.074054403315097e-02
Fluid charge      -1.762912732461430e-16 total  2.932333195704295e-15
  Current step =0
  Current step =0
  Current step =0
  Current step =0
  Current step =0
  Current step =0
  Current step =0
  Current step =0
  Current step =0
  Current step =0
  Current step =0
  Current step =0
  Current step =0
  Current step =0
  Current step =0
  Current step =0
  Current step =0
  Current step =0
  Current step =0
  Current step =0
  Current step =0
  Current step =0
  Current step =0
  Current step =0
  Current step =0
  Current step =0
  Current step =0
  Current step =0
  Current step =0
  Current step =0
  Current step =0
  Current step =0
  Current step =0
  Current step =0
  Current step =0
  Current step =0
  Current step =0
  Current step =0
  Current step =0
  Current step =0
  Current step =0
  Current step =0
  Current step =0
  Current step =0
  Current step =0
  Current step =0
  Current step =0
  Current step =0
  Current step =0
  Current step =0

Krylov solver
Norm of residual 3.26087e-17 at 21 iterations
Wall charge lower -1.077118113658050e-02 upper  1.077118113658359e-02
Fluid charge      -1.511377828444793e-16 total  2.938404727870214e-15
  Current step =0
  Current step =0
  Current step =0
  Current step =0
  Current step =0
  Current step =0
  Current step =0
  Current step =0
  Current step =0
  Current step =0
  Current step =0
  Current step =0
  Current step =0
  Current step =0
  Current step =0
  Current step =0
  Current step =0
  Current step =0
  Current step =0
  Current step =0
  Current step =0
  Current step =0
  Current step =0
  Current step =0
  Current step =0
  Current step =0
  Current step =0
  Current step =0
  Current step =0
  Current step =0
  Current step =0
  Current step =0
  Current step =0
  Current step =0
  Current step =0
  Current step =0
  Current step =0
  Current step =0
  Current step =0
  Current step =0
  Current step =0
  Current step =0
  Current step =0
  Current step =0
  Current step =0
  Current step =0
  Current step =0
  Current step =0
  Current step =0
  Current step =0

Krylov solver
Norm of residual 3.26087e-17 at 21 iterations
Wall charge lower -1.080144975151646e-02 upper  1.080144975151941e-02
Fluid charge      -6.591949208711867e-17 total  2.888314587501384e-15
  Current step =0
  Current step =0
  Current step =0
  Current step =0
  Current step =0
  Current step =0
  Current step =0
  Current step =0
  Current step =0
  Current step =0
  Current step =0
  Current step =0
  Current step =0
  Current step =0
  Current step =0
  Current step =0
  Current step =0
  Current step =0
  Current step =0
  Current step =0
  Current step =0
  Current step =0
  Current step =0
  Current step =0
  Current step =0
  Current step =0
  Current step =0
  Current step =0
  Current step =0
  Current step =0
  Current step =0
  Current step =0
  Current step =0
  Current step =0
  Current step =0
  Current step =0
  Current step =0
  Current step =0
  Current step =0
  Current step =0
  Current step =0
  Current step =0
  Current step =0
  Current step =0
  Current step =0
  Current step =0
  Current step =0
  Current step =0
  Current step =0
  Current step =0

Krylov solver
Norm of residual 3.26087e-17 at 21 iterations
Wall charge lower -1.083135431059166e-02 upper  1.083135431059470e-02
Fluid charge      -1.324895054777286e-16 total  2.906746024433637e-15
  Current step =0
  Current step =0
  Current step =0
  Current step =0
  Current step =0
  Current step =0
  Current step =0
  Current step =0
  Current step =0
  Current step =0
  Current step =0
  Current step =0
  Current step =0
  Current step =0
  Current step =0
  Current step =0
  Current step =0
  Current step =0
  Current step =0
  Current step =0
  Current step =0
  Current step =0
  Current step =0
  Current step =0
  Current step =0
  Current step =0
  Current step =0
  Current step =0
  Current step =0
  Current step =0
  Current step =0
  Current step =0
  Current step =0
  Current step =0
  Current step =0
  Current step =0
  Current step =0
  Current step =0
  Current step =0
  Current step =0
  Current step =0
  Current step =0
  Current step =0
  Current step =0
  Current step =0
  Current step =0
  Current step =0
  Current step =0
  Current step =0
  Current step =0

Krylov solver
Norm of residual 3.26087e-17 at 21 iterations
Wall charge lower -1.086089919310994e-02 upper  1.086089919311323e-02
Fluid charge      -6.396792817664476e-17 total  3.228537229227335e-15
  Current step =0
  Current step =0
  Current step =0
  Current step =0
  Current step =0
  Current step =0
  Current step =0
  Current step =0
  Current step =0
  Current step =0
  Current step =0
  Current step =0
  Current step =0
  Current step =0
  Current step =0
  Current step =0
  Current step =0
  Current step =0
  Current step =0
  Current step =0
  Current step =0
  Current step =0
  Current step =0
  Current step =0
  Current step =0
  Current step =0
  Current step =0
  Current step =0
  Current step =0
  Current step =0
  Current step =0
  Current step =0
  Current step =0
  Current step =0
  Current step =0
  Current step =0
  Current step =0
  Current step =0
  Current step =0
  Current step =0
  Current step =0
  Current step =0
  Current step =0
  Current step =0
  Current step =0
  Current step =0
  Current step =0
  Current step =0
  Current step =0
  Current step =0

Krylov solver
Norm of residual 3.26087e-17 at 21 iterations
Wall charge lower -1.089008872568627e-02 upper  1.089008872568937e-02
Fluid charge      -1.934216675714140e-16 total  2.909998630951094e-15
  Current step =0
  Current step =0
  Current step =0
  Current step =0
  Current step =0
  Current step =0
  Current step =0
  Current step =0
  Current step =0
  Current step =0
  Current step =0
  Current step =0
  Current step =0
  Current step =0
  Current step =0
  Current step =0
  Current step =0
  Current step =0
  Current step =0
  Current step =0
  Current step =0
  Current step =0
  Current step =0
  Current step =0
  Current step =0
  Current step =0
  Current step =0
  Current step =0
  Current step =0
  Current step =0
  Current step =0
  Current step =0
  Current step =0
  Current step =0
  Current step =0
  Current step =0
  Current step =0
  Current step =0
  Current step =0
  Current step =0
  Current step =0
  Current step =0
  Current step =0
  Current step =0
  Current step =0
  Current step =0
  Current step =0
  Current step =0
  Current step =0
  Current step =0

Krylov solver
Norm of residual 3.26087e-17 at 21 iterations
Wall charge lower -1.091892718287850e-02 upper  1.091892718288138e-02
Fluid charge      -1.123233450694983e-16 total  2.770787072003955e-15
  Current step =0
  Current step =0
  Current step =0
  Current step =0
  Current step =0
  Current step =0
  Current step =0
  Current step =0
  Current step =0
  Current step =0
  Current step =0
  Current step =0
  Current step =0
  Current step =0
  Current step =0
  Current step =0
  Current step =0
  Current step =0
  Current step =0
  Current step =0
  Current step =0
  Current step =0
  Current step =0
  Current step =0
  Current step =0
  Current step =0
  Current step =0
  Current step =0
  Current step =0
  Current step =0
  Current step =0
  Current step =0
  Current step =0
  Current step =0
  Current step =0
  Current step =0
  Current step =0
  Current step =0
  Current step =0
  Current step =0
  Current step =0
  Current step =0
  Current step =0
  Current step =0
  Current step =0
  Current step =0
  Current step =0
  Current step =0
  Current step =0
  Current step =0

Krylov solver
Norm of residual 3.26087e-17 at 21 iterations
Wall charge lower -1.094741878781587e-02 upper  1.094741878781922e-02
Fluid charge      -2.749536709423239e-16 total  3.073062637692914e-15
  Current step =0
  Current step =0
  Current step =0
  Current step =0
  Current step =0
  Current step =0
  Current step =0
  Current step =0
  Current step =0
  Current step =0
  Current step =0
  Current step =0
  Current step =0
  Current step =0
  Current step =0
  Current step =0
  Current step =0
  Current step =0
  Current step =0
  Current step =0
  Current step =0
  Current step =0
  Current step =0
  Current step =0
  Current step =0
  Current step =0
  Current step =0
  Current step =0
  Current step =0
  Current step =0
  Current step =0
  Current step =0
  Current step =0
  Current step =0
  Current step =0
  Current step =0
  Current step =0
  Current step =0
  Current step =0
  Current step =0
  Current step =0
  Current step =0
  Current step =0
  Current step =0
  Current step =0
  Current step =0
  Current step =0
  Current step =0
  Current step =0
  Current step =0

Krylov solver
Norm of residual 3.26088e-17 at 21 iterations
Wall charge lower -1.097556771281824e-02 upper  1.097556771282135e-02
Fluid charge      -1.955900719163850e-16 total  2.918238567461984e-15
  Current step =0
  Current step =0
  Current step =0
  Current step =0
  Current step =0
  Current step =0
  Current step =0
  Current step =0
  Current step =0
  Current step =0
  Current step =0
  Current step =0
  Current step =0
  Current step =0
  Current step =0
  Current step =0
  Current step =0
  Current step =0
  Current step =0
  Current step =0
  Current step =0
  Current step =0
  Current step =0
  Current step =0
  Current step =0
  Current step =0
  Current step =0
  Current step =0
  Current step =0
  Current step =0
  Current step =0
  Current step =0
  Current step =0
  Current step =0
  Current step =0
  Current step =0
  Current step =0
  Current step =0
  Current step =0
  Current step =0
  Current step =0
  Current step =0
  Current step =0
  Current step =0
  Current step =0
  Current step =0
  Current step =0
  Current step =0
  Current step =0
  Current step =0

Krylov solver
Norm of residual 3.26088e-17 at 21 iterations
Wall charge lower -1.100337808000600e-02 upper  1.100337808000915e-02
Fluid charge      -1.912532632264430e-16 total  2.960739292623416e-15
  Current step =0
  Current step =0
  Current step =0
  Current step =0
  Current step =0
  Current step =0
  Current step =0
  Current step =0
  Current step =0
  Current step =0
  Current step =0
  Current step =0
  Current step =0
  Current step =0
  Current step =0
  Current step =0
  Current step =0
  Current step =0
  Current step =0
  Current step =0
  Current step =0
  Current step =0
  Current step =0
  Current step =0
  Current step =0
  Current step =0
  Current step =0
  Current step =0
  Current step =0
  Current step =0
  Current step =0
  Current step =0
  Current step =0
  Current step =0
  Current step =0
  Current step =0
  Current step =0
  Current step =0
  Current step =0
  Current step =0
  Current step =0
  Current step =0
  Current step =0
  Current step =0
  Current step =0
  Current step =0
  Current step =0
  Current step =0
  Current step =0
  Current step =0

Krylov solver
Norm of residual 3.26088e-17 at 21 iterations
Wall charge lower -1.103085396190586e-02 upper  1.103085396190905e-02
Fluid charge      -2.101183810276908e-16 total  2.978303367817681e-15
  Current step =0
  Current step =0
  Current step =0
  Current step =0
  Current step =0
  Current step =0
  Current step =0
  Current step =0
  Current step =0
  Current step =0
  Current step =0
  Current step =0
  Current step =0
  Current step =0
  Current step =0
  Current step =0
  Current step =0
  Current step =0
  Current step =0
  Current step =0
  Current step =0
  Current step =0
  Current step =0
  Current step =0
  Current step =0
  Current step =0
  Current step =0
  Current step =0
  Current step =0
  Current step =0
  Current step =0
  Current step =0
  Current step =0
  Current step =0
  Current step =0
  Current step =0
  Current step =0
  Current step =0
  Current step =0
  Current step =0
  Current step =0
  Current step =0
  Current step =0
  Current step =0
  Current step =0
  Current step =0
  Current step =0
  Current step =0
  Current step =0
  Current step =0

Krylov solver
Norm of residual 3.26088e-17 at 21 iterations
Wall charge lower -1.105799938204684e-02 upper  1.105799938205013e-02
Fluid charge      -2.428612866367530e-16 total  3.042704976863320e-15
  Current step =0
  Current step =0
  Current step =0
  Current step =0
  Current step =0
  Current step =0
  Current step =0
  Current step =0
  Current step =0
  Current step =0
  Current step =0
  Current step =0
  Current step =0
  Current step =0
  Current step =0
  Current step =0
  Current step =0
  Current step =0
  Current step =0
  Current step =0
  Current step =0
  Current step =0
  Current step =0
  Current step =0
  Current step =0
  Current step =0
  Current step =0
  Current step =0
  Current step =0
  Current step =0
  Current step =0
  Current step =0
  Current step =0
  Current step =0
  Current step =0
  Current step =0
  Current step =0
  Current step =0
  Current step =0
  Current step =0
  Current step =0
  Current step =0
  Current step =0
  Current step =0
  Current step =0
  Current step =0
  Current step =0
  Current step =0
  Current step =0
  Current step =0

Krylov solver
Norm of residual 3.26088e-17 at 21 iterations
Wall charge lower -1.108481831555058e-02 upper  1.108481831555372e-02
Fluid charge      -2.075162958137255e-16 total  2.935802642656249e-15
  Current step =0
  Current step =0
  Current step =0
  Current step =0
  Current step =0
  Current step =0
  Current step =0
  Current step =0
  Current step =0
  Current step =0
  Current step =0
  Current step =0
  Current step =0
  Current step =0
  Current step =0
  Current step =0
  Current step =0
  Current step =0
  Current step =0
  Current step =0
  Current step =0
  Current step =0
  Current step =0
  Current step =0
  Current step =0
  Current step =0
  Current step =0
  Current step =0
  Current step =0
  Current step =0
  Current step =0
  Current step =0
  Current step =0
  Current step =0
  Current step =0
  Current step =0
  Current step =0
  Current step =0
  Current step =0
  Current step =0
  Current step =0
  Current step =0
  Current step =0
  Current step =0
  Current step =0
  Current step =0
  Current step =0
  Current step =0
  Current step =0
  Current step =0

Krylov solver
Norm of residual 3.26088e-17 at 21 iterations
Wall charge lower -1.111131468971334e-02 upper  1.111131468971654e-02
Fluid charge      -2.896988204881268e-16 total  2.907396545737129e-15
  Current step =0
  Current step =0
  Current step =0
  Current step =0
  Current step =0
  Current step =0
  Current step =0
  Current step =0
  Current step =0
  Current step =0
  Current step =0
  Current step =0
  Current step =0
  Current step =0
  Current step =0
  Current step =0
  Current step =0
  Current step =0
  Current step =0
  Current step =0
  Current step =0
  Current step =0
  Current step =0
  Current step =0
  Current step =0
  Current step =0
  Current step =0
  Current step =0
  Current step =0
  Current step =0
  Current step =0
  Current step =0
  Current step =0
  Current step =0
  Current step =0
  Current step =0
  Current step =0
  Current step =0
  Current step =0
  Current step =0
  Current step =0
  Current step =0
  Current step =0
  Current step =0
  Current step =0
  Current step =0
  Current step =0
  Current step =0
  Current step =0
  Current step =0

Krylov solver
Norm of residual 3.26088e-17 at 21 iterations
Wall charge lower -1.113749238458206e-02 upper  1.113749238458520e-02
Fluid charge      -3.677613769070831e-16 total  2.775557561562891e-15
  Current step =0
  Current step =0
  Current step =0
  Current step =0
  Current step =0
  Current step =0
  Current step =0
  Current step =0
  Current step =0
  Current step =0
  Current step =0
  Current step =0
  Current step =0
  Current step =0
  Current step =0
  Current step =0
  Current step =0
  Current step =0
  Current step =0
  Current step =0
  Current step =0
  Current step =0
  Current step =0
  Current step =0
  Current step =0
  Current step =0
  Current step =0
  Current step =0
  Current step =0
  Current step =0
  Current step =0
  Current step =0
  Current step =0
  Current step =0
  Current step =0
  Current step =0
  Current step =0
  Current step =0
  Current step =0
  Current step =0
  Current step =0
  Current step =0
  Current step =0
  Current step =0
  Current step =0
  Current step =0
  Current step =0
  Current step =0
  Current step =0
  Current step =0

Krylov solver
Norm of residual 3.26089e-17 at 21 iterations
Wall charge lower -1.116335523352216e-02 upper  1.116335523352545e-02
Fluid charge      -3.584372382237078e-16 total  2.939272089608203e-15
  Current step =0
  Current step =0
  Current step =0
  Current step =0
  Current step =0
  Current step =0
  Current step =0
  Current step =0
  Current step =0
  Current step =0
  Current step =0
  Current step =0
  Current step =0
  Current step =0
  Current step =0
  Current step =0
  Current step =0
  Current step =0
  Current step =0
  Current step =0
  Current step =0
  Current step =0
  Current step =0
  Current step =0
  Current step =0
  Current step =0
  Current step =0
  Current step =0
  Current step =0
  Current step =0
  Current step =0
  Current step =0
  Current step =0
  Current step =0
  Current step =0
  Current step =0
  Current step =0
  Current step =0
  Current step =0
  Current step =0
  Current step =0
  Current step =0
  Current step =0
  Current step =0
  Current step =0
  Current step =0
  Current step =0
  Current step =0
  Current step =0
  Current step =0

Krylov solver
Norm of residual 3.26089e-17 at 21 iterations
Wall charge lower -1.118890702378106e-02 upper  1.118890702378443e-02
Fluid charge      -3.987695590401685e-16 total  2.970063431306791e-15
  Current step =0
  Current step =0
  Current step =0
  Current step =0
  Current step =0
  Current step =0
  Current step =0
  Current step =0
  Current step =0
  Current step =0
  Current step =0
  Current step =0
  Current step =0
  Current step =0
  Current step =0
  Current step =0
  Current step =0
  Current step =0
  Current step =0
  Current step =0
  Current step =0
  Current step =0
  Current step =0
  Current step =0
  Current step =0
  Current step =0
  Current step =0
  Current step =0
  Current step =0
  Current step =0
  Current step =0
  Current step =0
  Current step =0
  Current step =0
  Current step =0
  Current step =0
  Current step =0
  Current step =0
  Current step =0
  Current step =0
  Current step =0
  Current step =0
  Current step =0
  Current step =0
  Current step =0
  Current step =0
  Current step =0
  Current step =0
  Current step =0
  Current step =0

Krylov solver
Norm of residual 3.26089e-17 at 21 iterations
Wall charge lower -1.121415149704113e-02 upper  1.121415149704454e-02
Fluid charge      -2.322361053463950e-16 total  3.174760801472054e-15
  Current step =0
  Current step =0
  Current step =0
  Current step =0
  Current step =0
  Current step =0
  Current step =0
  Current step =0
  Current step =0
  Current step =0
  Current step =0
  Current step =0
  Current step =0
  Current step =0
  Current step =0
  Current step =0
  Current step =0
  Current step =0
  Current step =0
  Current step =0
  Current step =0
  Current step =0
  Current step =0
  Current step =0
  Current step =0
  Current step =0
  Current step =0
  Current step =0
  Current step =0
  Current step =0
  Current step =0
  Current step =0
  Current step =0
  Current step =0
  Current step =0
  Current step =0
  Current step =0
  Current step =0
  Current step =0
  Current step =0
  Current step =0
  Current step =0
  Current step =0
  Current step =0
  Current step =0
  Current step =0
  Current step =0
  Current step =0
  Current step =0
  Current step =0

Krylov solver
Norm of residual 3.26089e-17 at 21 iterations
Wall charge lower -1.123909234996913e-02 upper  1.123909234997258e-02
Fluid charge      -3.749171112454874e-16 total  3.075447882472382e-15
  Current step =0
  Current step =0
  Current step =0
  Current step =0
  Current step =0
  Current step =0
  Current step =0
  Current step =0
  Current step =0
  Current step =0
  Current step =0
  Current step =0
  Current step =0
  Current step =0
  Current step =0
  Current step =0
  Current step =0
  Current step =0
  Current step =0
  Current step =0
  Current step =0
  Current step =0
  Current step =0
  Current step =0
  Current step =0
  Current step =0
  Current step =0
  Current step =0
  Current step =0
  Current step =0
  Current step =0
  Current step =0
  Current step =0
  Current step =0
  Current step =0
  Current step =0
  Current step =0
  Current step =0
  Current step =0
  Current step =0
  Current step =0
  Current step =0
  Current step =0
  Current step =0
  Current step =0
  Current step =0
  Current step =0
  Current step =0
  Current step =0
  Current step =0

Krylov solver
Norm of residual 3.26089e-17 at 21 iterations
Wall charge lower -1.126373323475816e-02 upper  1.126373323476134e-02
Fluid charge      -2.357055522983487e-16 total  2.942307855691162e-15
  Current step =0
  Current step =0
  Current step =0
  Current step =0
  Current step =0
  Current step =0
  Current step =0
  Current step =0
  Current step =0
  Current step =0
  Current step =0
  Current step =0
  Current step =0
  Current step =0
  Current step =0
  Current step =0
  Current step =0
  Current step =0
  Current step =0
  Current step =0
  Current step =0
  Current step =0
  Current step =0
  Current step =0
  Current step =0
  Current step =0
  Current step =0
  Current step =0
  Current step =0
  Current step =0
  Current step =0
  Current step =0
  Current step =0
  Current step =0
  Current step =0
  Current step =0
  Current step =0
  Current step =0
  Current step =0
  Current step =0
  Current step =0
  Current step =0
  Current step =0
  Current step =0
  Current step =0
  Current step =0
  Current step =0
  Current step =0
  Current step =0
  Current step =0

Krylov solver
Norm of residual 3.26089e-17 at 21 iterations
Wall charge lower -1.128807775966149e-02 upper  1.128807775966472e-02
Fluid charge      -2.348381905603603e-16 total  2.996951645184431e-15
  Current step =0
  Current step =0
  Current step =0
  Current step =0
  Current step =0
  Current step =0
  Current step =0
  Current step =0
  Current step =0
  Current step =0
  Current step =0
  Current step =0
  Current step =0
  Current step =0
  Current step =0
  Current step =0
  Current step =0
  Current step =0
  Current step =0
  Current step =0
  Current step =0
  Current step =0
  Current step =0
  Current step =0
  Current step =0
  Current step =0
  Current step =0
  Current step =0
  Current step =0
  Current step =0
  Current step =0
  Current step =0
  Current step =0
  Current step =0
  Current step =0
  Current step =0
  Current step =0
  Current step =0
  Current step =0
  Current step =0
  Current step =0
  Current step =0
  Current step =0
  Current step =0
  Current step =0
  Current step =0
  Current step =0
  Current step =0
  Current step =0
  Current step =0

Krylov solver
Norm of residual 3.26089e-17 at 21 iterations
Wall charge lower -1.131212948952331e-02 upper  1.131212948952648e-02
Fluid charge      -3.217912047936977e-16 total  2.842344415387998e-15
  Current step =0
  Current step =0
  Current step =0
  Current step =0
  Current step =0
  Current step =0
  Current step =0
  Current step =0
  Current step =0
  Current step =0
  Current step =0
  Current step =0
  Current step =0
  Current step =0
  Current step =0
  Current step =0
  Current step =0
  Current step =0
  Current step =0
  Current step =0
  Current step =0
  Current step =0
  Current step =0
  Current step =0
  Current step =0
  Current step =0
  Current step =0
  Current step =0
  Current step =0
  Current step =0
  Current step =0
  Current step =0
  Current step =0
  Current step =0
  Current step =0
  Current step =0
  Current step =0
  Current step =0
  Current step =0
  Current step =0
  Current step =0
  Current step =0
  Current step =0
  Current step =0
  Current step =0
  Current step =0
  Current step =0
  Current step =0
  Current step =0
  Current step =0

Krylov solver
Norm of residual 3.26089e-17 at 21 iterations
Wall charge lower -1.133589194629927e-02 upper  1.133589194630248e-02
Fluid charge      -3.946495907847236e-16 total  2.818058286724323e-15
  Current step =0
  Current step =0
  Current step =0
  Current step =0
  Current step =0
  Current step =0
  Current step =0
  Current step =0
  Current step =0
  Current step =0
  Current step =0
  Current step =0
  Current step =0
  Current step =0
  Current step =0
  Current step =0
  Current step =0
  Current step =0
  Current step =0
  Current step =0
  Current step =0
  Current step =0
  Current step =0
  Current step =0
  Current step =0
  Current step =0
  Current step =0
  Current step =0
  Current step =0
  Current step =0
  Current step =0
  Current step =0
  Current step =0
  Current step =0
  Current step =0
  Current step =0
  Current step =0
  Current step =0
  Current step =0
  Current step =0
  Current step =0
  Current step =0
  Current step =0
  Current step =0
  Current step =0
  Current step =0
  Current step =0
  Current step =0
  Current step =0
  Current step =0

Krylov solver
Norm of residual 3.2609e-17 at 21 iterations
Wall charge lower -1.135936860957331e-02 upper  1.135936860957659e-02
Fluid charge      -2.328866266498864e-16 total  3.049210189898233e-15
  Current step =0
  Current step =0
  Current step =0
  Current step =0
  Current step =0
  Current step =0
  Current step =0
  Current step =0
  Current step =0
  Current step =0
  Current step =0
  Current step =0
  Current step =0
  Current step =0
  Current step =0
  Current step =0
  Current step =0
  Current step =0
  Current step =0
  Current step =0
  Current step =0
  Current step =0
  Current step =0
  Current step =0
  Current step =0
  Current step =0
  Current step =0
  Current step =0
  Current step =0
  Current step =0
  Current step =0
  Current step =0
  Current step =0
  Current step =0
  Current step =0
  Current step =0
  Current step =0
  Current step =0
  Current step =0
  Current step =0
  Current step =0
  Current step =0
  Current step =0
  Current step =0
  Current step =0
  Current step =0
  Current step =0
  Current step =0
  Current step =0
  Current step =0

Krylov solver
Norm of residual 3.2609e-17 at 21 iterations
Wall charge lower -1.138256291706808e-02 upper  1.138256291707153e-02
Fluid charge      -2.894819800536297e-16 total  3.159148290188263e-15
  Current step =0
  Current step =0
  Current step =0
  Current step =0
  Current step =0
  Current step =0
  Current step =0
  Current step =0
  Current step =0
  Current step =0
  Current step =0
  Current step =0
  Current step =0
  Current step =0
  Current step =0
  Current step =0
  Current step =0
  Current step =0
  Current step =0
  Current step =0
  Current step =0
  Current step =0
  Current step =0
  Current step =0
  Current step =0
  Current step =0
  Current step =0
  Current step =0
  Current step =0
  Current step =0
  Current step =0
  Current step =0
  Current step =0
  Current step =0
  Current step =0
  Current step =0
  Current step =0
  Current step =0
  Current step =0
  Current step =0
  Current step =0
  Current step =0
  Current step =0
  Current step =0
  Current step =0
  Current step =0
  Current step =0
  Current step =0
  Current step =0
  Current step =0

Krylov solver
Norm of residual 3.2609e-17 at 21 iterations
Wall charge lower -1.140547826514791e-02 upper  1.140547826515095e-02
Fluid charge      -2.120699449381647e-16 total  2.834104478877109e-15
  Current step =0
  Current step =0
  Current step =0
  Current step =0
  Current step =0
  Current step =0
  Current step =0
  Current step =0
  Current step =0
  Current step =0
  Current step =0
  Current step =0
  Current step =0
  Current step =0
  Current step =0
  Current step =0
  Current step =0
  Current step =0
  Current step =0
  Current step =0
  Current step =0
  Current step =0
  Current step =0
  Current step =0
  Current step =0
  Current step =0
  Current step =0
  Current step =0
  Current step =0
  Current step =0
  Current step =0
  Current step =0
  Current step =0
  Current step =0
  Current step =0
  Current step =0
  Current step =0
  Current step =0
  Current step =0
  Current step =0
  Current step =0
  Current step =0
  Current step =0
  Current step =0
  Current step =0
  Current step =0
  Current step =0
  Current step =0
  Current step =0
  Current step =0

Krylov solver
Norm of residual 3.2609e-17 at 21 iterations
Wall charge lower -1.142811800931583e-02 upper  1.142811800931935e-02
Fluid charge      -2.027458062547893e-16 total  3.313538679550199e-15
  Current step =0
  Current step =0
  Current step =0
  Current step =0
  Current step =0
  Current step =0
  Current step =0
  Current step =0
  Current step =0
  Current step =0
  Current step =0
  Current step =0
  Current step =0
  Current step =0
  Current step =0
  Current step =0
  Current step =0
  Current step =0
  Current step =0
  Current step =0
  Current step =0
  Current step =0
  Current step =0
  Current step =0
  Current step =0
  Current step =0
  Current step =0
  Current step =0
  Current step =0
  Current step =0
  Current step =0
  Current step =0
  Current step =0
  Current step =0
  Current step =0
  Current step =0
  Current step =0
  Current step =0
  Current step =0
  Current step =0
  Current step =0
  Current step =0
  Current step =0
  Current step =0
  Current step =0
  Current step =0
  Current step =0
  Current step =0
  Current step =0
  Current step =0

Krylov solver
Norm of residual 3.2609e-17 at 21 iterations
Wall charge lower -1.145048546470767e-02 upper  1.145048546471086e-02
Fluid charge      -1.973247953923618e-16 total  2.994566400404963e-15
  Current step =0
  Current step =0
  Current step =0
  Current step =0
  Current step =0
  Current step =0
  Current step =0
  Current step =0
  Current step =0
  Current step =0
  Current step =0
  Current step =0
  Current step =0
  Current step =0
  Current step =0
  Current step =0
  Current step =0
  Current step =0
  Current step =0
  Current step =0
  Current step =0
  Current step =0
  Current step =0
  Current step =0
  Current step =0
  Current step =0
  Current step =0
  Current step =0
  Current step =0
  Current step =0
  Current step =0
  Current step =0
  Current step =0
  Current step =0
  Current step =0
  Current step =0
  Current step =0
  Current step =0
  Current step =0
  Current step =0
  Current step =0
  Current step =0
  Current step =0
  Current step =0
  Current step =0
  Current step =0
  Current step =0
  Current step =0
  Current step =0
  Current step =0

Krylov solver
Norm of residual 3.2609e-17 at 21 iterations
Wall charge lower -1.147258390657493e-02 upper  1.147258390657812e-02
Fluid charge      -1.799775606325937e-16 total  3.008444188212778e-15
  Current step =0
  Current step =0
  Current step =0
  Current step =0
  Current step =0
  Current step =0
  Current step =0
  Current step =0
  Current step =0
  Current step =0
  Current step =0
  Current step =0
  Current step =0
  Current step =0
  Current step =0
  Current step =0
  Current step =0
  Current step =0
  Current step =0
  Current step =0
  Current step =0
  Current step =0
  Current step =0
  Current step =0
  Current step =0
  Current step =0
  Current step =0
  Current step =0
  Current step =0
  Current step =0
  Current step =0
  Current step =0
  Current step =0
  Current step =0
  Current step =0
  Current step =0
  Current step =0
  Current step =0
  Current step =0
  Current step =0
  Current step =0
  Current step =0
  Current step =0
  Current step =0
  Current step =0
  Current step =0
  Current step =0
  Current step =0
  Current step =0
  Current step =0

Krylov solver
Norm of residual 3.2609e-17 at 21 iterations
Wall charge lower -1.149441657076631e-02 upper  1.149441657076952e-02
Fluid charge      -2.357055522983487e-16 total  2.973532878258744e-15
  Current step =0
  Current step =0
  Current step =0
  Current step =0
  Current step =0
  Current step =0
  Current step =0
  Current step =0
  Current step =0
  Current step =0
  Current step =0
  Current step =0
  Current step =0
  Current step =0
  Current step =0
  Current step =0
  Current step =0
  Current step =0
  Current step =0
  Current step =0
  Current step =0
  Current step =0
  Current step =0
  Current step =0
  Current step =0
  Current step =0
  Current step =0
  Current step =0
  Current step =0
  Current step =0
  Current step =0
  Current step =0
  Current step =0
  Current step =0
  Current step =0
  Current step =0
  Current step =0
  Current step =0
  Current step =0
  Current step =0
  Current step =0
  Current step =0
  Current step =0
  Current step =0
  Current step =0
  Current step =0
  Current step =0
  Current step =0
  Current step =0
  Current step =0

Krylov solver
Norm of residual 3.2609e-17 at 21 iterations
Wall charge lower -1.151598665420198e-02 upper  1.151598665420515e-02
Fluid charge      -3.534499082302744e-16 total  2.817624605855329e-15
  Current step =0
  Current step =0
  Current step =0
  Current step =0
  Current step =0
  Current step =0
  Current step =0
  Current step =0
  Current step =0
  Current step =0
  Current step =0
  Current step =0
  Current step =0
  Current step =0
  Current step =0
  Current step =0
  Current step =0
  Current step =0
  Current step =0
  Current step =0
  Current step =0
  Current step =0
  Current step =0
  Current step =0
  Current step =0
  Current step =0
  Current step =0
  Current step =0
  Current step =0
  Current step =0
  Current step =0
  Current step =0
  Current step =0
  Current step =0
  Current step =0
  Current step =0
  Current step =0
  Current step =0
  Current step =0
  Current step =0
  Current step =0
  Current step =0
  Current step =0
  Current step =0
  Current step =0
  Current step =0
  Current step =0
  Current step =0
  Current step =0
  Current step =0

Krylov solver
Norm of residual 3.26091e-17 at 21 iterations
Wall charge lower -1.153729731534119e-02 upper  1.153729731534425e-02
Fluid charge      -2.289834988289385e-16 total  2.829333989318172e-15
  Current step =0
  Current step =0
  Current step =0
  Current step =0
  Current step =0
  Current step =0
  Current step =0
  Current step =0
  Current step =0
  Current step =0
  Current step =0
  Current step =0
  Current step =0
  Current step =0
  Current step =0
  Current step =0
  Current step =0
  Current step =0
  Current step =0
  Current step =0
  Current step =0
  Current step =0
  Current step =0
  Current step =0
  Current step =0
  Current step =0
  Current step =0
  Current step =0
  Current step =0
  Current step =0
  Current step =0
  Current step =0
  Current step =0
  Current step =0
  Current step =0
  Current step =0
  Current step =0
  Current step =0
  Current step =0
  Current step =0
  Current step =0
  Current step =0
  Current step =0
  Current step =0
  Current step =0
  Current step =0
  Current step =0
  Current step =0
  Current step =0
  Current step =0

Krylov solver
Norm of residual 3.26091e-17 at 21 iterations
Wall charge lower -1.155835167464521e-02 upper  1.155835167464823e-02
Fluid charge      -1.663166132592764e-16 total  2.853836958416345e-15
  Current step =0
  Current step =0
  Current step =0
  Current step =0
  Current step =0
  Current step =0
  Current step =0
  Current step =0
  Current step =0
  Current step =0
  Current step =0
  Current step =0
  Current step =0
  Current step =0
  Current step =0
  Current step =0
  Current step =0
  Current step =0
  Current step =0
  Current step =0
  Current step =0
  Current step =0
  Current step =0
  Current step =0
  Current step =0
  Current step =0
  Current step =0
  Current step =0
  Current step =0
  Current step =0
  Current step =0
  Current step =0
  Current step =0
  Current step =0
  Current step =0
  Current step =0
  Current step =0
  Current step =0
  Current step =0
  Current step =0
  Current step =0
  Current step =0
  Current step =0
  Current step =0
  Current step =0
  Current step =0
  Current step =0
  Current step =0
  Current step =0
  Current step =0

Krylov solver
Norm of residual 3.26091e-17 at 21 iterations
Wall charge lower -1.157915281503489e-02 upper  1.157915281503801e-02
Fluid charge      -4.553649124439119e-17 total  3.075231042037885e-15
  Current step =0
  Current step =0
  Current step =0
  Current step =0
  Current step =0
  Current step =0
  Current step =0
  Current step =0
  Current step =0
  Current step =0
  Current step =0
  Current step =0
  Current step =0
  Current step =0
  Current step =0
  Current step =0
  Current step =0
  Current step =0
  Current step =0
  Current step =0
  Current step =0
  Current step =0
  Current step =0
  Current step =0
  Current step =0
  Current step =0
  Current step =0
  Current step =0
  Current step =0
  Current step =0
  Current step =0
  Current step =0
  Current step =0
  Current step =0
  Current step =0
  Current step =0
  Current step =0
  Current step =0
  Current step =0
  Current step =0
  Current step =0
  Current step =0
  Current step =0
  Current step =0
  Current step =0
  Current step =0
  Current step =0
  Current step =0
  Current step =0
  Current step =0

Krylov solver
Norm of residual 3.26091e-17 at 21 iterations
Wall charge lower -1.159970378234264e-02 upper  1.159970378234573e-02
Fluid charge      -1.485356976305141e-16 total  2.941006813084179e-15
  Current step =0
  Current step =0
  Current step =0
  Current step =0
  Current step =0
  Current step =0
  Current step =0
  Current step =0
  Current step =0
  Current step =0
  Current step =0
  Current step =0
  Current step =0
  Current step =0
  Current step =0
  Current step =0
  Current step =0
  Current step =0
  Current step =0
  Current step =0
  Current step =0
  Current step =0
  Current step =0
  Current step =0
  Current step =0
  Current step =0
  Current step =0
  Current step =0
  Current step =0
  Current step =0
  Current step =0
  Current step =0
  Current step =0
  Current step =0
  Current step =0
  Current step =0
  Current step =0
  Current step =0
  Current step =0
  Current step =0
  Current step =0
  Current step =0
  Current step =0
  Current step =0
  Current step =0
  Current step =0
  Current step =0
  Current step =0
  Current step =0
  Current step =0

Krylov solver
Norm of residual 3.26091e-17 at 21 iterations
Wall charge lower -1.162000758575779e-02 upper  1.162000758576089e-02
Fluid charge      -9.627715291671279e-17 total  3.001938975177865e-15
  Current step =0
  Current step =0
  Current step =0
  Current step =0
  Current step =0
  Current step =0
  Current step =0
  Current step =0
  Current step =0
  Current step =0
  Current step =0
  Current step =0
  Current step =0
  Current step =0
  Current step =0
  Current step =0
  Current step =0
  Current step =0
  Current step =0
  Current step =0
  Current step =0
  Current step =0
  Current step =0
  Current step =0
  Current step =0
  Current step =0
  Current step =0
  Current step =0
  Current step =0
  Current step =0
  Current step =0
  Current step =0
  Current step =0
  Current step =0
  Current step =0
  Current step =0
  Current step =0
  Current step =0
  Current step =0
  Current step =0
  Current step =0
  Current step =0
  Current step =0
  Current step =0
  Current step =0
  Current step =0
  Current step =0
  Current step =0
  Current step =0
  Current step =0

Krylov solver
Norm of residual 3.26091e-17 at 21 iterations
Wall charge lower -1.164006719826798e-02 upper  1.164006719827115e-02
Fluid charge       3.014082039509702e-17 total  3.194276440576793e-15
  Current step =0
  Current step =0
  Current step =0
  Current step =0
  Current step =0
  Current step =0
  Current step =0
  Current step =0
  Current step =0
  Current step =0
  Current step =0
  Current step =0
  Current step =0
  Current step =0
  Current step =0
  Current step =0
  Current step =0
  Current step =0
  Current step =0
  Current step =0
  Current step =0
  Current step =0
  Current step =0
  Current step =0
  Current step =0
  Current step =0
  Current step =0
  Current step =0
  Current step =0
  Current step =0
  Current step =0
  Current step =0
  Current step =0
  Current step =0
  Current step =0
  Current step =0
  Current step =0
  Current step =0
  Current step =0
  Current step =0
  Current step =0
  Current step =0
  Current step =0
  Current step =0
  Current step =0
  Current step =0
  Current step =0
  Current step =0
  Current step =0
  Current step =0

Krylov solver
Norm of residual 3.26091e-17 at 21 iterations
Wall charge lower -1.165988555709523e-02 upper  1.165988555709831e-02
Fluid charge       6.548581121812447e-17 total  3.148089428028911e-15
  Current step =0
  Current step =0
  Current step =0
  Current step =0
  Current step =0
  Current step =0
  Current step =0
  Current step =0
  Current step =0
  Current step =0
  Current step =0
  Current step =0
  Current step =0
  Current step =0
  Current step =0
  Current step =0
  Current step =0
  Current step =0
  Current step =0
  Current step =0
  Current step =0
  Current step =0
  Current step =0
  Current step =0
  Current step =0
  Current step =0
  Current step =0
  Current step =0
  Current step =0
  Current step =0
  Current step =0
  Current step =0
  Current step =0
  Current step =0
  Current step =0
  Current step =0
  Current step =0
  Current step =0
  Current step =0
  Current step =0
  Current step =0
  Current step =0
  Current step =0
  Current step =0
  Current step =0
  Current step =0
  Current step =0
  Current step =0
  Current step =0
  Current step =0

Krylov solver
Norm of residual 3.26091e-17 at 21 iterations
Wall charge lower -1.167946556412524e-02 upper  1.167946556412840e-02
Fluid charge      -1.713039432527097e-16 total  2.991096953453010e-15
  Current step =0
Writing distribution output at step 8000!
MPIIO wrote to dist-000008000.001-001
-       dist aggregated   0.569 MB in   0.004 seconds
-       dist wrote        0.569 MB in   0.001 seconds
-       dist rate         0.863 GB per second
Writing electrokinetic data at step 8000!
MPIIO wrote to psi-000008000.001-001
-        psi aggregated   0.030 MB in   0.000 seconds
-        psi wrote        0.030 MB in   0.000 seconds
-        psi rate         0.137 GB per second
MPIIO wrote to qsi-000008000.001-001
-        qsi aggregated   0.059 MB in   0.001 seconds
-        qsi wrote        0.059 MB in   0.000 seconds
-        qsi rate         0.289 GB per second
MPIIO wrote to efield-000008000.001-001
-     efield aggregated   0.087 MB in   0.001 seconds
-     efield wrote        0.087 MB in   0.000 seconds
-     efield rate         0.405 GB per second

Scalars - total mean variance min max
[rho]        1216.00  1.00000000000  0.0000000e+00  1.00000000000  1.00000000000
[psi]  6.2400000e+01 -6.8150552e-18  1.0000000e-01
[rho]  1.7333335e+00  1.3346964e-03  1.4449813e-03
[rho]  1.7333335e+00  1.3346964e-03  1.4449813e-03
[elc] -1.0039712e-16 -1.1028494e-04  1.1028494e-04
[psi]  6.2400000e+01 -6.8150552e-18  1.0000000e-01
[rho]  1.7333335e+00  1.3346964e-03  1.4449813e-03
[rho]  1.7333335e+00  1.3346964e-03  1.4449813e-03
[elc] -1.0039712e-16 -1.1028494e-04  1.1028494e-04

Free energy density - timestep total fluid
[fed]           8000 -2.1053532178e-02 -2.1053533629e-02

Momentum - x y z
[total   ]  0.0000000e+00  0.0000000e+00  0.0000000e+00
[fluid   ]  0.0000000e+00  0.0000000e+00  0.0000000e+00
[walls   ]  0.0000000e+00  0.0000000e+00  0.0000000e+00

Completed cycle 8000
  Current step =0
  Current step =0
  Current step =0
  Current step =0
  Current step =0
  Current step =0
  Current step =0
  Current step =0
  Current step =0
  Current step =0
  Current step =0
  Current step =0
  Current step =0
  Current step =0
  Current step =0
  Current step =0
  Current step =0
  Current step =0
  Current step =0
  Current step =0
  Current step =0
  Current step =0
  Current step =0
  Current step =0
  Current step =0
  Current step =0
  Current step =0
  Current step =0
  Current step =0
  Current step =0
  Current step =0
  Current step =0
  Current step =0
  Current step =0
  Current step =0
  Current step =0
  Current step =0
  Current step =0
  Current step =0
  Current step =0
  Current step =0
  Current step =0
  Current step =0
  Current step =0
  Current step =0
  Current step =0
  Current step =0
  Current step =0
  Current step =0

Krylov solver
Norm of residual 3.26091e-17 at 21 iterations
Wall charge lower -1.169881008633364e-02 upper  1.169881008633660e-02
Fluid charge      -1.214306433183765e-17 total  2.955968803064479e-15
  Current step =0
  Current step =0
  Current step =0
  Current step =0
  Current step =0
  Current step =0
  Current step =0
  Current step =0
  Current step =0
  Current step =0
  Current step =0
  Current step =0
  Current step =0
  Current step =0
  Current step =0
  Current step =0
  Current step =0
  Current step =0
  Current step =0
  Current step =0
  Current step =0
  Current step =0
  Current step =0
  Current step =0
  Current step =0
  Current step =0
  Current step =0
  Current step =0
  Current step =0
  Current step =0
  Current step =0
  Current step =0
  Current step =0
  Current step =0
  Current step =0
  Current step =0
  Current step =0
  Current step =0
  Current step =0
  Current step =0
  Current step =0
  Current step =0
  Current step =0
  Current step =0
  Current step =0
  Current step =0
  Current step =0
  Current step =0
  Current step =0
  Current step =0

Krylov solver
Norm of residual 3.26091e-17 at 21 iterations
Wall charge lower -1.171792195620537e-02 upper  1.171792195620826e-02
Fluid charge      -4.358492733391728e-17 total  2.853403277547351e-15
  Current step =0
  Current step =0
  Current step =0
  Current step =0
  Current step =0
  Current step =0
  Current step =0
  Current step =0
  Current step =0
  Current step =0
  Current step =0
  Current step =0
  Current step =0
  Current step =0
  Current step =0
  Current step =0
  Current step =0
  Current step =0
  Current step =0
  Current step =0
  Current step =0
  Current step =0
  Current step =0
  Current step =0
  Current step =0
  Current step =0
  Current step =0
  Current step =0
  Current step =0
  Current step =0
  Current step =0
  Current step =0
  Current step =0
  Current step =0
  Current step =0
  Current step =0
  Current step =0
  Current step =0
  Current step =0
  Current step =0
  Current step =0
  Current step =0
  Current step =0
  Current step =0
  Current step =0
  Current step =0
  Current step =0
  Current step =0
  Current step =0
  Current step =0

Krylov solver
Norm of residual 3.26092e-17 at 21 iterations
Wall charge lower -1.173680397214960e-02 upper  1.173680397215257e-02
Fluid charge      -1.728218262941894e-16 total  2.793555317626151e-15
  Current step =0
  Current step =0
  Current step =0
  Current step =0
  Current step =0
  Current step =0
  Current step =0
  Current step =0
  Current step =0
  Current step =0
  Current step =0
  Current step =0
  Current step =0
  Current step =0
  Current step =0
  Current step =0
  Current step =0
  Current step =0
  Current step =0
  Current step =0
  Current step =0
  Current step =0
  Current step =0
  Current step =0
  Current step =0
  Current step =0
  Current step =0
  Current step =0
  Current step =0
  Current step =0
  Current step =0
  Current step =0
  Current step =0
  Current step =0
  Current step =0
  Current step =0
  Current step =0
  Current step =0
  Current step =0
  Current step =0
  Current step =0
  Current step =0
  Current step =0
  Current step =0
  Current step =0
  Current step =0
  Current step =0
  Current step =0
  Current step =0
  Current step =0

Krylov solver
Norm of residual 3.26092e-17 at 21 iterations
Wall charge lower -1.175545889891025e-02 upper  1.175545889891353e-02
Fluid charge      -9.345822726825048e-17 total  3.190373312755845e-15
  Current step =0
  Current step =0
  Current step =0
  Current step =0
  Current step =0
  Current step =0
  Current step =0
  Current step =0
  Current step =0
  Current step =0
  Current step =0
  Current step =0
  Current step =0
  Current step =0
  Current step =0
  Current step =0
  Current step =0
  Current step =0
  Current step =0
  Current step =0
  Current step =0
  Current step =0
  Current step =0
  Current step =0
  Current step =0
  Current step =0
  Current step =0
  Current step =0
  Current step =0
  Current step =0
  Current step =0
  Current step =0
  Current step =0
  Current step =0
  Current step =0
  Current step =0
  Current step =0
  Current step =0
  Current step =0
  Current step =0
  Current step =0
  Current step =0
  Current step =0
  Current step =0
  Current step =0
  Current step =0
  Current step =0
  Current step =0
  Current step =0
  Current step =0

Krylov solver
Norm of residual 3.26092e-17 at 21 iterations
Wall charge lower -1.177388946797169e-02 upper  1.177388946797458e-02
Fluid charge      -1.702197410802242e-16 total  2.712890675993229e-15
  Current step =0
  Current step =0
  Current step =0
  Current step =0
  Current step =0
  Current step =0
  Current step =0
  Current step =0
  Current step =0
  Current step =0
  Current step =0
  Current step =0
  Current step =0
  Current step =0
  Current step =0
  Current step =0
  Current step =0
  Current step =0
  Current step =0
  Current step =0
  Current step =0
  Current step =0
  Current step =0
  Current step =0
  Current step =0
  Current step =0
  Current step =0
  Current step =0
  Current step =0
  Current step =0
  Current step =0
  Current step =0
  Current step =0
  Current step =0
  Current step =0
  Current step =0
  Current step =0
  Current step =0
  Current step =0
  Current step =0
  Current step =0
  Current step =0
  Current step =0
  Current step =0
  Current step =0
  Current step =0
  Current step =0
  Current step =0
  Current step =0
  Current step =0

Krylov solver
Norm of residual 3.26092e-17 at 21 iterations
Wall charge lower -1.179209837795624e-02 upper  1.179209837795915e-02
Fluid charge      -7.068998164605489e-17 total  2.847114904946935e-15
  Current step =0
  Current step =0
  Current step =0
  Current step =0
  Current step =0
  Current step =0
  Current step =0
  Current step =0
  Current step =0
  Current step =0
  Current step =0
  Current step =0
  Current step =0
  Current step =0
  Current step =0
  Current step =0
  Current step =0
  Current step =0
  Current step =0
  Current step =0
  Current step =0
  Current step =0
  Current step =0
  Current step =0
  Current step =0
  Current step =0
  Current step =0
  Current step =0
  Current step =0
  Current step =0
  Current step =0
  Current step =0
  Current step =0
  Current step =0
  Current step =0
  Current step =0
  Current step =0
  Current step =0
  Current step =0
  Current step =0
  Current step =0
  Current step =0
  Current step =0
  Current step =0
  Current step =0
  Current step =0
  Current step =0
  Current step =0
  Current step =0
  Current step =0

Krylov solver
Norm of residual 3.26092e-17 at 21 iterations
Wall charge lower -1.181008829502291e-02 upper  1.181008829502576e-02
Fluid charge       1.452830911130576e-17 total  2.869883150569130e-15
  Current step =0
  Current step =0
  Current step =0
  Current step =0
  Current step =0
  Current step =0
  Current step =0
  Current step =0
  Current step =0
  Current step =0
  Current step =0
  Current step =0
  Current step =0
  Current step =0
  Current step =0
  Current step =0
  Current step =0
  Current step =0
  Current step =0
  Current step =0
  Current step =0
  Current step =0
  Current step =0
  Current step =0
  Current step =0
  Current step =0
  Current step =0
  Current step =0
  Current step =0
  Current step =0
  Current step =0
  Current step =0
  Current step =0
  Current step =0
  Current step =0
  Current step =0
  Current step =0
  Current step =0
  Current step =0
  Current step =0
  Current step =0
  Current step =0
  Current step =0
  Current step =0
  Current step =0
  Current step =0
  Current step =0
  Current step =0
  Current step =0
  Current step =0

Krylov solver
Norm of residual 3.26092e-17 at 21 iterations
Wall charge lower -1.182786185325593e-02 upper  1.182786185325884e-02
Fluid charge      -1.003971211721577e-16 total  2.803529977613017e-15
  Current step =0
  Current step =0
  Current step =0
  Current step =0
  Current step =0
  Current step =0
  Current step =0
  Current step =0
  Current step =0
  Current step =0
  Current step =0
  Current step =0
  Current step =0
  Current step =0
  Current step =0
  Current step =0
  Current step =0
  Current step =0
  Current step =0
  Current step =0
  Current step =0
  Current step =0
  Current step =0
  Current step =0
  Current step =0
  Current step =0
  Current step =0
  Current step =0
  Current step =0
  Current step =0
  Current step =0
  Current step =0
  Current step =0
  Current step =0
  Current step =0
  Current step =0
  Current step =0
  Current step =0
  Current step =0
  Current step =0
  Current step =0
  Current step =0
  Current step =0
  Current step =0
  Current step =0
  Current step =0
  Current step =0
  Current step =0
  Current step =0
  Current step =0

Krylov solver
Norm of residual 3.26092e-17 at 21 iterations
Wall charge lower -1.184542165505117e-02 upper  1.184542165505435e-02
Fluid charge      -1.290200585257750e-16 total  3.052462796415689e-15
  Current step =0
  Current step =0
  Current step =0
  Current step =0
  Current step =0
  Current step =0
  Current step =0
  Current step =0
  Current step =0
  Current step =0
  Current step =0
  Current step =0
  Current step =0
  Current step =0
  Current step =0
  Current step =0
  Current step =0
  Current step =0
  Current step =0
  Current step =0
  Current step =0
  Current step =0
  Current step =0
  Current step =0
  Current step =0
  Current step =0
  Current step =0
  Current step =0
  Current step =0
  Current step =0
  Current step =0
  Current step =0
  Current step =0
  Current step =0
  Current step =0
  Current step =0
  Current step =0
  Current step =0
  Current step =0
  Current step =0
  Current step =0
  Current step =0
  Current step =0
  Current step =0
  Current step =0
  Current step =0
  Current step =0
  Current step =0
  Current step =0
  Current step =0

Krylov solver
Norm of residual 3.26092e-17 at 21 iterations
Wall charge lower -1.186277027149791e-02 upper  1.186277027150094e-02
Fluid charge      -8.500145032286355e-17 total  2.943825738732642e-15
  Current step =0
  Current step =0
  Current step =0
  Current step =0
  Current step =0
  Current step =0
  Current step =0
  Current step =0
  Current step =0
  Current step =0
  Current step =0
  Current step =0
  Current step =0
  Current step =0
  Current step =0
  Current step =0
  Current step =0
  Current step =0
  Current step =0
  Current step =0
  Current step =0
  Current step =0
  Current step =0
  Current step =0
  Current step =0
  Current step =0
  Current step =0
  Current step =0
  Current step =0
  Current step =0
  Current step =0
  Current step =0
  Current step =0
  Current step =0
  Current step =0
  Current step =0
  Current step =0
  Current step =0
  Current step =0
  Current step =0
  Current step =0
  Current step =0
  Current step =0
  Current step =0
  Current step =0
  Current step =0
  Current step =0
  Current step =0
  Current step =0
  Current step =0

Krylov solver
Norm of residual 3.26092e-17 at 21 iterations
Wall charge lower -1.187991024275450e-02 upper  1.187991024275759e-02
Fluid charge      -1.543903893619358e-16 total  2.935152121352758e-15
  Current step =0
  Current step =0
  Current step =0
  Current step =0
  Current step =0
  Current step =0
  Current step =0
  Current step =0
  Current step =0
  Current step =0
  Current step =0
  Current step =0
  Current step =0
  Current step =0
  Current step =0
  Current step =0
  Current step =0
  Current step =0
  Current step =0
  Current step =0
  Current step =0
  Current step =0
  Current step =0
  Current step =0
  Current step =0
  Current step =0
  Current step =0
  Current step =0
  Current step =0
  Current step =0
  Current step =0
  Current step =0
  Current step =0
  Current step =0
  Current step =0
  Current step =0
  Current step =0
  Current step =0
  Current step =0
  Current step =0
  Current step =0
  Current step =0
  Current step =0
  Current step =0
  Current step =0
  Current step =0
  Current step =0
  Current step =0
  Current step =0
  Current step =0

Krylov solver
Norm of residual 3.26092e-17 at 21 iterations
Wall charge lower -1.189684407842176e-02 upper  1.189684407842480e-02
Fluid charge       3.209238430557093e-17 total  3.067858467264983e-15
  Current step =0
  Current step =0
  Current step =0
  Current step =0
  Current step =0
  Current step =0
  Current step =0
  Current step =0
  Current step =0
  Current step =0
  Current step =0
  Current step =0
  Current step =0
  Current step =0
  Current step =0
  Current step =0
  Current step =0
  Current step =0
  Current step =0
  Current step =0
  Current step =0
  Current step =0
  Current step =0
  Current step =0
  Current step =0
  Current step =0
  Current step =0
  Current step =0
  Current step =0
  Current step =0
  Current step =0
  Current step =0
  Current step =0
  Current step =0
  Current step =0
  Current step =0
  Current step =0
  Current step =0
  Current step =0
  Current step =0
  Current step =0
  Current step =0
  Current step =0
  Current step =0
  Current step =0
  Current step =0
  Current step =0
  Current step =0
  Current step =0
  Current step =0

Krylov solver
Norm of residual 3.26092e-17 at 21 iterations
Wall charge lower -1.191357425790982e-02 upper  1.191357425791288e-02
Fluid charge      -1.660997728247793e-16 total  2.887013544894401e-15
  Current step =0
  Current step =0
  Current step =0
  Current step =0
  Current step =0
  Current step =0
  Current step =0
  Current step =0
  Current step =0
  Current step =0
  Current step =0
  Current step =0
  Current step =0
  Current step =0
  Current step =0
  Current step =0
  Current step =0
  Current step =0
  Current step =0
  Current step =0
  Current step =0
  Current step =0
  Current step =0
  Current step =0
  Current step =0
  Current step =0
  Current step =0
  Current step =0
  Current step =0
  Current step =0
  Current step =0
  Current step =0
  Current step =0
  Current step =0
  Current step =0
  Current step =0
  Current step =0
  Current step =0
  Current step =0
  Current step =0
  Current step =0
  Current step =0
  Current step =0
  Current step =0
  Current step =0
  Current step =0
  Current step =0
  Current step =0
  Current step =0
  Current step =0

Krylov solver
Norm of residual 3.26093e-17 at 21 iterations
Wall charge lower -1.193010323080148e-02 upper  1.193010323080455e-02
Fluid charge      -9.909607856517511e-17 total  2.969629750437797e-15
  Current step =0
  Current step =0
  Current step =0
  Current step =0
  Current step =0
  Current step =0
  Current step =0
  Current step =0
  Current step =0
  Current step =0
  Current step =0
  Current step =0
  Current step =0
  Current step =0
  Current step =0
  Current step =0
  Current step =0
  Current step =0
  Current step =0
  Current step =0
  Current step =0
  Current step =0
  Current step =0
  Current step =0
  Current step =0
  Current step =0
  Current step =0
  Current step =0
  Current step =0
  Current step =0
  Current step =0
  Current step =0
  Current step =0
  Current step =0
  Current step =0
  Current step =0
  Current step =0
  Current step =0
  Current step =0
  Current step =0
  Current step =0
  Current step =0
  Current step =0
  Current step =0
  Current step =0
  Current step =0
  Current step =0
  Current step =0
  Current step =0
  Current step =0

Krylov solver
Norm of residual 3.26093e-17 at 21 iterations
Wall charge lower -1.194643341721124e-02 upper  1.194643341721444e-02
Fluid charge      -4.770489558936220e-17 total  3.149390470635893e-15
  Current step =0
  Current step =0
  Current step =0
  Current step =0
  Current step =0
  Current step =0
  Current step =0
  Current step =0
  Current step =0
  Current step =0
  Current step =0
  Current step =0
  Current step =0
  Current step =0
  Current step =0
  Current step =0
  Current step =0
  Current step =0
  Current step =0
  Current step =0
  Current step =0
  Current step =0
  Current step =0
  Current step =0
  Current step =0
  Current step =0
  Current step =0
  Current step =0
  Current step =0
  Current step =0
  Current step =0
  Current step =0
  Current step =0
  Current step =0
  Current step =0
  Current step =0
  Current step =0
  Current step =0
  Current step =0
  Current step =0
  Current step =0
  Current step =0
  Current step =0
  Current step =0
  Current step =0
  Current step =0
  Current step =0
  Current step =0
  Current step =0
  Current step =0

Krylov solver
Norm of residual 3.26093e-17 at 21 iterations
Wall charge lower -1.196256720814012e-02 upper  1.196256720814316e-02
Fluid charge      -1.027823659516258e-16 total  2.934718440483763e-15
  Current step =0
  Current step =0
  Current step =0
  Current step =0
  Current step =0
  Current step =0
  Current step =0
  Current step =0
  Current step =0
  Current step =0
  Current step =0
  Current step =0
  Current step =0
  Current step =0
  Current step =0
  Current step =0
  Current step =0
  Current step =0
  Current step =0
  Current step =0
  Current step =0
  Current step =0
  Current step =0
  Current step =0
  Current step =0
  Current step =0
  Current step =0
  Current step =0
  Current step =0
  Current step =0
  Current step =0
  Current step =0
  Current step =0
  Current step =0
  Current step =0
  Current step =0
  Current step =0
  Current step =0
  Current step =0
  Current step =0
  Current step =0
  Current step =0
  Current step =0
  Current step =0
  Current step =0
  Current step =0
  Current step =0
  Current step =0
  Current step =0
  Current step =0

Krylov solver
Norm of residual 3.26093e-17 at 21 iterations
Wall charge lower -1.197850696582523e-02 upper  1.197850696582818e-02
Fluid charge      -1.296705798292663e-16 total  2.824563499759236e-15
  Current step =0
  Current step =0
  Current step =0
  Current step =0
  Current step =0
  Current step =0
  Current step =0
  Current step =0
  Current step =0
  Current step =0
  Current step =0
  Current step =0
  Current step =0
  Current step =0
  Current step =0
  Current step =0
  Current step =0
  Current step =0
  Current step =0
  Current step =0
  Current step =0
  Current step =0
  Current step =0
  Current step =0
  Current step =0
  Current step =0
  Current step =0
  Current step =0
  Current step =0
  Current step =0
  Current step =0
  Current step =0
  Current step =0
  Current step =0
  Current step =0
  Current step =0
  Current step =0
  Current step =0
  Current step =0
  Current step =0
  Current step =0
  Current step =0
  Current step =0
  Current step =0
  Current step =0
  Current step =0
  Current step =0
  Current step =0
  Current step =0
  Current step =0

Krylov solver
Norm of residual 3.26093e-17 at 21 iterations
Wall charge lower -1.199425502408655e-02 upper  1.199425502408964e-02
Fluid charge      -9.801187639268960e-17 total  2.991530634322004e-15
  Current step =0
  Current step =0
  Current step =0
  Current step =0
  Current step =0
  Current step =0
  Current step =0
  Current step =0
  Current step =0
  Current step =0
  Current step =0
  Current step =0
  Current step =0
  Current step =0
  Current step =0
  Current step =0
  Current step =0
  Current step =0
  Current step =0
  Current step =0
  Current step =0
  Current step =0
  Current step =0
  Current step =0
  Current step =0
  Current step =0
  Current step =0
  Current step =0
  Current step =0
  Current step =0
  Current step =0
  Current step =0
  Current step =0
  Current step =0
  Current step =0
  Current step =0
  Current step =0
  Current step =0
  Current step =0
  Current step =0
  Current step =0
  Current step =0
  Current step =0
  Current step =0
  Current step =0
  Current step =0
  Current step =0
  Current step =0
  Current step =0
  Current step =0

Krylov solver
Norm of residual 3.26093e-17 at 21 iterations
Wall charge lower -1.200981368866861e-02 upper  1.200981368867155e-02
Fluid charge      -9.042246118529107e-17 total  2.855138001023327e-15
  Current step =0
  Current step =0
  Current step =0
  Current step =0
  Current step =0
  Current step =0
  Current step =0
  Current step =0
  Current step =0
  Current step =0
  Current step =0
  Current step =0
  Current step =0
  Current step =0
  Current step =0
  Current step =0
  Current step =0
  Current step =0
  Current step =0
  Current step =0
  Current step =0
  Current step =0
  Current step =0
  Current step =0
  Current step =0
  Current step =0
  Current step =0
  Current step =0
  Current step =0
  Current step =0
  Current step =0
  Current step =0
  Current step =0
  Current step =0
  Current step =0
  Current step =0
  Current step =0
  Current step =0
  Current step =0
  Current step =0
  Current step =0
  Current step =0
  Current step =0
  Current step =0
  Current step =0
  Current step =0
  Current step =0
  Current step =0
  Current step =0
  Current step =0

Krylov solver
Norm of residual 3.26093e-17 at 21 iterations
Wall charge lower -1.202518523757812e-02 upper  1.202518523758111e-02
Fluid charge      -2.044805297307661e-16 total  2.786182742853249e-15
  Current step =0
  Current step =0
  Current step =0
  Current step =0
  Current step =0
  Current step =0
  Current step =0
  Current step =0
  Current step =0
  Current step =0
  Current step =0
  Current step =0
  Current step =0
  Current step =0
  Current step =0
  Current step =0
  Current step =0
  Current step =0
  Current step =0
  Current step =0
  Current step =0
  Current step =0
  Current step =0
  Current step =0
  Current step =0
  Current step =0
  Current step =0
  Current step =0
  Current step =0
  Current step =0
  Current step =0
  Current step =0
  Current step =0
  Current step =0
  Current step =0
  Current step =0
  Current step =0
  Current step =0
  Current step =0
  Current step =0
  Current step =0
  Current step =0
  Current step =0
  Current step =0
  Current step =0
  Current step =0
  Current step =0
  Current step =0
  Current step =0
  Current step =0

Krylov solver
Norm of residual 3.26093e-17 at 21 iterations
Wall charge lower -1.204037192141818e-02 upper  1.204037192142145e-02
Fluid charge      -1.906027419229517e-16 total  3.077616286817353e-15
  Current step =0
  Current step =0
  Current step =0
  Current step =0
  Current step =0
  Current step =0
  Current step =0
  Current step =0
  Current step =0
  Current step =0
  Current step =0
  Current step =0
  Current step =0
  Current step =0
  Current step =0
  Current step =0
  Current step =0
  Current step =0
  Current step =0
  Current step =0
  Current step =0
  Current step =0
  Current step =0
  Current step =0
  Current step =0
  Current step =0
  Current step =0
  Current step =0
  Current step =0
  Current step =0
  Current step =0
  Current step =0
  Current step =0
  Current step =0
  Current step =0
  Current step =0
  Current step =0
  Current step =0
  Current step =0
  Current step =0
  Current step =0
  Current step =0
  Current step =0
  Current step =0
  Current step =0
  Current step =0
  Current step =0
  Current step =0
  Current step =0
  Current step =0

Krylov solver
Norm of residual 3.26093e-17 at 21 iterations
Wall charge lower -1.205537596371734e-02 upper  1.205537596372044e-02
Fluid charge      -1.207801220148852e-16 total  2.970497112175785e-15
  Current step =0
  Current step =0
  Current step =0
  Current step =0
  Current step =0
  Current step =0
  Current step =0
  Current step =0
  Current step =0
  Current step =0
  Current step =0
  Current step =0
  Current step =0
  Current step =0
  Current step =0
  Current step =0
  Current step =0
  Current step =0
  Current step =0
  Current step =0
  Current step =0
  Current step =0
  Current step =0
  Current step =0
  Current step =0
  Current step =0
  Current step =0
  Current step =0
  Current step =0
  Current step =0
  Current step =0
  Current step =0
  Current step =0
  Current step =0
  Current step =0
  Current step =0
  Current step =0
  Current step =0
  Current step =0
  Current step =0
  Current step =0
  Current step =0
  Current step =0
  Current step =0
  Current step =0
  Current step =0
  Current step =0
  Current step =0
  Current step =0
  Current step =0

Krylov solver
Norm of residual 3.26093e-17 at 21 iterations
Wall charge lower -1.207019956125593e-02 upper  1.207019956125909e-02
Fluid charge      -7.155734338404329e-17 total  3.096047723749606e-15
  Current step =0
  Current step =0
  Current step =0
  Current step =0
  Current step =0
  Current step =0
  Current step =0
  Current step =0
  Current step =0
  Current step =0
  Current step =0
  Current step =0
  Current step =0
  Current step =0
  Current step =0
  Current step =0
  Current step =0
  Current step =0
  Current step =0
  Current step =0
  Current step =0
  Current step =0
  Current step =0
  Current step =0
  Current step =0
  Current step =0
  Current step =0
  Current step =0
  Current step =0
  Current step =0
  Current step =0
  Current step =0
  Current step =0
  Current step =0
  Current step =0
  Current step =0
  Current step =0
  Current step =0
  Current step =0
  Current step =0
  Current step =0
  Current step =0
  Current step =0
  Current step =0
  Current step =0
  Current step =0
  Current step =0
  Current step =0
  Current step =0
  Current step =0

Krylov solver
Norm of residual 3.26093e-17 at 21 iterations
Wall charge lower -1.208484488438784e-02 upper  1.208484488439089e-02
Fluid charge      -9.714451465470120e-17 total  2.954234079588502e-15
  Current step =0
  Current step =0
  Current step =0
  Current step =0
  Current step =0
  Current step =0
  Current step =0
  Current step =0
  Current step =0
  Current step =0
  Current step =0
  Current step =0
  Current step =0
  Current step =0
  Current step =0
  Current step =0
  Current step =0
  Current step =0
  Current step =0
  Current step =0
  Current step =0
  Current step =0
  Current step =0
  Current step =0
  Current step =0
  Current step =0
  Current step =0
  Current step =0
  Current step =0
  Current step =0
  Current step =0
  Current step =0
  Current step =0
  Current step =0
  Current step =0
  Current step =0
  Current step =0
  Current step =0
  Current step =0
  Current step =0
  Current step =0
  Current step =0
  Current step =0
  Current step =0
  Current step =0
  Current step =0
  Current step =0
  Current step =0
  Current step =0
  Current step =0

Krylov solver
Norm of residual 3.26093e-17 at 21 iterations
Wall charge lower -1.209931407735770e-02 upper  1.209931407736086e-02
Fluid charge      -4.488596994089988e-17 total  3.114045479812866e-15
  Current step =0
  Current step =0
  Current step =0
  Current step =0
  Current step =0
  Current step =0
  Current step =0
  Current step =0
  Current step =0
  Current step =0
  Current step =0
  Current step =0
  Current step =0
  Current step =0
  Current step =0
  Current step =0
  Current step =0
  Current step =0
  Current step =0
  Current step =0
  Current step =0
  Current step =0
  Current step =0
  Current step =0
  Current step =0
  Current step =0
  Current step =0
  Current step =0
  Current step =0
  Current step =0
  Current step =0
  Current step =0
  Current step =0
  Current step =0
  Current step =0
  Current step =0
  Current step =0
  Current step =0
  Current step =0
  Current step =0
  Current step =0
  Current step =0
  Current step =0
  Current step =0
  Current step =0
  Current step =0
  Current step =0
  Current step =0
  Current step =0
  Current step =0

Krylov solver
Norm of residual 3.26094e-17 at 21 iterations
Wall charge lower -1.211360925861654e-02 upper  1.211360925861961e-02
Fluid charge      -1.275021754842953e-16 total  2.939488930042700e-15
  Current step =0
  Current step =0
  Current step =0
  Current step =0
  Current step =0
  Current step =0
  Current step =0
  Current step =0
  Current step =0
  Current step =0
  Current step =0
  Current step =0
  Current step =0
  Current step =0
  Current step =0
  Current step =0
  Current step =0
  Current step =0
  Current step =0
  Current step =0
  Current step =0
  Current step =0
  Current step =0
  Current step =0
  Current step =0
  Current step =0
  Current step =0
  Current step =0
  Current step =0
  Current step =0
  Current step =0
  Current step =0
  Current step =0
  Current step =0
  Current step =0
  Current step =0
  Current step =0
  Current step =0
  Current step =0
  Current step =0
  Current step =0
  Current step =0
  Current step =0
  Current step =0
  Current step =0
  Current step =0
  Current step =0
  Current step =0
  Current step =0
  Current step =0

Krylov solver
Norm of residual 3.26094e-17 at 21 iterations
Wall charge lower -1.212773252113023e-02 upper  1.212773252113330e-02
Fluid charge      -1.444157293750692e-16 total  2.922575376151926e-15
  Current step =0
  Current step =0
  Current step =0
  Current step =0
  Current step =0
  Current step =0
  Current step =0
  Current step =0
  Current step =0
  Current step =0
  Current step =0
  Current step =0
  Current step =0
  Current step =0
  Current step =0
  Current step =0
  Current step =0
  Current step =0
  Current step =0
  Current step =0
  Current step =0
  Current step =0
  Current step =0
  Current step =0
  Current step =0
  Current step =0
  Current step =0
  Current step =0
  Current step =0
  Current step =0
  Current step =0
  Current step =0
  Current step =0
  Current step =0
  Current step =0
  Current step =0
  Current step =0
  Current step =0
  Current step =0
  Current step =0
  Current step =0
  Current step =0
  Current step =0
  Current step =0
  Current step =0
  Current step =0
  Current step =0
  Current step =0
  Current step =0
  Current step =0

Krylov solver
Norm of residual 3.26094e-17 at 21 iterations
Wall charge lower -1.214168593268787e-02 upper  1.214168593269105e-02
Fluid charge      -2.324529457808922e-16 total  2.949029909160572e-15
  Current step =0
  Current step =0
  Current step =0
  Current step =0
  Current step =0
  Current step =0
  Current step =0
  Current step =0
  Current step =0
  Current step =0
  Current step =0
  Current step =0
  Current step =0
  Current step =0
  Current step =0
  Current step =0
  Current step =0
  Current step =0
  Current step =0
  Current step =0
  Current step =0
  Current step =0
  Current step =0
  Current step =0
  Current step =0
  Current step =0
  Current step =0
  Current step =0
  Current step =0
  Current step =0
  Current step =0
  Current step =0
  Current step =0
  Current step =0
  Current step =0
  Current step =0
  Current step =0
  Current step =0
  Current step =0
  Current step =0
  Current step =0
  Current step =0
  Current step =0
  Current step =0
  Current step =0
  Current step =0
  Current step =0
  Current step =0
  Current step =0
  Current step =0

Krylov solver
Norm of residual 3.26094e-17 at 21 iterations
Wall charge lower -1.215547153620379e-02 upper  1.215547153620684e-02
Fluid charge      -1.667502941282706e-16 total  2.884628300114933e-15
  Current step =0
  Current step =0
  Current step =0
  Current step =0
  Current step =0
  Current step =0
  Current step =0
  Current step =0
  Current step =0
  Current step =0
  Current step =0
  Current step =0
  Current step =0
  Current step =0
  Current step =0
  Current step =0
  Current step =0
  Current step =0
  Current step =0
  Current step =0
  Current step =0
  Current step =0
  Current step =0
  Current step =0
  Current step =0
  Current step =0
  Current step =0
  Current step =0
  Current step =0
  Current step =0
  Current step =0
  Current step =0
  Current step =0
  Current step =0
  Current step =0
  Current step =0
  Current step =0
  Current step =0
  Current step =0
  Current step =0
  Current step =0
  Current step =0
  Current step =0
  Current step =0
  Current step =0
  Current step =0
  Current step =0
  Current step =0
  Current step =0
  Current step =0

Krylov solver
Norm of residual 3.26094e-17 at 21 iterations
Wall charge lower -1.216909135001676e-02 upper  1.216909135001990e-02
Fluid charge      -2.586906383550414e-16 total  2.877689406211026e-15
  Current step =0
  Current step =0
  Current step =0
  Current step =0
  Current step =0
  Current step =0
  Current step =0
  Current step =0
  Current step =0
  Current step =0
  Current step =0
  Current step =0
  Current step =0
  Current step =0
  Current step =0
  Current step =0
  Current step =0
  Current step =0
  Current step =0
  Current step =0
  Current step =0
  Current step =0
  Current step =0
  Current step =0
  Current step =0
  Current step =0
  Current step =0
  Current step =0
  Current step =0
  Current step =0
  Current step =0
  Current step =0
  Current step =0
  Current step =0
  Current step =0
  Current step =0
  Current step =0
  Current step =0
  Current step =0
  Current step =0
  Current step =0
  Current step =0
  Current step =0
  Current step =0
  Current step =0
  Current step =0
  Current step =0
  Current step =0
  Current step =0
  Current step =0

Krylov solver
Norm of residual 3.26094e-17 at 21 iterations
Wall charge lower -1.218254736818611e-02 upper  1.218254736818924e-02
Fluid charge      -2.933851078745775e-16 total  2.834321319311606e-15
  Current step =0
  Current step =0
  Current step =0
  Current step =0
  Current step =0
  Current step =0
  Current step =0
  Current step =0
  Current step =0
  Current step =0
  Current step =0
  Current step =0
  Current step =0
  Current step =0
  Current step =0
  Current step =0
  Current step =0
  Current step =0
  Current step =0
  Current step =0
  Current step =0
  Current step =0
  Current step =0
  Current step =0
  Current step =0
  Current step =0
  Current step =0
  Current step =0
  Current step =0
  Current step =0
  Current step =0
  Current step =0
  Current step =0
  Current step =0
  Current step =0
  Current step =0
  Current step =0
  Current step =0
  Current step =0
  Current step =0
  Current step =0
  Current step =0
  Current step =0
  Current step =0
  Current step =0
  Current step =0
  Current step =0
  Current step =0
  Current step =0
  Current step =0

Krylov solver
Norm of residual 3.26094e-17 at 21 iterations
Wall charge lower -1.219584156078384e-02 upper  1.219584156078692e-02
Fluid charge      -1.775923158531256e-16 total  2.901541854005707e-15
  Current step =0
  Current step =0
  Current step =0
  Current step =0
  Current step =0
  Current step =0
  Current step =0
  Current step =0
  Current step =0
  Current step =0
  Current step =0
  Current step =0
  Current step =0
  Current step =0
  Current step =0
  Current step =0
  Current step =0
  Current step =0
  Current step =0
  Current step =0
  Current step =0
  Current step =0
  Current step =0
  Current step =0
  Current step =0
  Current step =0
  Current step =0
  Current step =0
  Current step =0
  Current step =0
  Current step =0
  Current step =0
  Current step =0
  Current step =0
  Current step =0
  Current step =0
  Current step =0
  Current step =0
  Current step =0
  Current step =0
  Current step =0
  Current step =0
  Current step =0
  Current step =0
  Current step =0
  Current step =0
  Current step =0
  Current step =0
  Current step =0
  Current step =0

Krylov solver
Norm of residual 3.26094e-17 at 21 iterations
Wall charge lower -1.220897587418258e-02 upper  1.220897587418558e-02
Fluid charge      -1.687018580387445e-16 total  2.830635031925155e-15
  Current step =0
  Current step =0
  Current step =0
  Current step =0
  Current step =0
  Current step =0
  Current step =0
  Current step =0
  Current step =0
  Current step =0
  Current step =0
  Current step =0
  Current step =0
  Current step =0
  Current step =0
  Current step =0
  Current step =0
  Current step =0
  Current step =0
  Current step =0
  Current step =0
  Current step =0
  Current step =0
  Current step =0
  Current step =0
  Current step =0
  Current step =0
  Current step =0
  Current step =0
  Current step =0
  Current step =0
  Current step =0
  Current step =0
  Current step =0
  Current step =0
  Current step =0
  Current step =0
  Current step =0
  Current step =0
  Current step =0
  Current step =0
  Current step =0
  Current step =0
  Current step =0
  Current step =0
  Current step =0
  Current step =0
  Current step =0
  Current step =0
  Current step =0

Krylov solver
Norm of residual 3.26094e-17 at 21 iterations
Wall charge lower -1.222195223134156e-02 upper  1.222195223134493e-02
Fluid charge      -2.220446049250313e-16 total  3.143318938469974e-15
  Current step =0
  Current step =0
  Current step =0
  Current step =0
  Current step =0
  Current step =0
  Current step =0
  Current step =0
  Current step =0
  Current step =0
  Current step =0
  Current step =0
  Current step =0
  Current step =0
  Current step =0
  Current step =0
  Current step =0
  Current step =0
  Current step =0
  Current step =0
  Current step =0
  Current step =0
  Current step =0
  Current step =0
  Current step =0
  Current step =0
  Current step =0
  Current step =0
  Current step =0
  Current step =0
  Current step =0
  Current step =0
  Current step =0
  Current step =0
  Current step =0
  Current step =0
  Current step =0
  Current step =0
  Current step =0
  Current step =0
  Current step =0
  Current step =0
  Current step =0
  Current step =0
  Current step =0
  Current step =0
  Current step =0
  Current step =0
  Current step =0
  Current step =0

Krylov solver
Norm of residual 3.26094e-17 at 21 iterations
Wall charge lower -1.223477253208823e-02 upper  1.223477253209143e-02
Fluid charge      -2.599916809620240e-16 total  2.931899514835301e-15
  Current step =0
  Current step =0
  Current step =0
  Current step =0
  Current step =0
  Current step =0
  Current step =0
  Current step =0
  Current step =0
  Current step =0
  Current step =0
  Current step =0
  Current step =0
  Current step =0
  Current step =0
  Current step =0
  Current step =0
  Current step =0
  Current step =0
  Current step =0
  Current step =0
  Current step =0
  Current step =0
  Current step =0
  Current step =0
  Current step =0
  Current step =0
  Current step =0
  Current step =0
  Current step =0
  Current step =0
  Current step =0
  Current step =0
  Current step =0
  Current step =0
  Current step =0
  Current step =0
  Current step =0
  Current step =0
  Current step =0
  Current step =0
  Current step =0
  Current step =0
  Current step =0
  Current step =0
  Current step =0
  Current step =0
  Current step =0
  Current step =0
  Current step =0

Krylov solver
Norm of residual 3.26094e-17 at 21 iterations
Wall charge lower -1.224743865339574e-02 upper  1.224743865339884e-02
Fluid charge      -2.046973701652632e-16 total  2.891784034453337e-15
  Current step =0
  Current step =0
  Current step =0
  Current step =0
  Current step =0
  Current step =0
  Current step =0
  Current step =0
  Current step =0
  Current step =0
  Current step =0
  Current step =0
  Current step =0
  Current step =0
  Current step =0
  Current step =0
  Current step =0
  Current step =0
  Current step =0
  Current step =0
  Current step =0
  Current step =0
  Current step =0
  Current step =0
  Current step =0
  Current step =0
  Current step =0
  Current step =0
  Current step =0
  Current step =0
  Current step =0
  Current step =0
  Current step =0
  Current step =0
  Current step =0
  Current step =0
  Current step =0
  Current step =0
  Current step =0
  Current step =0
  Current step =0
  Current step =0
  Current step =0
  Current step =0
  Current step =0
  Current step =0
  Current step =0
  Current step =0
  Current step =0
  Current step =0

Krylov solver
Norm of residual 3.26094e-17 at 21 iterations
Wall charge lower -1.225995244965864e-02 upper  1.225995244966177e-02
Fluid charge      -2.506675422786486e-16 total  2.882243055335465e-15
  Current step =0
  Current step =0
  Current step =0
  Current step =0
  Current step =0
  Current step =0
  Current step =0
  Current step =0
  Current step =0
  Current step =0
  Current step =0
  Current step =0
  Current step =0
  Current step =0
  Current step =0
  Current step =0
  Current step =0
  Current step =0
  Current step =0
  Current step =0
  Current step =0
  Current step =0
  Current step =0
  Current step =0
  Current step =0
  Current step =0
  Current step =0
  Current step =0
  Current step =0
  Current step =0
  Current step =0
  Current step =0
  Current step =0
  Current step =0
  Current step =0
  Current step =0
  Current step =0
  Current step =0
  Current step =0
  Current step =0
  Current step =0
  Current step =0
  Current step =0
  Current step =0
  Current step =0
  Current step =0
  Current step =0
  Current step =0
  Current step =0
  Current step =0

Krylov solver
Norm of residual 3.26094e-17 at 21 iterations
Wall charge lower -1.227231575296443e-02 upper  1.227231575296765e-02
Fluid charge      -2.547875105340935e-16 total  2.971798154782768e-15
  Current step =0
  Current step =0
  Current step =0
  Current step =0
  Current step =0
  Current step =0
  Current step =0
  Current step =0
  Current step =0
  Current step =0
  Current step =0
  Current step =0
  Current step =0
  Current step =0
  Current step =0
  Current step =0
  Current step =0
  Current step =0
  Current step =0
  Current step =0
  Current step =0
  Current step =0
  Current step =0
  Current step =0
  Current step =0
  Current step =0
  Current step =0
  Current step =0
  Current step =0
  Current step =0
  Current step =0
  Current step =0
  Current step =0
  Current step =0
  Current step =0
  Current step =0
  Current step =0
  Current step =0
  Current step =0
  Current step =0
  Current step =0
  Current step =0
  Current step =0
  Current step =0
  Current step =0
  Current step =0
  Current step =0
  Current step =0
  Current step =0
  Current step =0

Krylov solver
Norm of residual 3.26094e-17 at 21 iterations
Wall charge lower -1.228453037336214e-02 upper  1.228453037336530e-02
Fluid charge      -9.475926987523309e-17 total  3.065906903354509e-15
  Current step =0
  Current step =0
  Current step =0
  Current step =0
  Current step =0
  Current step =0
  Current step =0
  Current step =0
  Current step =0
  Current step =0
  Current step =0
  Current step =0
  Current step =0
  Current step =0
  Current step =0
  Current step =0
  Current step =0
  Current step =0
  Current step =0
  Current step =0
  Current step =0
  Current step =0
  Current step =0
  Current step =0
  Current step =0
  Current step =0
  Current step =0
  Current step =0
  Current step =0
  Current step =0
  Current step =0
  Current step =0
  Current step =0
  Current step =0
  Current step =0
  Current step =0
  Current step =0
  Current step =0
  Current step =0
  Current step =0
  Current step =0
  Current step =0
  Current step =0
  Current step =0
  Current step =0
  Current step =0
  Current step =0
  Current step =0
  Current step =0
  Current step =0

Krylov solver
Norm of residual 3.26094e-17 at 21 iterations
Wall charge lower -1.229659809912685e-02 upper  1.229659809913004e-02
Fluid charge      -2.324529457808922e-16 total  2.955968803064479e-15
  Current step =0
  Current step =0
  Current step =0
  Current step =0
  Current step =0
  Current step =0
  Current step =0
  Current step =0
  Current step =0
  Current step =0
  Current step =0
  Current step =0
  Current step =0
  Current step =0
  Current step =0
  Current step =0
  Current step =0
  Current step =0
  Current step =0
  Current step =0
  Current step =0
  Current step =0
  Current step =0
  Current step =0
  Current step =0
  Current step =0
  Current step =0
  Current step =0
  Current step =0
  Current step =0
  Current step =0
  Current step =0
  Current step =0
  Current step =0
  Current step =0
  Current step =0
  Current step =0
  Current step =0
  Current step =0
  Current step =0
  Current step =0
  Current step =0
  Current step =0
  Current step =0
  Current step =0
  Current step =0
  Current step =0
  Current step =0
  Current step =0
  Current step =0

Krylov solver
Norm of residual 3.26095e-17 at 21 iterations
Wall charge lower -1.230852069702238e-02 upper  1.230852069702532e-02
Fluid charge      -7.459310946700271e-17 total  2.865763182313685e-15
  Current step =0
  Current step =0
  Current step =0
  Current step =0
  Current step =0
  Current step =0
  Current step =0
  Current step =0
  Current step =0
  Current step =0
  Current step =0
  Current step =0
  Current step =0
  Current step =0
  Current step =0
  Current step =0
  Current step =0
  Current step =0
  Current step =0
  Current step =0
  Current step =0
  Current step =0
  Current step =0
  Current step =0
  Current step =0
  Current step =0
  Current step =0
  Current step =0
  Current step =0
  Current step =0
  Current step =0
  Current step =0
  Current step =0
  Current step =0
  Current step =0
  Current step =0
  Current step =0
  Current step =0
  Current step =0
  Current step =0
  Current step =0
  Current step =0
  Current step =0
  Current step =0
  Current step =0
  Current step =0
  Current step =0
  Current step =0
  Current step =0
  Current step =0

Krylov solver
Norm of residual 3.26095e-17 at 21 iterations
Wall charge lower -1.232029991255943e-02 upper  1.232029991256254e-02
Fluid charge      -1.283695372222837e-16 total  2.976785484776201e-15
  Current step =0
  Current step =0
  Current step =0
  Current step =0
  Current step =0
  Current step =0
  Current step =0
  Current step =0
  Current step =0
  Current step =0
  Current step =0
  Current step =0
  Current step =0
  Current step =0
  Current step =0
  Current step =0
  Current step =0
  Current step =0
  Current step =0
  Current step =0
  Current step =0
  Current step =0
  Current step =0
  Current step =0
  Current step =0
  Current step =0
  Current step =0
  Current step =0
  Current step =0
  Current step =0
  Current step =0
  Current step =0
  Current step =0
  Current step =0
  Current step =0
  Current step =0
  Current step =0
  Current step =0
  Current step =0
  Current step =0
  Current step =0
  Current step =0
  Current step =0
  Current step =0
  Current step =0
  Current step =0
  Current step =0
  Current step =0
  Current step =0
  Current step =0

Krylov solver
Norm of residual 3.26095e-17 at 21 iterations
Wall charge lower -1.233193747025189e-02 upper  1.233193747025510e-02
Fluid charge      -1.598114002243634e-16 total  3.049427030332730e-15
  Current step =0
  Current step =0
  Current step =0
  Current step =0
  Current step =0
  Current step =0
  Current step =0
  Current step =0
  Current step =0
  Current step =0
  Current step =0
  Current step =0
  Current step =0
  Current step =0
  Current step =0
  Current step =0
  Current step =0
  Current step =0
  Current step =0
  Current step =0
  Current step =0
  Current step =0
  Current step =0
  Current step =0
  Current step =0
  Current step =0
  Current step =0
  Current step =0
  Current step =0
  Current step =0
  Current step =0
  Current step =0
  Current step =0
  Current step =0
  Current step =0
  Current step =0
  Current step =0
  Current step =0
  Current step =0
  Current step =0
  Current step =0
  Current step =0
  Current step =0
  Current step =0
  Current step =0
  Current step =0
  Current step =0
  Current step =0
  Current step =0
  Current step =0

Krylov solver
Norm of residual 3.26095e-17 at 21 iterations
Wall charge lower -1.234343507386935e-02 upper  1.234343507387245e-02
Fluid charge      -3.313321839115702e-16 total  2.770353391134961e-15
  Current step =0
  Current step =0
  Current step =0
  Current step =0
  Current step =0
  Current step =0
  Current step =0
  Current step =0
  Current step =0
  Current step =0
  Current step =0
  Current step =0
  Current step =0
  Current step =0
  Current step =0
  Current step =0
  Current step =0
  Current step =0
  Current step =0
  Current step =0
  Current step =0
  Current step =0
  Current step =0
  Current step =0
  Current step =0
  Current step =0
  Current step =0
  Current step =0
  Current step =0
  Current step =0
  Current step =0
  Current step =0
  Current step =0
  Current step =0
  Current step =0
  Current step =0
  Current step =0
  Current step =0
  Current step =0
  Current step =0
  Current step =0
  Current step =0
  Current step =0
  Current step =0
  Current step =0
  Current step =0
  Current step =0
  Current step =0
  Current step =0
  Current step =0

Krylov solver
Norm of residual 3.26095e-17 at 21 iterations
Wall charge lower -1.235479440668637e-02 upper  1.235479440668929e-02
Fluid charge      -2.361392331673429e-16 total  2.685135100377600e-15
  Current step =0
  Current step =0
  Current step =0
  Current step =0
  Current step =0
  Current step =0
  Current step =0
  Current step =0
  Current step =0
  Current step =0
  Current step =0
  Current step =0
  Current step =0
  Current step =0
  Current step =0
  Current step =0
  Current step =0
  Current step =0
  Current step =0
  Current step =0
  Current step =0
  Current step =0
  Current step =0
  Current step =0
  Current step =0
  Current step =0
  Current step =0
  Current step =0
  Current step =0
  Current step =0
  Current step =0
  Current step =0
  Current step =0
  Current step =0
  Current step =0
  Current step =0
  Current step =0
  Current step =0
  Current step =0
  Current step =0
  Current step =0
  Current step =0
  Current step =0
  Current step =0
  Current step =0
  Current step =0
  Current step =0
  Current step =0
  Current step =0
  Current step =0

Krylov solver
Norm of residual 3.26095e-17 at 21 iterations
Wall charge lower -1.236601713172875e-02 upper  1.236601713173173e-02
Fluid charge      -8.955509944730267e-17 total  2.892434555756829e-15
  Current step =0
  Current step =0
  Current step =0
  Current step =0
  Current step =0
  Current step =0
  Current step =0
  Current step =0
  Current step =0
  Current step =0
  Current step =0
  Current step =0
  Current step =0
  Current step =0
  Current step =0
  Current step =0
  Current step =0
  Current step =0
  Current step =0
  Current step =0
  Current step =0
  Current step =0
  Current step =0
  Current step =0
  Current step =0
  Current step =0
  Current step =0
  Current step =0
  Current step =0
  Current step =0
  Current step =0
  Current step =0
  Current step =0
  Current step =0
  Current step =0
  Current step =0
  Current step =0
  Current step =0
  Current step =0
  Current step =0
  Current step =0
  Current step =0
  Current step =0
  Current step =0
  Current step =0
  Current step =0
  Current step =0
  Current step =0
  Current step =0
  Current step =0

Krylov solver
Norm of residual 3.26095e-17 at 21 iterations
Wall charge lower -1.237710489201842e-02 upper  1.237710489202147e-02
Fluid charge      -2.966377143920340e-16 total  2.758210326803123e-15
  Current step =0
  Current step =0
  Current step =0
  Current step =0
  Current step =0
  Current step =0
  Current step =0
  Current step =0
  Current step =0
  Current step =0
  Current step =0
  Current step =0
  Current step =0
  Current step =0
  Current step =0
  Current step =0
  Current step =0
  Current step =0
  Current step =0
  Current step =0
  Current step =0
  Current step =0
  Current step =0
  Current step =0
  Current step =0
  Current step =0
  Current step =0
  Current step =0
  Current step =0
  Current step =0
  Current step =0
  Current step =0
  Current step =0
  Current step =0
  Current step =0
  Current step =0
  Current step =0
  Current step =0
  Current step =0
  Current step =0
  Current step =0
  Current step =0
  Current step =0
  Current step =0
  Current step =0
  Current step =0
  Current step =0
  Current step =0
  Current step =0
  Current step =0

Krylov solver
Norm of residual 3.26095e-17 at 21 iterations
Wall charge lower -1.238805931081299e-02 upper  1.238805931081614e-02
Fluid charge      -2.200930410145574e-16 total  2.926695344407371e-15
  Current step =0
  Current step =0
  Current step =0
  Current step =0
  Current step =0
  Current step =0
  Current step =0
  Current step =0
  Current step =0
  Current step =0
  Current step =0
  Current step =0
  Current step =0
  Current step =0
  Current step =0
  Current step =0
  Current step =0
  Current step =0
  Current step =0
  Current step =0
  Current step =0
  Current step =0
  Current step =0
  Current step =0
  Current step =0
  Current step =0
  Current step =0
  Current step =0
  Current step =0
  Current step =0
  Current step =0
  Current step =0
  Current step =0
  Current step =0
  Current step =0
  Current step =0
  Current step =0
  Current step =0
  Current step =0
  Current step =0
  Current step =0
  Current step =0
  Current step =0
  Current step =0
  Current step =0
  Current step =0
  Current step =0
  Current step =0
  Current step =0
  Current step =0

Krylov solver
Norm of residual 3.26095e-17 at 21 iterations
Wall charge lower -1.239888199184393e-02 upper  1.239888199184701e-02
Fluid charge      -1.053844511655910e-16 total  2.975484442169218e-15
  Current step =0
  Current step =0
  Current step =0
  Current step =0
  Current step =0
  Current step =0
  Current step =0
  Current step =0
  Current step =0
  Current step =0
  Current step =0
  Current step =0
  Current step =0
  Current step =0
  Current step =0
  Current step =0
  Current step =0
  Current step =0
  Current step =0
  Current step =0
  Current step =0
  Current step =0
  Current step =0
  Current step =0
  Current step =0
  Current step =0
  Current step =0
  Current step =0
  Current step =0
  Current step =0
  Current step =0
  Current step =0
  Current step =0
  Current step =0
  Current step =0
  Current step =0
  Current step =0
  Current step =0
  Current step =0
  Current step =0
  Current step =0
  Current step =0
  Current step =0
  Current step =0
  Current step =0
  Current step =0
  Current step =0
  Current step =0
  Current step =0
  Current step =0

Krylov solver
Norm of residual 3.26095e-17 at 21 iterations
Wall charge lower -1.240957451955114e-02 upper  1.240957451955440e-02
Fluid charge      -1.177443559319258e-16 total  3.145270502380448e-15
  Current step =0
  Current step =0
  Current step =0
  Current step =0
  Current step =0
  Current step =0
  Current step =0
  Current step =0
  Current step =0
  Current step =0
  Current step =0
  Current step =0
  Current step =0
  Current step =0
  Current step =0
  Current step =0
  Current step =0
  Current step =0
  Current step =0
  Current step =0
  Current step =0
  Current step =0
  Current step =0
  Current step =0
  Current step =0
  Current step =0
  Current step =0
  Current step =0
  Current step =0
  Current step =0
  Current step =0
  Current step =0
  Current step =0
  Current step =0
  Current step =0
  Current step =0
  Current step =0
  Current step =0
  Current step =0
  Current step =0
  Current step =0
  Current step =0
  Current step =0
  Current step =0
  Current step =0
  Current step =0
  Current step =0
  Current step =0
  Current step =0
  Current step =0

Krylov solver
Norm of residual 3.26095e-17 at 21 iterations
Wall charge lower -1.242013845931588e-02 upper  1.242013845931904e-02
Fluid charge      -2.896988204881268e-16 total  2.877906246645523e-15
  Current step =0
  Current step =0
  Current step =0
  Current step =0
  Current step =0
  Current step =0
  Current step =0
  Current step =0
  Current step =0
  Current step =0
  Current step =0
  Current step =0
  Current step =0
  Current step =0
  Current step =0
  Current step =0
  Current step =0
  Current step =0
  Current step =0
  Current step =0
  Current step =0
  Current step =0
  Current step =0
  Current step =0
  Current step =0
  Current step =0
  Current step =0
  Current step =0
  Current step =0
  Current step =0
  Current step =0
  Current step =0
  Current step =0
  Current step =0
  Current step =0
  Current step =0
  Current step =0
  Current step =0
  Current step =0
  Current step =0
  Current step =0
  Current step =0
  Current step =0
  Current step =0
  Current step =0
  Current step =0
  Current step =0
  Current step =0
  Current step =0
  Current step =0

Krylov solver
Norm of residual 3.26095e-17 at 21 iterations
Wall charge lower -1.243057535768922e-02 upper  1.243057535769226e-02
Fluid charge      -2.380907970778168e-16 total  2.802879456309526e-15
  Current step =0
  Current step =0
  Current step =0
  Current step =0
  Current step =0
  Current step =0
  Current step =0
  Current step =0
  Current step =0
  Current step =0
  Current step =0
  Current step =0
  Current step =0
  Current step =0
  Current step =0
  Current step =0
  Current step =0
  Current step =0
  Current step =0
  Current step =0
  Current step =0
  Current step =0
  Current step =0
  Current step =0
  Current step =0
  Current step =0
  Current step =0
  Current step =0
  Current step =0
  Current step =0
  Current step =0
  Current step =0
  Current step =0
  Current step =0
  Current step =0
  Current step =0
  Current step =0
  Current step =0
  Current step =0
  Current step =0
  Current step =0
  Current step =0
  Current step =0
  Current step =0
  Current step =0
  Current step =0
  Current step =0
  Current step =0
  Current step =0
  Current step =0

Krylov solver
Norm of residual 3.26095e-17 at 21 iterations
Wall charge lower -1.244088674261875e-02 upper  1.244088674262198e-02
Fluid charge      -8.760353553682876e-17 total  3.147655747159916e-15
  Current step =0
  Current step =0
  Current step =0
  Current step =0
  Current step =0
  Current step =0
  Current step =0
  Current step =0
  Current step =0
  Current step =0
  Current step =0
  Current step =0
  Current step =0
  Current step =0
  Current step =0
  Current step =0
  Current step =0
  Current step =0
  Current step =0
  Current step =0
  Current step =0
  Current step =0
  Current step =0
  Current step =0
  Current step =0
  Current step =0
  Current step =0
  Current step =0
  Current step =0
  Current step =0
  Current step =0
  Current step =0
  Current step =0
  Current step =0
  Current step =0
  Current step =0
  Current step =0
  Current step =0
  Current step =0
  Current step =0
  Current step =0
  Current step =0
  Current step =0
  Current step =0
  Current step =0
  Current step =0
  Current step =0
  Current step =0
  Current step =0
  Current step =0

Krylov solver
Norm of residual 3.26095e-17 at 21 iterations
Wall charge lower -1.245107412367302e-02 upper  1.245107412367624e-02
Fluid charge      -2.246466901389965e-16 total  2.989795910846027e-15
  Current step =0
  Current step =0
  Current step =0
  Current step =0
  Current step =0
  Current step =0
  Current step =0
  Current step =0
  Current step =0
  Current step =0
  Current step =0
  Current step =0
  Current step =0
  Current step =0
  Current step =0
  Current step =0
  Current step =0
  Current step =0
  Current step =0
  Current step =0
  Current step =0
  Current step =0
  Current step =0
  Current step =0
  Current step =0
  Current step =0
  Current step =0
  Current step =0
  Current step =0
  Current step =0
  Current step =0
  Current step =0
  Current step =0
  Current step =0
  Current step =0
  Current step =0
  Current step =0
  Current step =0
  Current step =0
  Current step =0
  Current step =0
  Current step =0
  Current step =0
  Current step =0
  Current step =0
  Current step =0
  Current step =0
  Current step =0
  Current step =0
  Current step =0

Krylov solver
Norm of residual 3.26095e-17 at 21 iterations
Wall charge lower -1.246113899226176e-02 upper  1.246113899226492e-02
Fluid charge      -2.975050761300224e-16 total  2.863161097099720e-15
  Current step =0
  Current step =0
  Current step =0
  Current step =0
  Current step =0
  Current step =0
  Current step =0
  Current step =0
  Current step =0
  Current step =0
  Current step =0
  Current step =0
  Current step =0
  Current step =0
  Current step =0
  Current step =0
  Current step =0
  Current step =0
  Current step =0
  Current step =0
  Current step =0
  Current step =0
  Current step =0
  Current step =0
  Current step =0
  Current step =0
  Current step =0
  Current step =0
  Current step =0
  Current step =0
  Current step =0
  Current step =0
  Current step =0
  Current step =0
  Current step =0
  Current step =0
  Current step =0
  Current step =0
  Current step =0
  Current step =0
  Current step =0
  Current step =0
  Current step =0
  Current step =0
  Current step =0
  Current step =0
  Current step =0
  Current step =0
  Current step =0
  Current step =0

Krylov solver
Norm of residual 3.26095e-17 at 21 iterations
Wall charge lower -1.247108282185529e-02 upper  1.247108282185838e-02
Fluid charge      -2.645453300864631e-16 total  2.828466627580184e-15
  Current step =0
  Current step =0
  Current step =0
  Current step =0
  Current step =0
  Current step =0
  Current step =0
  Current step =0
  Current step =0
  Current step =0
  Current step =0
  Current step =0
  Current step =0
  Current step =0
  Current step =0
  Current step =0
  Current step =0
  Current step =0
  Current step =0
  Current step =0
  Current step =0
  Current step =0
  Current step =0
  Current step =0
  Current step =0
  Current step =0
  Current step =0
  Current step =0
  Current step =0
  Current step =0
  Current step =0
  Current step =0
  Current step =0
  Current step =0
  Current step =0
  Current step =0
  Current step =0
  Current step =0
  Current step =0
  Current step =0
  Current step =0
  Current step =0
  Current step =0
  Current step =0
  Current step =0
  Current step =0
  Current step =0
  Current step =0
  Current step =0
  Current step =0

Krylov solver
Norm of residual 3.26095e-17 at 21 iterations
Wall charge lower -1.248090706819915e-02 upper  1.248090706820234e-02
Fluid charge      -2.879640970121500e-16 total  2.907396545737129e-15
  Current step =0
  Current step =0
  Current step =0
  Current step =0
  Current step =0
  Current step =0
  Current step =0
  Current step =0
  Current step =0
  Current step =0
  Current step =0
  Current step =0
  Current step =0
  Current step =0
  Current step =0
  Current step =0
  Current step =0
  Current step =0
  Current step =0
  Current step =0
  Current step =0
  Current step =0
  Current step =0
  Current step =0
  Current step =0
  Current step =0
  Current step =0
  Current step =0
  Current step =0
  Current step =0
  Current step =0
  Current step =0
  Current step =0
  Current step =0
  Current step =0
  Current step =0
  Current step =0
  Current step =0
  Current step =0
  Current step =0
  Current step =0
  Current step =0
  Current step =0
  Current step =0
  Current step =0
  Current step =0
  Current step =0
  Current step =0
  Current step =0
  Current step =0

Krylov solver
Norm of residual 3.26095e-17 at 21 iterations
Wall charge lower -1.249061316952861e-02 upper  1.249061316953167e-02
Fluid charge      -2.146720301521299e-16 total  2.841910734519004e-15
  Current step =0
  Current step =0
  Current step =0
  Current step =0
  Current step =0
  Current step =0
  Current step =0
  Current step =0
  Current step =0
  Current step =0
  Current step =0
  Current step =0
  Current step =0
  Current step =0
  Current step =0
  Current step =0
  Current step =0
  Current step =0
  Current step =0
  Current step =0
  Current step =0
  Current step =0
  Current step =0
  Current step =0
  Current step =0
  Current step =0
  Current step =0
  Current step =0
  Current step =0
  Current step =0
  Current step =0
  Current step =0
  Current step =0
  Current step =0
  Current step =0
  Current step =0
  Current step =0
  Current step =0
  Current step =0
  Current step =0
  Current step =0
  Current step =0
  Current step =0
  Current step =0
  Current step =0
  Current step =0
  Current step =0
  Current step =0
  Current step =0
  Current step =0

Krylov solver
Norm of residual 3.26096e-17 at 21 iterations
Wall charge lower -1.250020254677856e-02 upper  1.250020254678172e-02
Fluid charge      -2.476317761956892e-16 total  2.913034397034053e-15
  Current step =0
  Current step =0
  Current step =0
  Current step =0
  Current step =0
  Current step =0
  Current step =0
  Current step =0
  Current step =0
  Current step =0
  Current step =0
  Current step =0
  Current step =0
  Current step =0
  Current step =0
  Current step =0
  Current step =0
  Current step =0
  Current step =0
  Current step =0
  Current step =0
  Current step =0
  Current step =0
  Current step =0
  Current step =0
  Current step =0
  Current step =0
  Current step =0
  Current step =0
  Current step =0
  Current step =0
  Current step =0
  Current step =0
  Current step =0
  Current step =0
  Current step =0
  Current step =0
  Current step =0
  Current step =0
  Current step =0
  Current step =0
  Current step =0
  Current step =0
  Current step =0
  Current step =0
  Current step =0
  Current step =0
  Current step =0
  Current step =0
  Current step =0

Krylov solver
Norm of residual 3.26096e-17 at 21 iterations
Wall charge lower -1.250967660379189e-02 upper  1.250967660379534e-02
Fluid charge      -1.348747502571968e-16 total  3.310286073032742e-15
  Current step =0
  Current step =0
  Current step =0
  Current step =0
  Current step =0
  Current step =0
  Current step =0
  Current step =0
  Current step =0
  Current step =0
  Current step =0
  Current step =0
  Current step =0
  Current step =0
  Current step =0
  Current step =0
  Current step =0
  Current step =0
  Current step =0
  Current step =0
  Current step =0
  Current step =0
  Current step =0
  Current step =0
  Current step =0
  Current step =0
  Current step =0
  Current step =0
  Current step =0
  Current step =0
  Current step =0
  Current step =0
  Current step =0
  Current step =0
  Current step =0
  Current step =0
  Current step =0
  Current step =0
  Current step =0
  Current step =0
  Current step =0
  Current step =0
  Current step =0
  Current step =0
  Current step =0
  Current step =0
  Current step =0
  Current step =0
  Current step =0
  Current step =0

Krylov solver
Norm of residual 3.26096e-17 at 21 iterations
Wall charge lower -1.251903672752536e-02 upper  1.251903672752862e-02
Fluid charge      -3.864096542738338e-16 total  2.871401033610610e-15
  Current step =0
  Current step =0
  Current step =0
  Current step =0
  Current step =0
  Current step =0
  Current step =0
  Current step =0
  Current step =0
  Current step =0
  Current step =0
  Current step =0
  Current step =0
  Current step =0
  Current step =0
  Current step =0
  Current step =0
  Current step =0
  Current step =0
  Current step =0
  Current step =0
  Current step =0
  Current step =0
  Current step =0
  Current step =0
  Current step =0
  Current step =0
  Current step =0
  Current step =0
  Current step =0
  Current step =0
  Current step =0
  Current step =0
  Current step =0
  Current step =0
  Current step =0
  Current step =0
  Current step =0
  Current step =0
  Current step =0
  Current step =0
  Current step =0
  Current step =0
  Current step =0
  Current step =0
  Current step =0
  Current step =0
  Current step =0
  Current step =0
  Current step =0

Krylov solver
Norm of residual 3.26096e-17 at 21 iterations
Wall charge lower -1.252828428825221e-02 upper  1.252828428825528e-02
Fluid charge      -3.096481404618601e-16 total  2.766016582445019e-15
  Current step =0
  Current step =0
  Current step =0
  Current step =0
  Current step =0
  Current step =0
  Current step =0
  Current step =0
  Current step =0
  Current step =0
  Current step =0
  Current step =0
  Current step =0
  Current step =0
  Current step =0
  Current step =0
  Current step =0
  Current step =0
  Current step =0
  Current step =0
  Current step =0
  Current step =0
  Current step =0
  Current step =0
  Current step =0
  Current step =0
  Current step =0
  Current step =0
  Current step =0
  Current step =0
  Current step =0
  Current step =0
  Current step =0
  Current step =0
  Current step =0
  Current step =0
  Current step =0
  Current step =0
  Current step =0
  Current step =0
  Current step =0
  Current step =0
  Current step =0
  Current step =0
  Current step =0
  Current step =0
  Current step =0
  Current step =0
  Current step =0
  Current step =0

Krylov solver
Norm of residual 3.26096e-17 at 21 iterations
Wall charge lower -1.253742063976302e-02 upper  1.253742063976604e-02
Fluid charge      -2.209604027525458e-16 total  2.797458445447099e-15
  Current step =0
  Current step =0
  Current step =0
  Current step =0
  Current step =0
  Current step =0
  Current step =0
  Current step =0
  Current step =0
  Current step =0
  Current step =0
  Current step =0
  Current step =0
  Current step =0
  Current step =0
  Current step =0
  Current step =0
  Current step =0
  Current step =0
  Current step =0
  Current step =0
  Current step =0
  Current step =0
  Current step =0
  Current step =0
  Current step =0
  Current step =0
  Current step =0
  Current step =0
  Current step =0
  Current step =0
  Current step =0
  Current step =0
  Current step =0
  Current step =0
  Current step =0
  Current step =0
  Current step =0
  Current step =0
  Current step =0
  Current step =0
  Current step =0
  Current step =0
  Current step =0
  Current step =0
  Current step =0
  Current step =0
  Current step =0
  Current step =0
  Current step =0

Krylov solver
Norm of residual 3.26096e-17 at 21 iterations
Wall charge lower -1.254644711956447e-02 upper  1.254644711956758e-02
Fluid charge      -3.662434938656034e-16 total  2.749319868988742e-15
  Current step =0
  Current step =0
  Current step =0
  Current step =0
  Current step =0
  Current step =0
  Current step =0
  Current step =0
  Current step =0
  Current step =0
  Current step =0
  Current step =0
  Current step =0
  Current step =0
  Current step =0
  Current step =0
  Current step =0
  Current step =0
  Current step =0
  Current step =0
  Current step =0
  Current step =0
  Current step =0
  Current step =0
  Current step =0
  Current step =0
  Current step =0
  Current step =0
  Current step =0
  Current step =0
  Current step =0
  Current step =0
  Current step =0
  Current step =0
  Current step =0
  Current step =0
  Current step =0
  Current step =0
  Current step =0
  Current step =0
  Current step =0
  Current step =0
  Current step =0
  Current step =0
  Current step =0
  Current step =0
  Current step =0
  Current step =0
  Current step =0
  Current step =0

Krylov solver
Norm of residual 3.26096e-17 at 21 iterations
Wall charge lower -1.255536504907466e-02 upper  1.255536504907782e-02
Fluid charge      -2.411265631607762e-16 total  2.916070163117013e-15
  Current step =0
  Current step =0
  Current step =0
  Current step =0
  Current step =0
  Current step =0
  Current step =0
  Current step =0
  Current step =0
  Current step =0
  Current step =0
  Current step =0
  Current step =0
  Current step =0
  Current step =0
  Current step =0
  Current step =0
  Current step =0
  Current step =0
  Current step =0
  Current step =0
  Current step =0
  Current step =0
  Current step =0
  Current step =0
  Current step =0
  Current step =0
  Current step =0
  Current step =0
  Current step =0
  Current step =0
  Current step =0
  Current step =0
  Current step =0
  Current step =0
  Current step =0
  Current step =0
  Current step =0
  Current step =0
  Current step =0
  Current step =0
  Current step =0
  Current step =0
  Current step =0
  Current step =0
  Current step =0
  Current step =0
  Current step =0
  Current step =0
  Current step =0

Krylov solver
Norm of residual 3.26096e-17 at 21 iterations
Wall charge lower -1.256417573381736e-02 upper  1.256417573382049e-02
Fluid charge      -2.725684261628558e-16 total  2.860342171451258e-15
  Current step =0
  Current step =0
  Current step =0
  Current step =0
  Current step =0
  Current step =0
  Current step =0
  Current step =0
  Current step =0
  Current step =0
  Current step =0
  Current step =0
  Current step =0
  Current step =0
  Current step =0
  Current step =0
  Current step =0
  Current step =0
  Current step =0
  Current step =0
  Current step =0
  Current step =0
  Current step =0
  Current step =0
  Current step =0
  Current step =0
  Current step =0
  Current step =0
  Current step =0
  Current step =0
  Current step =0
  Current step =0
  Current step =0
  Current step =0
  Current step =0
  Current step =0
  Current step =0
  Current step =0
  Current step =0
  Current step =0
  Current step =0
  Current step =0
  Current step =0
  Current step =0
  Current step =0
  Current step =0
  Current step =0
  Current step =0
  Current step =0
  Current step =0

Krylov solver
Norm of residual 3.26096e-17 at 21 iterations
Wall charge lower -1.257288046361228e-02 upper  1.257288046361552e-02
Fluid charge      -2.344045096913661e-16 total  3.009528390385263e-15
  Current step =0
  Current step =0
  Current step =0
  Current step =0
  Current step =0
  Current step =0
  Current step =0
  Current step =0
  Current step =0
  Current step =0
  Current step =0
  Current step =0
  Current step =0
  Current step =0
  Current step =0
  Current step =0
  Current step =0
  Current step =0
  Current step =0
  Current step =0
  Current step =0
  Current step =0
  Current step =0
  Current step =0
  Current step =0
  Current step =0
  Current step =0
  Current step =0
  Current step =0
  Current step =0
  Current step =0
  Current step =0
  Current step =0
  Current step =0
  Current step =0
  Current step =0
  Current step =0
  Current step =0
  Current step =0
  Current step =0
  Current step =0
  Current step =0
  Current step =0
  Current step =0
  Current step =0
  Current step =0
  Current step =0
  Current step =0
  Current step =0
  Current step =0

Krylov solver
Norm of residual 3.26096e-17 at 21 iterations
Wall charge lower -1.258148051276505e-02 upper  1.258148051276819e-02
Fluid charge      -3.573530360512223e-16 total  2.784231178942775e-15
  Current step =0
  Current step =0
  Current step =0
  Current step =0
  Current step =0
  Current step =0
  Current step =0
  Current step =0
  Current step =0
  Current step =0
  Current step =0
  Current step =0
  Current step =0
  Current step =0
  Current step =0
  Current step =0
  Current step =0
  Current step =0
  Current step =0
  Current step =0
  Current step =0
  Current step =0
  Current step =0
  Current step =0
  Current step =0
  Current step =0
  Current step =0
  Current step =0
  Current step =0
  Current step =0
  Current step =0
  Current step =0
  Current step =0
  Current step =0
  Current step =0
  Current step =0
  Current step =0
  Current step =0
  Current step =0
  Current step =0
  Current step =0
  Current step =0
  Current step =0
  Current step =0
  Current step =0
  Current step =0
  Current step =0
  Current step =0
  Current step =0
  Current step =0

Krylov solver
Norm of residual 3.26096e-17 at 21 iterations
Wall charge lower -1.258997714025286e-02 upper  1.258997714025580e-02
Fluid charge      -2.365729140363371e-16 total  2.705518101220328e-15
  Current step =0
  Current step =0
  Current step =0
  Current step =0
  Current step =0
  Current step =0
  Current step =0
  Current step =0
  Current step =0
  Current step =0
  Current step =0
  Current step =0
  Current step =0
  Current step =0
  Current step =0
  Current step =0
  Current step =0
  Current step =0
  Current step =0
  Current step =0
  Current step =0
  Current step =0
  Current step =0
  Current step =0
  Current step =0
  Current step =0
  Current step =0
  Current step =0
  Current step =0
  Current step =0
  Current step =0
  Current step =0
  Current step =0
  Current step =0
  Current step =0
  Current step =0
  Current step =0
  Current step =0
  Current step =0
  Current step =0
  Current step =0
  Current step =0
  Current step =0
  Current step =0
  Current step =0
  Current step =0
  Current step =0
  Current step =0
  Current step =0
  Current step =0

Krylov solver
Norm of residual 3.26096e-17 at 21 iterations
Wall charge lower -1.259837158990956e-02 upper  1.259837158991265e-02
Fluid charge      -2.851451713636877e-16 total  2.800927892399052e-15
  Current step =0
  Current step =0
  Current step =0
  Current step =0
  Current step =0
  Current step =0
  Current step =0
  Current step =0
  Current step =0
  Current step =0
  Current step =0
  Current step =0
  Current step =0
  Current step =0
  Current step =0
  Current step =0
  Current step =0
  Current step =0
  Current step =0
  Current step =0
  Current step =0
  Current step =0
  Current step =0
  Current step =0
  Current step =0
  Current step =0
  Current step =0
  Current step =0
  Current step =0
  Current step =0
  Current step =0
  Current step =0
  Current step =0
  Current step =0
  Current step =0
  Current step =0
  Current step =0
  Current step =0
  Current step =0
  Current step =0
  Current step =0
  Current step =0
  Current step =0
  Current step =0
  Current step =0
  Current step =0
  Current step =0
  Current step =0
  Current step =0
  Current step =0

Krylov solver
Norm of residual 3.26096e-17 at 21 iterations
Wall charge lower -1.260666509060766e-02 upper  1.260666509061088e-02
Fluid charge      -1.730386667286865e-16 total  3.043138657732314e-15
  Current step =0
  Current step =0
  Current step =0
  Current step =0
  Current step =0
  Current step =0
  Current step =0
  Current step =0
  Current step =0
  Current step =0
  Current step =0
  Current step =0
  Current step =0
  Current step =0
  Current step =0
  Current step =0
  Current step =0
  Current step =0
  Current step =0
  Current step =0
  Current step =0
  Current step =0
  Current step =0
  Current step =0
  Current step =0
  Current step =0
  Current step =0
  Current step =0
  Current step =0
  Current step =0
  Current step =0
  Current step =0
  Current step =0
  Current step =0
  Current step =0
  Current step =0
  Current step =0
  Current step =0
  Current step =0
  Current step =0
  Current step =0
  Current step =0
  Current step =0
  Current step =0
  Current step =0
  Current step =0
  Current step =0
  Current step =0
  Current step =0
  Current step =0

Krylov solver
Norm of residual 3.26096e-17 at 21 iterations
Wall charge lower -1.261485885643857e-02 upper  1.261485885644167e-02
Fluid charge      -2.946861504815601e-16 total  2.796591083709110e-15
  Current step =0
  Current step =0
  Current step =0
  Current step =0
  Current step =0
  Current step =0
  Current step =0
  Current step =0
  Current step =0
  Current step =0
  Current step =0
  Current step =0
  Current step =0
  Current step =0
  Current step =0
  Current step =0
  Current step =0
  Current step =0
  Current step =0
  Current step =0
  Current step =0
  Current step =0
  Current step =0
  Current step =0
  Current step =0
  Current step =0
  Current step =0
  Current step =0
  Current step =0
  Current step =0
  Current step =0
  Current step =0
  Current step =0
  Current step =0
  Current step =0
  Current step =0
  Current step =0
  Current step =0
  Current step =0
  Current step =0
  Current step =0
  Current step =0
  Current step =0
  Current step =0
  Current step =0
  Current step =0
  Current step =0
  Current step =0
  Current step =0
  Current step =0

Krylov solver
Norm of residual 3.26096e-17 at 21 iterations
Wall charge lower -1.262295408688976e-02 upper  1.262295408689301e-02
Fluid charge      -3.606056425686788e-16 total  2.892000874887835e-15
  Current step =0
  Current step =0
  Current step =0
  Current step =0
  Current step =0
  Current step =0
  Current step =0
  Current step =0
  Current step =0
  Current step =0
  Current step =0
  Current step =0
  Current step =0
  Current step =0
  Current step =0
  Current step =0
  Current step =0
  Current step =0
  Current step =0
  Current step =0
  Current step =0
  Current step =0
  Current step =0
  Current step =0
  Current step =0
  Current step =0
  Current step =0
  Current step =0
  Current step =0
  Current step =0
  Current step =0
  Current step =0
  Current step =0
  Current step =0
  Current step =0
  Current step =0
  Current step =0
  Current step =0
  Current step =0
  Current step =0
  Current step =0
  Current step =0
  Current step =0
  Current step =0
  Current step =0
  Current step =0
  Current step =0
  Current step =0
  Current step =0
  Current step =0

Krylov solver
Norm of residual 3.26096e-17 at 21 iterations
Wall charge lower -1.263095196702087e-02 upper  1.263095196702409e-02
Fluid charge      -4.566659550508945e-16 total  2.759511369410106e-15
  Current step =0
  Current step =0
  Current step =0
  Current step =0
  Current step =0
  Current step =0
  Current step =0
  Current step =0
  Current step =0
  Current step =0
  Current step =0
  Current step =0
  Current step =0
  Current step =0
  Current step =0
  Current step =0
  Current step =0
  Current step =0
  Current step =0
  Current step =0
  Current step =0
  Current step =0
  Current step =0
  Current step =0
  Current step =0
  Current step =0
  Current step =0
  Current step =0
  Current step =0
  Current step =0
  Current step =0
  Current step =0
  Current step =0
  Current step =0
  Current step =0
  Current step =0
  Current step =0
  Current step =0
  Current step =0
  Current step =0
  Current step =0
  Current step =0
  Current step =0
  Current step =0
  Current step =0
  Current step =0
  Current step =0
  Current step =0
  Current step =0
  Current step =0

Krylov solver
Norm of residual 3.26096e-17 at 21 iterations
Wall charge lower -1.263885366763754e-02 upper  1.263885366764100e-02
Fluid charge      -4.122136659789888e-16 total  3.046824945118765e-15
  Current step =0
  Current step =0
  Current step =0
  Current step =0
  Current step =0
  Current step =0
  Current step =0
  Current step =0
  Current step =0
  Current step =0
  Current step =0
  Current step =0
  Current step =0
  Current step =0
  Current step =0
  Current step =0
  Current step =0
  Current step =0
  Current step =0
  Current step =0
  Current step =0
  Current step =0
  Current step =0
  Current step =0
  Current step =0
  Current step =0
  Current step =0
  Current step =0
  Current step =0
  Current step =0
  Current step =0
  Current step =0
  Current step =0
  Current step =0
  Current step =0
  Current step =0
  Current step =0
  Current step =0
  Current step =0
  Current step =0
  Current step =0
  Current step =0
  Current step =0
  Current step =0
  Current step =0
  Current step =0
  Current step =0
  Current step =0
  Current step =0
  Current step =0

Krylov solver
Norm of residual 3.26096e-17 at 21 iterations
Wall charge lower -1.264666034546247e-02 upper  1.264666034546574e-02
Fluid charge      -5.360295540768334e-16 total  2.739128368567378e-15
  Current step =0
  Current step =0
  Current step =0
  Current step =0
  Current step =0
  Current step =0
  Current step =0
  Current step =0
  Current step =0
  Current step =0
  Current step =0
  Current step =0
  Current step =0
  Current step =0
  Current step =0
  Current step =0
  Current step =0
  Current step =0
  Current step =0
  Current step =0
  Current step =0
  Current step =0
  Current step =0
  Current step =0
  Current step =0
  Current step =0
  Current step =0
  Current step =0
  Current step =0
  Current step =0
  Current step =0
  Current step =0
  Current step =0
  Current step =0
  Current step =0
  Current step =0
  Current step =0
  Current step =0
  Current step =0
  Current step =0
  Current step =0
  Current step =0
  Current step =0
  Current step =0
  Current step =0
  Current step =0
  Current step =0
  Current step =0
  Current step =0
  Current step =0

Krylov solver
Norm of residual 3.26096e-17 at 21 iterations
Wall charge lower -1.265437314330486e-02 upper  1.265437314330819e-02
Fluid charge      -3.809886434114063e-16 total  2.941006813084179e-15
  Current step =0
  Current step =0
  Current step =0
  Current step =0
  Current step =0
  Current step =0
  Current step =0
  Current step =0
  Current step =0
  Current step =0
  Current step =0
  Current step =0
  Current step =0
  Current step =0
  Current step =0
  Current step =0
  Current step =0
  Current step =0
  Current step =0
  Current step =0
  Current step =0
  Current step =0
  Current step =0
  Current step =0
  Current step =0
  Current step =0
  Current step =0
  Current step =0
  Current step =0
  Current step =0
  Current step =0
  Current step =0
  Current step =0
  Current step =0
  Current step =0
  Current step =0
  Current step =0
  Current step =0
  Current step =0
  Current step =0
  Current step =0
  Current step =0
  Current step =0
  Current step =0
  Current step =0
  Current step =0
  Current step =0
  Current step =0
  Current step =0
  Current step =0

Krylov solver
Norm of residual 3.26096e-17 at 21 iterations
Wall charge lower -1.266199319022831e-02 upper  1.266199319023147e-02
Fluid charge      -3.744834303764932e-16 total  2.780978572425319e-15
  Current step =0
  Current step =0
  Current step =0
  Current step =0
  Current step =0
  Current step =0
  Current step =0
  Current step =0
  Current step =0
  Current step =0
  Current step =0
  Current step =0
  Current step =0
  Current step =0
  Current step =0
  Current step =0
  Current step =0
  Current step =0
  Current step =0
  Current step =0
  Current step =0
  Current step =0
  Current step =0
  Current step =0
  Current step =0
  Current step =0
  Current step =0
  Current step =0
  Current step =0
  Current step =0
  Current step =0
  Current step =0
  Current step =0
  Current step =0
  Current step =0
  Current step =0
  Current step =0
  Current step =0
  Current step =0
  Current step =0
  Current step =0
  Current step =0
  Current step =0
  Current step =0
  Current step =0
  Current step =0
  Current step =0
  Current step =0
  Current step =0
  Current step =0

Krylov solver
Norm of residual 3.26096e-17 at 21 iterations
Wall charge lower -1.266952160171520e-02 upper  1.266952160171874e-02
Fluid charge      -5.102255423716784e-16 total  3.025140901669054e-15
  Current step =0
  Current step =0
  Current step =0
  Current step =0
  Current step =0
  Current step =0
  Current step =0
  Current step =0
  Current step =0
  Current step =0
  Current step =0
  Current step =0
  Current step =0
  Current step =0
  Current step =0
  Current step =0
  Current step =0
  Current step =0
  Current step =0
  Current step =0
  Current step =0
  Current step =0
  Current step =0
  Current step =0
  Current step =0
  Current step =0
  Current step =0
  Current step =0
  Current step =0
  Current step =0
  Current step =0
  Current step =0
  Current step =0
  Current step =0
  Current step =0
  Current step =0
  Current step =0
  Current step =0
  Current step =0
  Current step =0
  Current step =0
  Current step =0
  Current step =0
  Current step =0
  Current step =0
  Current step =0
  Current step =0
  Current step =0
  Current step =0
  Current step =0

Krylov solver
Norm of residual 3.26096e-17 at 21 iterations
Wall charge lower -1.267695947983143e-02 upper  1.267695947983493e-02
Fluid charge      -4.716279450311944e-16 total  3.018635688634141e-15
  Current step =0

Scalars - total mean variance min max
[rho]        1216.00  1.00000000000  0.0000000e+00  1.00000000000  1.00000000000
[psi]  3.4000580e-15 -5.0000000e-02  5.0000000e-02
[rho]  1.7333335e+00  1.3296125e-03  1.4505014e-03
[rho]  1.7333335e+00  1.3296125e-03  1.4505014e-03
[elc] -4.6815850e-16 -1.2088889e-04  1.2088889e-04
[psi]  3.4000580e-15 -5.0000000e-02  5.0000000e-02
[rho]  1.7333335e+00  1.3296125e-03  1.4505014e-03
[rho]  1.7333335e+00  1.3296125e-03  1.4505014e-03
[elc] -4.6815850e-16 -1.2088889e-04  1.2088889e-04

Free energy density - timestep total fluid
[fed]          12000 -2.1053500175e-02 -2.1053500784e-02

Momentum - x y z
[total   ]  0.0000000e+00  0.0000000e+00  0.0000000e+00
[fluid   ]  0.0000000e+00  0.0000000e+00  0.0000000e+00
[walls   ]  0.0000000e+00  0.0000000e+00  0.0000000e+00

Completed cycle 12000
  Current step =0
  Current step =0
  Current step =0
  Current step =0
  Current step =0
  Current step =0
  Current step =0
  Current step =0
  Current step =0
  Current step =0
  Current step =0
  Current step =0
  Current step =0
  Current step =0
  Current step =0
  Current step =0
  Current step =0
  Current step =0
  Current step =0
  Current step =0
  Current step =0
  Current step =0
  Current step =0
  Current step =0
  Current step =0
  Current step =0
  Current step =0
  Current step =0
  Current step =0
  Current step =0
  Current step =0
  Current step =0
  Current step =0
  Current step =0
  Current step =0
  Current step =0
  Current step =0
  Current step =0
  Current step =0
  Current step =0
  Current step =0
  Current step =0
  Current step =0
  Current step =0
  Current step =0
  Current step =0
  Current step =0
  Current step =0
  Current step =0

Krylov solver
Norm of residual 3.26096e-17 at 21 iterations
Wall charge lower -1.268430791338654e-02 upper  1.268430791338986e-02
Fluid charge      -4.941793502188929e-16 total  2.831285553228646e-15
  Current step =0
  Current step =0
  Current step =0
  Current step =0
  Current step =0
  Current step =0
  Current step =0
  Current step =0
  Current step =0
  Current step =0
  Current step =0
  Current step =0
  Current step =0
  Current step =0
  Current step =0
  Current step =0
  Current step =0
  Current step =0
  Current step =0
  Current step =0
  Current step =0
  Current step =0
  Current step =0
  Current step =0
  Current step =0
  Current step =0
  Current step =0
  Current step =0
  Current step =0
  Current step =0
  Current step =0
  Current step =0
  Current step =0
  Current step =0
  Current step =0
  Current step =0
  Current step =0
  Current step =0
  Current step =0
  Current step =0
  Current step =0
  Current step =0
  Current step =0
  Current step =0
  Current step =0
  Current step =0
  Current step =0
  Current step =0
  Current step =0
  Current step =0

Krylov solver
Norm of residual 3.26097e-17 at 21 iterations
Wall charge lower -1.269156797809378e-02 upper  1.269156797809720e-02
Fluid charge      -5.260548940899668e-16 total  2.896554524012274e-15
  Current step =0
  Current step =0
  Current step =0
  Current step =0
  Current step =0
  Current step =0
  Current step =0
  Current step =0
  Current step =0
  Current step =0
  Current step =0
  Current step =0
  Current step =0
  Current step =0
  Current step =0
  Current step =0
  Current step =0
  Current step =0
  Current step =0
  Current step =0
  Current step =0
  Current step =0
  Current step =0
  Current step =0
  Current step =0
  Current step =0
  Current step =0
  Current step =0
  Current step =0
  Current step =0
  Current step =0
  Current step =0
  Current step =0
  Current step =0
  Current step =0
  Current step =0
  Current step =0
  Current step =0
  Current step =0
  Current step =0
  Current step =0
  Current step =0
  Current step =0
  Current step =0
  Current step =0
  Current step =0
  Current step =0
  Current step =0
  Current step =0
  Current step =0

Krylov solver
Norm of residual 3.26097e-17 at 21 iterations
Wall charge lower -1.269874073672782e-02 upper  1.269874073673107e-02
Fluid charge      -5.479557779741739e-16 total  2.699446569054409e-15
  Current step =0
  Current step =0
  Current step =0
  Current step =0
  Current step =0
  Current step =0
  Current step =0
  Current step =0
  Current step =0
  Current step =0
  Current step =0
  Current step =0
  Current step =0
  Current step =0
  Current step =0
  Current step =0
  Current step =0
  Current step =0
  Current step =0
  Current step =0
  Current step =0
  Current step =0
  Current step =0
  Current step =0
  Current step =0
  Current step =0
  Current step =0
  Current step =0
  Current step =0
  Current step =0
  Current step =0
  Current step =0
  Current step =0
  Current step =0
  Current step =0
  Current step =0
  Current step =0
  Current step =0
  Current step =0
  Current step =0
  Current step =0
  Current step =0
  Current step =0
  Current step =0
  Current step =0
  Current step =0
  Current step =0
  Current step =0
  Current step =0
  Current step =0

Krylov solver
Norm of residual 3.26097e-17 at 21 iterations
Wall charge lower -1.270582723927990e-02 upper  1.270582723928326e-02
Fluid charge      -3.929148673087468e-16 total  2.970713952610282e-15
  Current step =0
  Current step =0
  Current step =0
  Current step =0
  Current step =0
  Current step =0
  Current step =0
  Current step =0
  Current step =0
  Current step =0
  Current step =0
  Current step =0
  Current step =0
  Current step =0
  Current step =0
  Current step =0
  Current step =0
  Current step =0
  Current step =0
  Current step =0
  Current step =0
  Current step =0
  Current step =0
  Current step =0
  Current step =0
  Current step =0
  Current step =0
  Current step =0
  Current step =0
  Current step =0
  Current step =0
  Current step =0
  Current step =0
  Current step =0
  Current step =0
  Current step =0
  Current step =0
  Current step =0
  Current step =0
  Current step =0
  Current step =0
  Current step =0
  Current step =0
  Current step =0
  Current step =0
  Current step =0
  Current step =0
  Current step =0
  Current step =0
  Current step =0

Krylov solver
Norm of residual 3.26097e-17 at 21 iterations
Wall charge lower -1.271282852311218e-02 upper  1.271282852311544e-02
Fluid charge      -4.518954654919582e-16 total  2.805915222392485e-15
  Current step =0
  Current step =0
  Current step =0
  Current step =0
  Current step =0
  Current step =0
  Current step =0
  Current step =0
  Current step =0
  Current step =0
  Current step =0
  Current step =0
  Current step =0
  Current step =0
  Current step =0
  Current step =0
  Current step =0
  Current step =0
  Current step =0
  Current step =0
  Current step =0
  Current step =0
  Current step =0
  Current step =0
  Current step =0
  Current step =0
  Current step =0
  Current step =0
  Current step =0
  Current step =0
  Current step =0
  Current step =0
  Current step =0
  Current step =0
  Current step =0
  Current step =0
  Current step =0
  Current step =0
  Current step =0
  Current step =0
  Current step =0
  Current step =0
  Current step =0
  Current step =0
  Current step =0
  Current step =0
  Current step =0
  Current step =0
  Current step =0
  Current step =0

Krylov solver
Norm of residual 3.26097e-17 at 21 iterations
Wall charge lower -1.271974561310926e-02 upper  1.271974561311286e-02
Fluid charge      -4.436555289810684e-16 total  3.154160960194829e-15
  Current step =0
  Current step =0
  Current step =0
  Current step =0
  Current step =0
  Current step =0
  Current step =0
  Current step =0
  Current step =0
  Current step =0
  Current step =0
  Current step =0
  Current step =0
  Current step =0
  Current step =0
  Current step =0
  Current step =0
  Current step =0
  Current step =0
  Current step =0
  Current step =0
  Current step =0
  Current step =0
  Current step =0
  Current step =0
  Current step =0
  Current step =0
  Current step =0
  Current step =0
  Current step =0
  Current step =0
  Current step =0
  Current step =0
  Current step =0
  Current step =0
  Current step =0
  Current step =0
  Current step =0
  Current step =0
  Current step =0
  Current step =0
  Current step =0
  Current step =0
  Current step =0
  Current step =0
  Current step =0
  Current step =0
  Current step =0
  Current step =0
  Current step =0

Krylov solver
Norm of residual 3.26097e-17 at 21 iterations
Wall charge lower -1.272657952182864e-02 upper  1.272657952183202e-02
Fluid charge      -4.315124646492308e-16 total  2.954667760457497e-15
  Current step =0
  Current step =0
  Current step =0
  Current step =0
  Current step =0
  Current step =0
  Current step =0
  Current step =0
  Current step =0
  Current step =0
  Current step =0
  Current step =0
  Current step =0
  Current step =0
  Current step =0
  Current step =0
  Current step =0
  Current step =0
  Current step =0
  Current step =0
  Current step =0
  Current step =0
  Current step =0
  Current step =0
  Current step =0
  Current step =0
  Current step =0
  Current step =0
  Current step =0
  Current step =0
  Current step =0
  Current step =0
  Current step =0
  Current step =0
  Current step =0
  Current step =0
  Current step =0
  Current step =0
  Current step =0
  Current step =0
  Current step =0
  Current step =0
  Current step =0
  Current step =0
  Current step =0
  Current step =0
  Current step =0
  Current step =0
  Current step =0
  Current step =0

Krylov solver
Norm of residual 3.26097e-17 at 21 iterations
Wall charge lower -1.273333124964826e-02 upper  1.273333124965162e-02
Fluid charge      -4.208872833588728e-16 total  2.937537366132226e-15
  Current step =0
  Current step =0
  Current step =0
  Current step =0
  Current step =0
  Current step =0
  Current step =0
  Current step =0
  Current step =0
  Current step =0
  Current step =0
  Current step =0
  Current step =0
  Current step =0
  Current step =0
  Current step =0
  Current step =0
  Current step =0
  Current step =0
  Current step =0
  Current step =0
  Current step =0
  Current step =0
  Current step =0
  Current step =0
  Current step =0
  Current step =0
  Current step =0
  Current step =0
  Current step =0
  Current step =0
  Current step =0
  Current step =0
  Current step =0
  Current step =0
  Current step =0
  Current step =0
  Current step =0
  Current step =0
  Current step =0
  Current step =0
  Current step =0
  Current step =0
  Current step =0
  Current step =0
  Current step =0
  Current step =0
  Current step =0
  Current step =0
  Current step =0

Krylov solver
Norm of residual 3.26097e-17 at 21 iterations
Wall charge lower -1.274000178491397e-02 upper  1.274000178491745e-02
Fluid charge      -4.573164763543858e-16 total  3.022538816455089e-15
  Current step =0
  Current step =0
  Current step =0
  Current step =0
  Current step =0
  Current step =0
  Current step =0
  Current step =0
  Current step =0
  Current step =0
  Current step =0
  Current step =0
  Current step =0
  Current step =0
  Current step =0
  Current step =0
  Current step =0
  Current step =0
  Current step =0
  Current step =0
  Current step =0
  Current step =0
  Current step =0
  Current step =0
  Current step =0
  Current step =0
  Current step =0
  Current step =0
  Current step =0
  Current step =0
  Current step =0
  Current step =0
  Current step =0
  Current step =0
  Current step =0
  Current step =0
  Current step =0
  Current step =0
  Current step =0
  Current step =0
  Current step =0
  Current step =0
  Current step =0
  Current step =0
  Current step =0
  Current step =0
  Current step =0
  Current step =0
  Current step =0
  Current step =0

Krylov solver
Norm of residual 3.26097e-17 at 21 iterations
Wall charge lower -1.274659210408424e-02 upper  1.274659210408741e-02
Fluid charge      -5.026361271642799e-16 total  2.668438386921324e-15
  Current step =0
  Current step =0
  Current step =0
  Current step =0
  Current step =0
  Current step =0
  Current step =0
  Current step =0
  Current step =0
  Current step =0
  Current step =0
  Current step =0
  Current step =0
  Current step =0
  Current step =0
  Current step =0
  Current step =0
  Current step =0
  Current step =0
  Current step =0
  Current step =0
  Current step =0
  Current step =0
  Current step =0
  Current step =0
  Current step =0
  Current step =0
  Current step =0
  Current step =0
  Current step =0
  Current step =0
  Current step =0
  Current step =0
  Current step =0
  Current step =0
  Current step =0
  Current step =0
  Current step =0
  Current step =0
  Current step =0
  Current step =0
  Current step =0
  Current step =0
  Current step =0
  Current step =0
  Current step =0
  Current step =0
  Current step =0
  Current step =0
  Current step =0

Krylov solver
Norm of residual 3.26097e-17 at 21 iterations
Wall charge lower -1.275310317187164e-02 upper  1.275310317187514e-02
Fluid charge      -4.260914537868032e-16 total  3.069376350306463e-15
  Current step =0
  Current step =0
  Current step =0
  Current step =0
  Current step =0
  Current step =0
  Current step =0
  Current step =0
  Current step =0
  Current step =0
  Current step =0
  Current step =0
  Current step =0
  Current step =0
  Current step =0
  Current step =0
  Current step =0
  Current step =0
  Current step =0
  Current step =0
  Current step =0
  Current step =0
  Current step =0
  Current step =0
  Current step =0
  Current step =0
  Current step =0
  Current step =0
  Current step =0
  Current step =0
  Current step =0
  Current step =0
  Current step =0
  Current step =0
  Current step =0
  Current step =0
  Current step =0
  Current step =0
  Current step =0
  Current step =0
  Current step =0
  Current step =0
  Current step =0
  Current step =0
  Current step =0
  Current step =0
  Current step =0
  Current step =0
  Current step =0
  Current step =0

Krylov solver
Norm of residual 3.26097e-17 at 21 iterations
Wall charge lower -1.275953594138654e-02 upper  1.275953594138993e-02
Fluid charge      -4.228388472693467e-16 total  2.966810824789334e-15
  Current step =0
  Current step =0
  Current step =0
  Current step =0
  Current step =0
  Current step =0
  Current step =0
  Current step =0
  Current step =0
  Current step =0
  Current step =0
  Current step =0
  Current step =0
  Current step =0
  Current step =0
  Current step =0
  Current step =0
  Current step =0
  Current step =0
  Current step =0
  Current step =0
  Current step =0
  Current step =0
  Current step =0
  Current step =0
  Current step =0
  Current step =0
  Current step =0
  Current step =0
  Current step =0
  Current step =0
  Current step =0
  Current step =0
  Current step =0
  Current step =0
  Current step =0
  Current step =0
  Current step =0
  Current step =0
  Current step =0
  Current step =0
  Current step =0
  Current step =0
  Current step =0
  Current step =0
  Current step =0
  Current step =0
  Current step =0
  Current step =0
  Current step =0

Krylov solver
Norm of residual 3.26097e-17 at 21 iterations
Wall charge lower -1.276589135427465e-02 upper  1.276589135427794e-02
Fluid charge      -2.988061187370050e-16 total  2.993699038666975e-15
  Current step =0
  Current step =0
  Current step =0
  Current step =0
  Current step =0
  Current step =0
  Current step =0
  Current step =0
  Current step =0
  Current step =0
  Current step =0
  Current step =0
  Current step =0
  Current step =0
  Current step =0
  Current step =0
  Current step =0
  Current step =0
  Current step =0
  Current step =0
  Current step =0
  Current step =0
  Current step =0
  Current step =0
  Current step =0
  Current step =0
  Current step =0
  Current step =0
  Current step =0
  Current step =0
  Current step =0
  Current step =0
  Current step =0
  Current step =0
  Current step =0
  Current step =0
  Current step =0
  Current step =0
  Current step =0
  Current step =0
  Current step =0
  Current step =0
  Current step =0
  Current step =0
  Current step =0
  Current step =0
  Current step =0
  Current step =0
  Current step =0
  Current step =0

Krylov solver
Norm of residual 3.26097e-17 at 21 iterations
Wall charge lower -1.277217034085583e-02 upper  1.277217034085922e-02
Fluid charge      -4.143820703239598e-16 total  2.975267601734721e-15
  Current step =0
  Current step =0
  Current step =0
  Current step =0
  Current step =0
  Current step =0
  Current step =0
  Current step =0
  Current step =0
  Current step =0
  Current step =0
  Current step =0
  Current step =0
  Current step =0
  Current step =0
  Current step =0
  Current step =0
  Current step =0
  Current step =0
  Current step =0
  Current step =0
  Current step =0
  Current step =0
  Current step =0
  Current step =0
  Current step =0
  Current step =0
  Current step =0
  Current step =0
  Current step =0
  Current step =0
  Current step =0
  Current step =0
  Current step =0
  Current step =0
  Current step =0
  Current step =0
  Current step =0
  Current step =0
  Current step =0
  Current step =0
  Current step =0
  Current step =0
  Current step =0
  Current step =0
  Current step =0
  Current step =0
  Current step =0
  Current step =0
  Current step =0

Krylov solver
Norm of residual 3.26097e-17 at 21 iterations
Wall charge lower -1.277837382026079e-02 upper  1.277837382026422e-02
Fluid charge      -3.677613769070831e-16 total  3.070460552478949e-15
  Current step =0
  Current step =0
  Current step =0
  Current step =0
  Current step =0
  Current step =0
  Current step =0
  Current step =0
  Current step =0
  Current step =0
  Current step =0
  Current step =0
  Current step =0
  Current step =0
  Current step =0
  Current step =0
  Current step =0
  Current step =0
  Current step =0
  Current step =0
  Current step =0
  Current step =0
  Current step =0
  Current step =0
  Current step =0
  Current step =0
  Current step =0
  Current step =0
  Current step =0
  Current step =0
  Current step =0
  Current step =0
  Current step =0
  Current step =0
  Current step =0
  Current step =0
  Current step =0
  Current step =0
  Current step =0
  Current step =0
  Current step =0
  Current step =0
  Current step =0
  Current step =0
  Current step =0
  Current step =0
  Current step =0
  Current step =0
  Current step =0
  Current step =0

Krylov solver
Norm of residual 3.26097e-17 at 21 iterations
Wall charge lower -1.278450270056436e-02 upper  1.278450270056775e-02
Fluid charge      -5.204170427930421e-16 total  2.865763182313685e-15
  Current step =0
  Current step =0
  Current step =0
  Current step =0
  Current step =0
  Current step =0
  Current step =0
  Current step =0
  Current step =0
  Current step =0
  Current step =0
  Current step =0
  Current step =0
  Current step =0
  Current step =0
  Current step =0
  Current step =0
  Current step =0
  Current step =0
  Current step =0
  Current step =0
  Current step =0
  Current step =0
  Current step =0
  Current step =0
  Current step =0
  Current step =0
  Current step =0
  Current step =0
  Current step =0
  Current step =0
  Current step =0
  Current step =0
  Current step =0
  Current step =0
  Current step =0
  Current step =0
  Current step =0
  Current step =0
  Current step =0
  Current step =0
  Current step =0
  Current step =0
  Current step =0
  Current step =0
  Current step =0
  Current step =0
  Current step =0
  Current step =0
  Current step =0

Krylov solver
Norm of residual 3.26097e-17 at 21 iterations
Wall charge lower -1.279055787891969e-02 upper  1.279055787892320e-02
Fluid charge      -6.453171330633722e-16 total  2.860559011885755e-15
  Current step =0
  Current step =0
  Current step =0
  Current step =0
  Current step =0
  Current step =0
  Current step =0
  Current step =0
  Current step =0
  Current step =0
  Current step =0
  Current step =0
  Current step =0
  Current step =0
  Current step =0
  Current step =0
  Current step =0
  Current step =0
  Current step =0
  Current step =0
  Current step =0
  Current step =0
  Current step =0
  Current step =0
  Current step =0
  Current step =0
  Current step =0
  Current step =0
  Current step =0
  Current step =0
  Current step =0
  Current step =0
  Current step =0
  Current step =0
  Current step =0
  Current step =0
  Current step =0
  Current step =0
  Current step =0
  Current step =0
  Current step =0
  Current step =0
  Current step =0
  Current step =0
  Current step =0
  Current step =0
  Current step =0
  Current step =0
  Current step =0
  Current step =0

Krylov solver
Norm of residual 3.26097e-17 at 21 iterations
Wall charge lower -1.279654024168924e-02 upper  1.279654024169291e-02
Fluid charge      -4.666406150377611e-16 total  3.205768983605140e-15
  Current step =0
  Current step =0
  Current step =0
  Current step =0
  Current step =0
  Current step =0
  Current step =0
  Current step =0
  Current step =0
  Current step =0
  Current step =0
  Current step =0
  Current step =0
  Current step =0
  Current step =0
  Current step =0
  Current step =0
  Current step =0
  Current step =0
  Current step =0
  Current step =0
  Current step =0
  Current step =0
  Current step =0
  Current step =0
  Current step =0
  Current step =0
  Current step =0
  Current step =0
  Current step =0
  Current step =0
  Current step =0
  Current step =0
  Current step =0
  Current step =0
  Current step =0
  Current step =0
  Current step =0
  Current step =0
  Current step =0
  Current step =0
  Current step =0
  Current step =0
  Current step =0
  Current step =0
  Current step =0
  Current step =0
  Current step =0
  Current step =0
  Current step =0

Krylov solver
Norm of residual 3.26097e-17 at 21 iterations
Wall charge lower -1.280245066457451e-02 upper  1.280245066457798e-02
Fluid charge      -5.603156827405087e-16 total  2.914335439641036e-15
  Current step =0
  Current step =0
  Current step =0
  Current step =0
  Current step =0
  Current step =0
  Current step =0
  Current step =0
  Current step =0
  Current step =0
  Current step =0
  Current step =0
  Current step =0
  Current step =0
  Current step =0
  Current step =0
  Current step =0
  Current step =0
  Current step =0
  Current step =0
  Current step =0
  Current step =0
  Current step =0
  Current step =0
  Current step =0
  Current step =0
  Current step =0
  Current step =0
  Current step =0
  Current step =0
  Current step =0
  Current step =0
  Current step =0
  Current step =0
  Current step =0
  Current step =0
  Current step =0
  Current step =0
  Current step =0
  Current step =0
  Current step =0
  Current step =0
  Current step =0
  Current step =0
  Current step =0
  Current step =0
  Current step =0
  Current step =0
  Current step =0
  Current step =0

Krylov solver
Norm of residual 3.26097e-17 at 21 iterations
Wall charge lower -1.280829001274409e-02 upper  1.280829001274745e-02
Fluid charge      -4.996003610813204e-16 total  2.862293735361732e-15
  Current step =0
  Current step =0
  Current step =0
  Current step =0
  Current step =0
  Current step =0
  Current step =0
  Current step =0
  Current step =0
  Current step =0
  Current step =0
  Current step =0
  Current step =0
  Current step =0
  Current step =0
  Current step =0
  Current step =0
  Current step =0
  Current step =0
  Current step =0
  Current step =0
  Current step =0
  Current step =0
  Current step =0
  Current step =0
  Current step =0
  Current step =0
  Current step =0
  Current step =0
  Current step =0
  Current step =0
  Current step =0
  Current step =0
  Current step =0
  Current step =0
  Current step =0
  Current step =0
  Current step =0
  Current step =0
  Current step =0
  Current step =0
  Current step =0
  Current step =0
  Current step =0
  Current step =0
  Current step =0
  Current step =0
  Current step =0
  Current step =0
  Current step =0

Krylov solver
Norm of residual 3.26097e-17 at 21 iterations
Wall charge lower -1.281405914096094e-02 upper  1.281405914096432e-02
Fluid charge      -4.336808689942018e-16 total  2.952499356112526e-15
  Current step =0
  Current step =0
  Current step =0
  Current step =0
  Current step =0
  Current step =0
  Current step =0
  Current step =0
  Current step =0
  Current step =0
  Current step =0
  Current step =0
  Current step =0
  Current step =0
  Current step =0
  Current step =0
  Current step =0
  Current step =0
  Current step =0
  Current step =0
  Current step =0
  Current step =0
  Current step =0
  Current step =0
  Current step =0
  Current step =0
  Current step =0
  Current step =0
  Current step =0
  Current step =0
  Current step =0
  Current step =0
  Current step =0
  Current step =0
  Current step =0
  Current step =0
  Current step =0
  Current step =0
  Current step =0
  Current step =0
  Current step =0
  Current step =0
  Current step =0
  Current step =0
  Current step =0
  Current step =0
  Current step =0
  Current step =0
  Current step =0
  Current step =0

Krylov solver
Norm of residual 3.26097e-17 at 21 iterations
Wall charge lower -1.281975889370723e-02 upper  1.281975889371079e-02
Fluid charge      -6.288372600415926e-16 total  2.934284759614769e-15
  Current step =0
  Current step =0
  Current step =0
  Current step =0
  Current step =0
  Current step =0
  Current step =0
  Current step =0
  Current step =0
  Current step =0
  Current step =0
  Current step =0
  Current step =0
  Current step =0
  Current step =0
  Current step =0
  Current step =0
  Current step =0
  Current step =0
  Current step =0
  Current step =0
  Current step =0
  Current step =0
  Current step =0
  Current step =0
  Current step =0
  Current step =0
  Current step =0
  Current step =0
  Current step =0
  Current step =0
  Current step =0
  Current step =0
  Current step =0
  Current step =0
  Current step =0
  Current step =0
  Current step =0
  Current step =0
  Current step =0
  Current step =0
  Current step =0
  Current step =0
  Current step =0
  Current step =0
  Current step =0
  Current step =0
  Current step =0
  Current step =0
  Current step =0

Krylov solver
Norm of residual 3.26097e-17 at 21 iterations
Wall charge lower -1.282539010530760e-02 upper  1.282539010531122e-02
Fluid charge      -5.880712583561376e-16 total  3.034031359483436e-15
  Current step =0
  Current step =0
  Current step =0
  Current step =0
  Current step =0
  Current step =0
  Current step =0
  Current step =0
  Current step =0
  Current step =0
  Current step =0
  Current step =0
  Current step =0
  Current step =0
  Current step =0
  Current step =0
  Current step =0
  Current step =0
  Current step =0
  Current step =0
  Current step =0
  Current step =0
  Current step =0
  Current step =0
  Current step =0
  Current step =0
  Current step =0
  Current step =0
  Current step =0
  Current step =0
  Current step =0
  Current step =0
  Current step =0
  Current step =0
  Current step =0
  Current step =0
  Current step =0
  Current step =0
  Current step =0
  Current step =0
  Current step =0
  Current step =0
  Current step =0
  Current step =0
  Current step =0
  Current step =0
  Current step =0
  Current step =0
  Current step =0
  Current step =0

Krylov solver
Norm of residual 3.26097e-17 at 21 iterations
Wall charge lower -1.283095360005245e-02 upper  1.283095360005609e-02
Fluid charge      -5.078402975922103e-16 total  3.131609555007131e-15
  Current step =0
  Current step =0
  Current step =0
  Current step =0
  Current step =0
  Current step =0
  Current step =0
  Current step =0
  Current step =0
  Current step =0
  Current step =0
  Current step =0
  Current step =0
  Current step =0
  Current step =0
  Current step =0
  Current step =0
  Current step =0
  Current step =0
  Current step =0
  Current step =0
  Current step =0
  Current step =0
  Current step =0
  Current step =0
  Current step =0
  Current step =0
  Current step =0
  Current step =0
  Current step =0
  Current step =0
  Current step =0
  Current step =0
  Current step =0
  Current step =0
  Current step =0
  Current step =0
  Current step =0
  Current step =0
  Current step =0
  Current step =0
  Current step =0
  Current step =0
  Current step =0
  Current step =0
  Current step =0
  Current step =0
  Current step =0
  Current step =0
  Current step =0

Krylov solver
Norm of residual 3.26097e-17 at 21 iterations
Wall charge lower -1.283645019231752e-02 upper  1.283645019232107e-02
Fluid charge      -6.201636426617085e-16 total  2.929080589186839e-15
  Current step =0
  Current step =0
  Current step =0
  Current step =0
  Current step =0
  Current step =0
  Current step =0
  Current step =0
  Current step =0
  Current step =0
  Current step =0
  Current step =0
  Current step =0
  Current step =0
  Current step =0
  Current step =0
  Current step =0
  Current step =0
  Current step =0
  Current step =0
  Current step =0
  Current step =0
  Current step =0
  Current step =0
  Current step =0
  Current step =0
  Current step =0
  Current step =0
  Current step =0
  Current step =0
  Current step =0
  Current step =0
  Current step =0
  Current step =0
  Current step =0
  Current step =0
  Current step =0
  Current step =0
  Current step =0
  Current step =0
  Current step =0
  Current step =0
  Current step =0
  Current step =0
  Current step =0
  Current step =0
  Current step =0
  Current step =0
  Current step =0
  Current step =0

Krylov solver
Norm of residual 3.26097e-17 at 21 iterations
Wall charge lower -1.284188068668354e-02 upper  1.284188068668702e-02
Fluid charge      -5.863365348801608e-16 total  2.898722928357245e-15
  Current step =0
  Current step =0
  Current step =0
  Current step =0
  Current step =0
  Current step =0
  Current step =0
  Current step =0
  Current step =0
  Current step =0
  Current step =0
  Current step =0
  Current step =0
  Current step =0
  Current step =0
  Current step =0
  Current step =0
  Current step =0
  Current step =0
  Current step =0
  Current step =0
  Current step =0
  Current step =0
  Current step =0
  Current step =0
  Current step =0
  Current step =0
  Current step =0
  Current step =0
  Current step =0
  Current step =0
  Current step =0
  Current step =0
  Current step =0
  Current step =0
  Current step =0
  Current step =0
  Current step =0
  Current step =0
  Current step =0
  Current step =0
  Current step =0
  Current step =0
  Current step =0
  Current step =0
  Current step =0
  Current step =0
  Current step =0
  Current step =0
  Current step =0

Krylov solver
Norm of residual 3.26097e-17 at 21 iterations
Wall charge lower -1.284724587805451e-02 upper  1.284724587805792e-02
Fluid charge      -5.585809592645319e-16 total  2.850150671029894e-15
  Current step =0
  Current step =0
  Current step =0
  Current step =0
  Current step =0
  Current step =0
  Current step =0
  Current step =0
  Current step =0
  Current step =0
  Current step =0
  Current step =0
  Current step =0
  Current step =0
  Current step =0
  Current step =0
  Current step =0
  Current step =0
  Current step =0
  Current step =0
  Current step =0
  Current step =0
  Current step =0
  Current step =0
  Current step =0
  Current step =0
  Current step =0
  Current step =0
  Current step =0
  Current step =0
  Current step =0
  Current step =0
  Current step =0
  Current step =0
  Current step =0
  Current step =0
  Current step =0
  Current step =0
  Current step =0
  Current step =0
  Current step =0
  Current step =0
  Current step =0
  Current step =0
  Current step =0
  Current step =0
  Current step =0
  Current step =0
  Current step =0
  Current step =0

Krylov solver
Norm of residual 3.26097e-17 at 21 iterations
Wall charge lower -1.285254655177323e-02 upper  1.285254655177661e-02
Fluid charge      -4.573164763543858e-16 total  2.921924854848434e-15
  Current step =0
  Current step =0
  Current step =0
  Current step =0
  Current step =0
  Current step =0
  Current step =0
  Current step =0
  Current step =0
  Current step =0
  Current step =0
  Current step =0
  Current step =0
  Current step =0
  Current step =0
  Current step =0
  Current step =0
  Current step =0
  Current step =0
  Current step =0
  Current step =0
  Current step =0
  Current step =0
  Current step =0
  Current step =0
  Current step =0
  Current step =0
  Current step =0
  Current step =0
  Current step =0
  Current step =0
  Current step =0
  Current step =0
  Current step =0
  Current step =0
  Current step =0
  Current step =0
  Current step =0
  Current step =0
  Current step =0
  Current step =0
  Current step =0
  Current step =0
  Current step =0
  Current step =0
  Current step =0
  Current step =0
  Current step =0
  Current step =0
  Current step =0

Krylov solver
Norm of residual 3.26097e-17 at 21 iterations
Wall charge lower -1.285778348373758e-02 upper  1.285778348374080e-02
Fluid charge      -5.332106284283711e-16 total  2.686436142984583e-15
  Current step =0
  Current step =0
  Current step =0
  Current step =0
  Current step =0
  Current step =0
  Current step =0
  Current step =0
  Current step =0
  Current step =0
  Current step =0
  Current step =0
  Current step =0
  Current step =0
  Current step =0
  Current step =0
  Current step =0
  Current step =0
  Current step =0
  Current step =0
  Current step =0
  Current step =0
  Current step =0
  Current step =0
  Current step =0
  Current step =0
  Current step =0
  Current step =0
  Current step =0
  Current step =0
  Current step =0
  Current step =0
  Current step =0
  Current step =0
  Current step =0
  Current step =0
  Current step =0
  Current step =0
  Current step =0
  Current step =0
  Current step =0
  Current step =0
  Current step =0
  Current step =0
  Current step =0
  Current step =0
  Current step =0
  Current step =0
  Current step =0
  Current step =0

Krylov solver
Norm of residual 3.26097e-17 at 21 iterations
Wall charge lower -1.286295744051224e-02 upper  1.286295744051560e-02
Fluid charge      -4.041905699025961e-16 total  2.955968803064479e-15
  Current step =0
  Current step =0
  Current step =0
  Current step =0
  Current step =0
  Current step =0
  Current step =0
  Current step =0
  Current step =0
  Current step =0
  Current step =0
  Current step =0
  Current step =0
  Current step =0
  Current step =0
  Current step =0
  Current step =0
  Current step =0
  Current step =0
  Current step =0
  Current step =0
  Current step =0
  Current step =0
  Current step =0
  Current step =0
  Current step =0
  Current step =0
  Current step =0
  Current step =0
  Current step =0
  Current step =0
  Current step =0
  Current step =0
  Current step =0
  Current step =0
  Current step =0
  Current step =0
  Current step =0
  Current step =0
  Current step =0
  Current step =0
  Current step =0
  Current step =0
  Current step =0
  Current step =0
  Current step =0
  Current step =0
  Current step =0
  Current step =0
  Current step =0

Krylov solver
Norm of residual 3.26097e-17 at 21 iterations
Wall charge lower -1.286806917944333e-02 upper  1.286806917944664e-02
Fluid charge      -4.423544863740858e-16 total  2.870967352741616e-15
  Current step =0
  Current step =0
  Current step =0
  Current step =0
  Current step =0
  Current step =0
  Current step =0
  Current step =0
  Current step =0
  Current step =0
  Current step =0
  Current step =0
  Current step =0
  Current step =0
  Current step =0
  Current step =0
  Current step =0
  Current step =0
  Current step =0
  Current step =0
  Current step =0
  Current step =0
  Current step =0
  Current step =0
  Current step =0
  Current step =0
  Current step =0
  Current step =0
  Current step =0
  Current step =0
  Current step =0
  Current step =0
  Current step =0
  Current step =0
  Current step =0
  Current step =0
  Current step =0
  Current step =0
  Current step =0
  Current step =0
  Current step =0
  Current step =0
  Current step =0
  Current step =0
  Current step =0
  Current step =0
  Current step =0
  Current step =0
  Current step =0
  Current step =0

Krylov solver
Norm of residual 3.26097e-17 at 21 iterations
Wall charge lower -1.287311944876710e-02 upper  1.287311944877048e-02
Fluid charge      -3.747002708109903e-16 total  3.008010507343784e-15
  Current step =0
  Current step =0
  Current step =0
  Current step =0
  Current step =0
  Current step =0
  Current step =0
  Current step =0
  Current step =0
  Current step =0
  Current step =0
  Current step =0
  Current step =0
  Current step =0
  Current step =0
  Current step =0
  Current step =0
  Current step =0
  Current step =0
  Current step =0
  Current step =0
  Current step =0
  Current step =0
  Current step =0
  Current step =0
  Current step =0
  Current step =0
  Current step =0
  Current step =0
  Current step =0
  Current step =0
  Current step =0
  Current step =0
  Current step =0
  Current step =0
  Current step =0
  Current step =0
  Current step =0
  Current step =0
  Current step =0
  Current step =0
  Current step =0
  Current step =0
  Current step =0
  Current step =0
  Current step =0
  Current step =0
  Current step =0
  Current step =0
  Current step =0

Krylov solver
Norm of residual 3.26097e-17 at 21 iterations
Wall charge lower -1.287810898772112e-02 upper  1.287810898772447e-02
Fluid charge      -3.616898447411643e-16 total  2.984591740418097e-15
  Current step =0
  Current step =0
  Current step =0
  Current step =0
  Current step =0
  Current step =0
  Current step =0
  Current step =0
  Current step =0
  Current step =0
  Current step =0
  Current step =0
  Current step =0
  Current step =0
  Current step =0
  Current step =0
  Current step =0
  Current step =0
  Current step =0
  Current step =0
  Current step =0
  Current step =0
  Current step =0
  Current step =0
  Current step =0
  Current step =0
  Current step =0
  Current step =0
  Current step =0
  Current step =0
  Current step =0
  Current step =0
  Current step =0
  Current step =0
  Current step =0
  Current step =0
  Current step =0
  Current step =0
  Current step =0
  Current step =0
  Current step =0
  Current step =0
  Current step =0
  Current step =0
  Current step =0
  Current step =0
  Current step =0
  Current step =0
  Current step =0
  Current step =0

Krylov solver
Norm of residual 3.26098e-17 at 21 iterations
Wall charge lower -1.288303852665140e-02 upper  1.288303852665481e-02
Fluid charge      -4.824699667560495e-16 total  2.927996387014353e-15
  Current step =0
  Current step =0
  Current step =0
  Current step =0
  Current step =0
  Current step =0
  Current step =0
  Current step =0
  Current step =0
  Current step =0
  Current step =0
  Current step =0
  Current step =0
  Current step =0
  Current step =0
  Current step =0
  Current step =0
  Current step =0
  Current step =0
  Current step =0
  Current step =0
  Current step =0
  Current step =0
  Current step =0
  Current step =0
  Current step =0
  Current step =0
  Current step =0
  Current step =0
  Current step =0
  Current step =0
  Current step =0
  Current step =0
  Current step =0
  Current step =0
  Current step =0
  Current step =0
  Current step =0
  Current step =0
  Current step =0
  Current step =0
  Current step =0
  Current step =0
  Current step =0
  Current step =0
  Current step =0
  Current step =0
  Current step =0
  Current step =0
  Current step =0

Krylov solver
Norm of residual 3.26098e-17 at 21 iterations
Wall charge lower -1.288790878712013e-02 upper  1.288790878712373e-02
Fluid charge      -5.368969158148218e-16 total  3.060919573361076e-15
  Current step =0
  Current step =0
  Current step =0
  Current step =0
  Current step =0
  Current step =0
  Current step =0
  Current step =0
  Current step =0
  Current step =0
  Current step =0
  Current step =0
  Current step =0
  Current step =0
  Current step =0
  Current step =0
  Current step =0
  Current step =0
  Current step =0
  Current step =0
  Current step =0
  Current step =0
  Current step =0
  Current step =0
  Current step =0
  Current step =0
  Current step =0
  Current step =0
  Current step =0
  Current step =0
  Current step =0
  Current step =0
  Current step =0
  Current step =0
  Current step =0
  Current step =0
  Current step =0
  Current step =0
  Current step =0
  Current step =0
  Current step =0
  Current step =0
  Current step =0
  Current step =0
  Current step =0
  Current step =0
  Current step =0
  Current step =0
  Current step =0
  Current step =0

Krylov solver
Norm of residual 3.26098e-17 at 21 iterations
Wall charge lower -1.289272048201120e-02 upper  1.289272048201447e-02
Fluid charge      -4.963477545638639e-16 total  2.771871274176441e-15
  Current step =0
  Current step =0
  Current step =0
  Current step =0
  Current step =0
  Current step =0
  Current step =0
  Current step =0
  Current step =0
  Current step =0
  Current step =0
  Current step =0
  Current step =0
  Current step =0
  Current step =0
  Current step =0
  Current step =0
  Current step =0
  Current step =0
  Current step =0
  Current step =0
  Current step =0
  Current step =0
  Current step =0
  Current step =0
  Current step =0
  Current step =0
  Current step =0
  Current step =0
  Current step =0
  Current step =0
  Current step =0
  Current step =0
  Current step =0
  Current step =0
  Current step =0
  Current step =0
  Current step =0
  Current step =0
  Current step =0
  Current step =0
  Current step =0
  Current step =0
  Current step =0
  Current step =0
  Current step =0
  Current step =0
  Current step =0
  Current step =0
  Current step =0

Krylov solver
Norm of residual 3.26098e-17 at 21 iterations
Wall charge lower -1.289747431563389e-02 upper  1.289747431563720e-02
Fluid charge      -3.564856743132339e-16 total  2.956836164802468e-15
  Current step =0
  Current step =0
  Current step =0
  Current step =0
  Current step =0
  Current step =0
  Current step =0
  Current step =0
  Current step =0
  Current step =0
  Current step =0
  Current step =0
  Current step =0
  Current step =0
  Current step =0
  Current step =0
  Current step =0
  Current step =0
  Current step =0
  Current step =0
  Current step =0
  Current step =0
  Current step =0
  Current step =0
  Current step =0
  Current step =0
  Current step =0
  Current step =0
  Current step =0
  Current step =0
  Current step =0
  Current step =0
  Current step =0
  Current step =0
  Current step =0
  Current step =0
  Current step =0
  Current step =0
  Current step =0
  Current step =0
  Current step =0
  Current step =0
  Current step =0
  Current step =0
  Current step =0
  Current step =0
  Current step =0
  Current step =0
  Current step =0
  Current step =0

Krylov solver
Norm of residual 3.26098e-17 at 21 iterations
Wall charge lower -1.290217098382688e-02 upper  1.290217098383037e-02
Fluid charge      -4.974319567363494e-16 total  2.991096953453010e-15
  Current step =0
  Current step =0
  Current step =0
  Current step =0
  Current step =0
  Current step =0
  Current step =0
  Current step =0
  Current step =0
  Current step =0
  Current step =0
  Current step =0
  Current step =0
  Current step =0
  Current step =0
  Current step =0
  Current step =0
  Current step =0
  Current step =0
  Current step =0
  Current step =0
  Current step =0
  Current step =0
  Current step =0
  Current step =0
  Current step =0
  Current step =0
  Current step =0
  Current step =0
  Current step =0
  Current step =0
  Current step =0
  Current step =0
  Current step =0
  Current step =0
  Current step =0
  Current step =0
  Current step =0
  Current step =0
  Current step =0
  Current step =0
  Current step =0
  Current step =0
  Current step =0
  Current step =0
  Current step =0
  Current step =0
  Current step =0
  Current step =0
  Current step =0

Krylov solver
Norm of residual 3.26098e-17 at 21 iterations
Wall charge lower -1.290681117406008e-02 upper  1.290681117406358e-02
Fluid charge      -6.461844948013606e-16 total  2.847548585815929e-15
  Current step =0
  Current step =0
  Current step =0
  Current step =0
  Current step =0
  Current step =0
  Current step =0
  Current step =0
  Current step =0
  Current step =0
  Current step =0
  Current step =0
  Current step =0
  Current step =0
  Current step =0
  Current step =0
  Current step =0
  Current step =0
  Current step =0
  Current step =0
  Current step =0
  Current step =0
  Current step =0
  Current step =0
  Current step =0
  Current step =0
  Current step =0
  Current step =0
  Current step =0
  Current step =0
  Current step =0
  Current step =0
  Current step =0
  Current step =0
  Current step =0
  Current step =0
  Current step =0
  Current step =0
  Current step =0
  Current step =0
  Current step =0
  Current step =0
  Current step =0
  Current step =0
  Current step =0
  Current step =0
  Current step =0
  Current step =0
  Current step =0
  Current step =0

Krylov solver
Norm of residual 3.26098e-17 at 21 iterations
Wall charge lower -1.291139556553464e-02 upper  1.291139556553810e-02
Fluid charge      -4.837710093630321e-16 total  2.983941219114605e-15
  Current step =0
  Current step =0
  Current step =0
  Current step =0
  Current step =0
  Current step =0
  Current step =0
  Current step =0
  Current step =0
  Current step =0
  Current step =0
  Current step =0
  Current step =0
  Current step =0
  Current step =0
  Current step =0
  Current step =0
  Current step =0
  Current step =0
  Current step =0
  Current step =0
  Current step =0
  Current step =0
  Current step =0
  Current step =0
  Current step =0
  Current step =0
  Current step =0
  Current step =0
  Current step =0
  Current step =0
  Current step =0
  Current step =0
  Current step =0
  Current step =0
  Current step =0
  Current step =0
  Current step =0
  Current step =0
  Current step =0
  Current step =0
  Current step =0
  Current step =0
  Current step =0
  Current step =0
  Current step =0
  Current step =0
  Current step =0
  Current step =0
  Current step =0

Krylov solver
Norm of residual 3.26098e-17 at 21 iterations
Wall charge lower -1.291592482928300e-02 upper  1.291592482928663e-02
Fluid charge      -5.646524914304507e-16 total  3.060919573361076e-15
  Current step =0
  Current step =0
  Current step =0
  Current step =0
  Current step =0
  Current step =0
  Current step =0
  Current step =0
  Current step =0
  Current step =0
  Current step =0
  Current step =0
  Current step =0
  Current step =0
  Current step =0
  Current step =0
  Current step =0
  Current step =0
  Current step =0
  Current step =0
  Current step =0
  Current step =0
  Current step =0
  Current step =0
  Current step =0
  Current step =0
  Current step =0
  Current step =0
  Current step =0
  Current step =0
  Current step =0
  Current step =0
  Current step =0
  Current step =0
  Current step =0
  Current step =0
  Current step =0
  Current step =0
  Current step =0
  Current step =0
  Current step =0
  Current step =0
  Current step =0
  Current step =0
  Current step =0
  Current step =0
  Current step =0
  Current step =0
  Current step =0
  Current step =0

Krylov solver
Norm of residual 3.26098e-17 at 21 iterations
Wall charge lower -1.292039962826702e-02 upper  1.292039962827068e-02
Fluid charge      -6.162605148407607e-16 total  3.042271295994325e-15
  Current step =0
  Current step =0
  Current step =0
  Current step =0
  Current step =0
  Current step =0
  Current step =0
  Current step =0
  Current step =0
  Current step =0
  Current step =0
  Current step =0
  Current step =0
  Current step =0
  Current step =0
  Current step =0
  Current step =0
  Current step =0
  Current step =0
  Current step =0
  Current step =0
  Current step =0
  Current step =0
  Current step =0
  Current step =0
  Current step =0
  Current step =0
  Current step =0
  Current step =0
  Current step =0
  Current step =0
  Current step =0
  Current step =0
  Current step =0
  Current step =0
  Current step =0
  Current step =0
  Current step =0
  Current step =0
  Current step =0
  Current step =0
  Current step =0
  Current step =0
  Current step =0
  Current step =0
  Current step =0
  Current step =0
  Current step =0
  Current step =0
  Current step =0

Krylov solver
Norm of residual 3.26098e-17 at 21 iterations
Wall charge lower -1.292482061747505e-02 upper  1.292482061747872e-02
Fluid charge      -6.192962809237201e-16 total  3.047909147291250e-15
  Current step =0
  Current step =0
  Current step =0
  Current step =0
  Current step =0
  Current step =0
  Current step =0
  Current step =0
  Current step =0
  Current step =0
  Current step =0
  Current step =0
  Current step =0
  Current step =0
  Current step =0
  Current step =0
  Current step =0
  Current step =0
  Current step =0
  Current step =0
  Current step =0
  Current step =0
  Current step =0
  Current step =0
  Current step =0
  Current step =0
  Current step =0
  Current step =0
  Current step =0
  Current step =0
  Current step =0
  Current step =0
  Current step =0
  Current step =0
  Current step =0
  Current step =0
  Current step =0
  Current step =0
  Current step =0
  Current step =0
  Current step =0
  Current step =0
  Current step =0
  Current step =0
  Current step =0
  Current step =0
  Current step =0
  Current step =0
  Current step =0
  Current step =0

Krylov solver
Norm of residual 3.26098e-17 at 21 iterations
Wall charge lower -1.292918844401755e-02 upper  1.292918844402101e-02
Fluid charge      -6.461844948013606e-16 total  2.812854116296393e-15
  Current step =0
  Current step =0
  Current step =0
  Current step =0
  Current step =0
  Current step =0
  Current step =0
  Current step =0
  Current step =0
  Current step =0
  Current step =0
  Current step =0
  Current step =0
  Current step =0
  Current step =0
  Current step =0
  Current step =0
  Current step =0
  Current step =0
  Current step =0
  Current step =0
  Current step =0
  Current step =0
  Current step =0
  Current step =0
  Current step =0
  Current step =0
  Current step =0
  Current step =0
  Current step =0
  Current step =0
  Current step =0
  Current step =0
  Current step =0
  Current step =0
  Current step =0
  Current step =0
  Current step =0
  Current step =0
  Current step =0
  Current step =0
  Current step =0
  Current step =0
  Current step =0
  Current step =0
  Current step =0
  Current step =0
  Current step =0
  Current step =0
  Current step =0

Krylov solver
Norm of residual 3.26098e-17 at 21 iterations
Wall charge lower -1.293350374722238e-02 upper  1.293350374722579e-02
Fluid charge      -6.069363761573854e-16 total  2.796591083709110e-15
  Current step =0
  Current step =0
  Current step =0
  Current step =0
  Current step =0
  Current step =0
  Current step =0
  Current step =0
  Current step =0
  Current step =0
  Current step =0
  Current step =0
  Current step =0
  Current step =0
  Current step =0
  Current step =0
  Current step =0
  Current step =0
  Current step =0
  Current step =0
  Current step =0
  Current step =0
  Current step =0
  Current step =0
  Current step =0
  Current step =0
  Current step =0
  Current step =0
  Current step =0
  Current step =0
  Current step =0
  Current step =0
  Current step =0
  Current step =0
  Current step =0
  Current step =0
  Current step =0
  Current step =0
  Current step =0
  Current step =0
  Current step =0
  Current step =0
  Current step =0
  Current step =0
  Current step =0
  Current step =0
  Current step =0
  Current step =0
  Current step =0
  Current step =0

Krylov solver
Norm of residual 3.26098e-17 at 21 iterations
Wall charge lower -1.293776715872799e-02 upper  1.293776715873135e-02
Fluid charge      -5.217180854000247e-16 total  2.829767670187167e-15
  Current step =0
  Current step =0
  Current step =0
  Current step =0
  Current step =0
  Current step =0
  Current step =0
  Current step =0
  Current step =0
  Current step =0
  Current step =0
  Current step =0
  Current step =0
  Current step =0
  Current step =0
  Current step =0
  Current step =0
  Current step =0
  Current step =0
  Current step =0
  Current step =0
  Current step =0
  Current step =0
  Current step =0
  Current step =0
  Current step =0
  Current step =0
  Current step =0
  Current step =0
  Current step =0
  Current step =0
  Current step =0
  Current step =0
  Current step =0
  Current step =0
  Current step =0
  Current step =0
  Current step =0
  Current step =0
  Current step =0
  Current step =0
  Current step =0
  Current step =0
  Current step =0
  Current step =0
  Current step =0
  Current step =0
  Current step =0
  Current step =0
  Current step =0

Krylov solver
Norm of residual 3.26098e-17 at 21 iterations
Wall charge lower -1.294197930257589e-02 upper  1.294197930257943e-02
Fluid charge      -6.427150478494070e-16 total  2.896120843143279e-15
  Current step =0
  Current step =0
  Current step =0
  Current step =0
  Current step =0
  Current step =0
  Current step =0
  Current step =0
  Current step =0
  Current step =0
  Current step =0
  Current step =0
  Current step =0
  Current step =0
  Current step =0
  Current step =0
  Current step =0
  Current step =0
  Current step =0
  Current step =0
  Current step =0
  Current step =0
  Current step =0
  Current step =0
  Current step =0
  Current step =0
  Current step =0
  Current step =0
  Current step =0
  Current step =0
  Current step =0
  Current step =0
  Current step =0
  Current step =0
  Current step =0
  Current step =0
  Current step =0
  Current step =0
  Current step =0
  Current step =0
  Current step =0
  Current step =0
  Current step =0
  Current step =0
  Current step =0
  Current step =0
  Current step =0
  Current step =0
  Current step =0
  Current step =0

Krylov solver
Norm of residual 3.26098e-17 at 21 iterations
Wall charge lower -1.294614079530274e-02 upper  1.294614079530636e-02
Fluid charge      -6.262351748276274e-16 total  2.997602166487923e-15
  Current step =0
  Current step =0
  Current step =0
  Current step =0
  Current step =0
  Current step =0
  Current step =0
  Current step =0
  Current step =0
  Current step =0
  Current step =0
  Current step =0
  Current step =0
  Current step =0
  Current step =0
  Current step =0
  Current step =0
  Current step =0
  Current step =0
  Current step =0
  Current step =0
  Current step =0
  Current step =0
  Current step =0
  Current step =0
  Current step =0
  Current step =0
  Current step =0
  Current step =0
  Current step =0
  Current step =0
  Current step =0
  Current step =0
  Current step =0
  Current step =0
  Current step =0
  Current step =0
  Current step =0
  Current step =0
  Current step =0
  Current step =0
  Current step =0
  Current step =0
  Current step =0
  Current step =0
  Current step =0
  Current step =0
  Current step =0
  Current step =0
  Current step =0

Krylov solver
Norm of residual 3.26098e-17 at 21 iterations
Wall charge lower -1.295025224602981e-02 upper  1.295025224603336e-02
Fluid charge      -5.672545766444159e-16 total  2.988928549108039e-15
  Current step =0
  Current step =0
  Current step =0
  Current step =0
  Current step =0
  Current step =0
  Current step =0
  Current step =0
  Current step =0
  Current step =0
  Current step =0
  Current step =0
  Current step =0
  Current step =0
  Current step =0
  Current step =0
  Current step =0
  Current step =0
  Current step =0
  Current step =0
  Current step =0
  Current step =0
  Current step =0
  Current step =0
  Current step =0
  Current step =0
  Current step =0
  Current step =0
  Current step =0
  Current step =0
  Current step =0
  Current step =0
  Current step =0
  Current step =0
  Current step =0
  Current step =0
  Current step =0
  Current step =0
  Current step =0
  Current step =0
  Current step =0
  Current step =0
  Current step =0
  Current step =0
  Current step =0
  Current step =0
  Current step =0
  Current step =0
  Current step =0
  Current step =0

Krylov solver
Norm of residual 3.26098e-17 at 21 iterations
Wall charge lower -1.295431425655270e-02 upper  1.295431425655604e-02
Fluid charge      -5.533767888366015e-16 total  2.791170072846683e-15
  Current step =0
  Current step =0
  Current step =0
  Current step =0
  Current step =0
  Current step =0
  Current step =0
  Current step =0
  Current step =0
  Current step =0
  Current step =0
  Current step =0
  Current step =0
  Current step =0
  Current step =0
  Current step =0
  Current step =0
  Current step =0
  Current step =0
  Current step =0
  Current step =0
  Current step =0
  Current step =0
  Current step =0
  Current step =0
  Current step =0
  Current step =0
  Current step =0
  Current step =0
  Current step =0
  Current step =0
  Current step =0
  Current step =0
  Current step =0
  Current step =0
  Current step =0
  Current step =0
  Current step =0
  Current step =0
  Current step =0
  Current step =0
  Current step =0
  Current step =0
  Current step =0
  Current step =0
  Current step =0
  Current step =0
  Current step =0
  Current step =0
  Current step =0

Krylov solver
Norm of residual 3.26098e-17 at 21 iterations
Wall charge lower -1.295832742142845e-02 upper  1.295832742143184e-02
Fluid charge      -5.865533753146579e-16 total  2.804831020220000e-15
  Current step =0
  Current step =0
  Current step =0
  Current step =0
  Current step =0
  Current step =0
  Current step =0
  Current step =0
  Current step =0
  Current step =0
  Current step =0
  Current step =0
  Current step =0
  Current step =0
  Current step =0
  Current step =0
  Current step =0
  Current step =0
  Current step =0
  Current step =0
  Current step =0
  Current step =0
  Current step =0
  Current step =0
  Current step =0
  Current step =0
  Current step =0
  Current step =0
  Current step =0
  Current step =0
  Current step =0
  Current step =0
  Current step =0
  Current step =0
  Current step =0
  Current step =0
  Current step =0
  Current step =0
  Current step =0
  Current step =0
  Current step =0
  Current step =0
  Current step =0
  Current step =0
  Current step =0
  Current step =0
  Current step =0
  Current step =0
  Current step =0
  Current step =0

Krylov solver
Norm of residual 3.26098e-17 at 21 iterations
Wall charge lower -1.296229232806397e-02 upper  1.296229232806742e-02
Fluid charge      -4.757479132866393e-16 total  2.965943463051346e-15
  Current step =0
  Current step =0
  Current step =0
  Current step =0
  Current step =0
  Current step =0
  Current step =0
  Current step =0
  Current step =0
  Current step =0
  Current step =0
  Current step =0
  Current step =0
  Current step =0
  Current step =0
  Current step =0
  Current step =0
  Current step =0
  Current step =0
  Current step =0
  Current step =0
  Current step =0
  Current step =0
  Current step =0
  Current step =0
  Current step =0
  Current step =0
  Current step =0
  Current step =0
  Current step =0
  Current step =0
  Current step =0
  Current step =0
  Current step =0
  Current step =0
  Current step =0
  Current step =0
  Current step =0
  Current step =0
  Current step =0
  Current step =0
  Current step =0
  Current step =0
  Current step =0
  Current step =0
  Current step =0
  Current step =0
  Current step =0
  Current step =0
  Current step =0

Krylov solver
Norm of residual 3.26098e-17 at 21 iterations
Wall charge lower -1.296620955680175e-02 upper  1.296620955680512e-02
Fluid charge      -4.154662724964453e-16 total  2.962040335230398e-15
  Current step =0
  Current step =0
  Current step =0
  Current step =0
  Current step =0
  Current step =0
  Current step =0
  Current step =0
  Current step =0
  Current step =0
  Current step =0
  Current step =0
  Current step =0
  Current step =0
  Current step =0
  Current step =0
  Current step =0
  Current step =0
  Current step =0
  Current step =0
  Current step =0
  Current step =0
  Current step =0
  Current step =0
  Current step =0
  Current step =0
  Current step =0
  Current step =0
  Current step =0
  Current step =0
  Current step =0
  Current step =0
  Current step =0
  Current step =0
  Current step =0
  Current step =0
  Current step =0
  Current step =0
  Current step =0
  Current step =0
  Current step =0
  Current step =0
  Current step =0
  Current step =0
  Current step =0
  Current step =0
  Current step =0
  Current step =0
  Current step =0
  Current step =0

Krylov solver
Norm of residual 3.26098e-17 at 21 iterations
Wall charge lower -1.297007968100397e-02 upper  1.297007968100759e-02
Fluid charge      -5.767955557622884e-16 total  3.048776509029238e-15
  Current step =0
  Current step =0
  Current step =0
  Current step =0
  Current step =0
  Current step =0
  Current step =0
  Current step =0
  Current step =0
  Current step =0
  Current step =0
  Current step =0
  Current step =0
  Current step =0
  Current step =0
  Current step =0
  Current step =0
  Current step =0
  Current step =0
  Current step =0
  Current step =0
  Current step =0
  Current step =0
  Current step =0
  Current step =0
  Current step =0
  Current step =0
  Current step =0
  Current step =0
  Current step =0
  Current step =0
  Current step =0
  Current step =0
  Current step =0
  Current step =0
  Current step =0
  Current step =0
  Current step =0
  Current step =0
  Current step =0
  Current step =0
  Current step =0
  Current step =0
  Current step =0
  Current step =0
  Current step =0
  Current step =0
  Current step =0
  Current step =0
  Current step =0

Krylov solver
Norm of residual 3.26098e-17 at 21 iterations
Wall charge lower -1.297390326713750e-02 upper  1.297390326714089e-02
Fluid charge      -5.499073418846478e-16 total  2.838007606698056e-15
  Current step =0
  Current step =0
  Current step =0
  Current step =0
  Current step =0
  Current step =0
  Current step =0
  Current step =0
  Current step =0
  Current step =0
  Current step =0
  Current step =0
  Current step =0
  Current step =0
  Current step =0
  Current step =0
  Current step =0
  Current step =0
  Current step =0
  Current step =0
  Current step =0
  Current step =0
  Current step =0
  Current step =0
  Current step =0
  Current step =0
  Current step =0
  Current step =0
  Current step =0
  Current step =0
  Current step =0
  Current step =0
  Current step =0
  Current step =0
  Current step =0
  Current step =0
  Current step =0
  Current step =0
  Current step =0
  Current step =0
  Current step =0
  Current step =0
  Current step =0
  Current step =0
  Current step =0
  Current step =0
  Current step =0
  Current step =0
  Current step =0
  Current step =0

Krylov solver
Norm of residual 3.26098e-17 at 21 iterations
Wall charge lower -1.297768087485596e-02 upper  1.297768087485937e-02
Fluid charge      -6.028164079019405e-16 total  2.805915222392485e-15
  Current step =0
  Current step =0
  Current step =0
  Current step =0
  Current step =0
  Current step =0
  Current step =0
  Current step =0
  Current step =0
  Current step =0
  Current step =0
  Current step =0
  Current step =0
  Current step =0
  Current step =0
  Current step =0
  Current step =0
  Current step =0
  Current step =0
  Current step =0
  Current step =0
  Current step =0
  Current step =0
  Current step =0
  Current step =0
  Current step =0
  Current step =0
  Current step =0
  Current step =0
  Current step =0
  Current step =0
  Current step =0
  Current step =0
  Current step =0
  Current step =0
  Current step =0
  Current step =0
  Current step =0
  Current step =0
  Current step =0
  Current step =0
  Current step =0
  Current step =0
  Current step =0
  Current step =0
  Current step =0
  Current step =0
  Current step =0
  Current step =0
  Current step =0

Krylov solver
Norm of residual 3.26098e-17 at 21 iterations
Wall charge lower -1.298141305708230e-02 upper  1.298141305708585e-02
Fluid charge      -5.889386200941260e-16 total  2.955101441326491e-15
  Current step =0
  Current step =0
  Current step =0
  Current step =0
  Current step =0
  Current step =0
  Current step =0
  Current step =0
  Current step =0
  Current step =0
  Current step =0
  Current step =0
  Current step =0
  Current step =0
  Current step =0
  Current step =0
  Current step =0
  Current step =0
  Current step =0
  Current step =0
  Current step =0
  Current step =0
  Current step =0
  Current step =0
  Current step =0
  Current step =0
  Current step =0
  Current step =0
  Current step =0
  Current step =0
  Current step =0
  Current step =0
  Current step =0
  Current step =0
  Current step =0
  Current step =0
  Current step =0
  Current step =0
  Current step =0
  Current step =0
  Current step =0
  Current step =0
  Current step =0
  Current step =0
  Current step =0
  Current step =0
  Current step =0
  Current step =0
  Current step =0
  Current step =0

Krylov solver
Norm of residual 3.26098e-17 at 21 iterations
Wall charge lower -1.298510036008977e-02 upper  1.298510036009313e-02
Fluid charge      -5.956606735635361e-16 total  2.764498699403539e-15
  Current step =0
  Current step =0
  Current step =0
  Current step =0
  Current step =0
  Current step =0
  Current step =0
  Current step =0
  Current step =0
  Current step =0
  Current step =0
  Current step =0
  Current step =0
  Current step =0
  Current step =0
  Current step =0
  Current step =0
  Current step =0
  Current step =0
  Current step =0
  Current step =0
  Current step =0
  Current step =0
  Current step =0
  Current step =0
  Current step =0
  Current step =0
  Current step =0
  Current step =0
  Current step =0
  Current step =0
  Current step =0
  Current step =0
  Current step =0
  Current step =0
  Current step =0
  Current step =0
  Current step =0
  Current step =0
  Current step =0
  Current step =0
  Current step =0
  Current step =0
  Current step =0
  Current step =0
  Current step =0
  Current step =0
  Current step =0
  Current step =0
  Current step =0

Krylov solver
Norm of residual 3.26098e-17 at 21 iterations
Wall charge lower -1.298874332358119e-02 upper  1.298874332358466e-02
Fluid charge      -6.305719835175694e-16 total  2.840609691912022e-15
  Current step =0
  Current step =0
  Current step =0
  Current step =0
  Current step =0
  Current step =0
  Current step =0
  Current step =0
  Current step =0
  Current step =0
  Current step =0
  Current step =0
  Current step =0
  Current step =0
  Current step =0
  Current step =0
  Current step =0
  Current step =0
  Current step =0
  Current step =0
  Current step =0
  Current step =0
  Current step =0
  Current step =0
  Current step =0
  Current step =0
  Current step =0
  Current step =0
  Current step =0
  Current step =0
  Current step =0
  Current step =0
  Current step =0
  Current step =0
  Current step =0
  Current step =0
  Current step =0
  Current step =0
  Current step =0
  Current step =0
  Current step =0
  Current step =0
  Current step =0
  Current step =0
  Current step =0
  Current step =0
  Current step =0
  Current step =0
  Current step =0
  Current step =0

Krylov solver
Norm of residual 3.26098e-17 at 21 iterations
Wall charge lower -1.299234248076880e-02 upper  1.299234248077231e-02
Fluid charge      -6.700369425960417e-16 total  2.839308649305039e-15
  Current step =0
  Current step =0
  Current step =0
  Current step =0
  Current step =0
  Current step =0
  Current step =0
  Current step =0
  Current step =0
  Current step =0
  Current step =0
  Current step =0
  Current step =0
  Current step =0
  Current step =0
  Current step =0
  Current step =0
  Current step =0
  Current step =0
  Current step =0
  Current step =0
  Current step =0
  Current step =0
  Current step =0
  Current step =0
  Current step =0
  Current step =0
  Current step =0
  Current step =0
  Current step =0
  Current step =0
  Current step =0
  Current step =0
  Current step =0
  Current step =0
  Current step =0
  Current step =0
  Current step =0
  Current step =0
  Current step =0
  Current step =0
  Current step =0
  Current step =0
  Current step =0
  Current step =0
  Current step =0
  Current step =0
  Current step =0
  Current step =0
  Current step =0

Krylov solver
Norm of residual 3.26098e-17 at 21 iterations
Wall charge lower -1.299589835845220e-02 upper  1.299589835845585e-02
Fluid charge      -5.316927453868914e-16 total  3.118165448068311e-15
  Current step =0
  Current step =0
  Current step =0
  Current step =0
  Current step =0
  Current step =0
  Current step =0
  Current step =0
  Current step =0
  Current step =0
  Current step =0
  Current step =0
  Current step =0
  Current step =0
  Current step =0
  Current step =0
  Current step =0
  Current step =0
  Current step =0
  Current step =0
  Current step =0
  Current step =0
  Current step =0
  Current step =0
  Current step =0
  Current step =0
  Current step =0
  Current step =0
  Current step =0
  Current step =0
  Current step =0
  Current step =0
  Current step =0
  Current step =0
  Current step =0
  Current step =0
  Current step =0
  Current step =0
  Current step =0
  Current step =0
  Current step =0
  Current step =0
  Current step =0
  Current step =0
  Current step =0
  Current step =0
  Current step =0
  Current step =0
  Current step =0
  Current step =0

Krylov solver
Norm of residual 3.26098e-17 at 21 iterations
Wall charge lower -1.299941147709478e-02 upper  1.299941147709835e-02
Fluid charge      -5.551115123125783e-16 total  3.014949401247691e-15
  Current step =0
  Current step =0
  Current step =0
  Current step =0
  Current step =0
  Current step =0
  Current step =0
  Current step =0
  Current step =0
  Current step =0
  Current step =0
  Current step =0
  Current step =0
  Current step =0
  Current step =0
  Current step =0
  Current step =0
  Current step =0
  Current step =0
  Current step =0
  Current step =0
  Current step =0
  Current step =0
  Current step =0
  Current step =0
  Current step =0
  Current step =0
  Current step =0
  Current step =0
  Current step =0
  Current step =0
  Current step =0
  Current step =0
  Current step =0
  Current step =0
  Current step =0
  Current step =0
  Current step =0
  Current step =0
  Current step =0
  Current step =0
  Current step =0
  Current step =0
  Current step =0
  Current step =0
  Current step =0
  Current step =0
  Current step =0
  Current step =0
  Current step =0

Krylov solver
Norm of residual 3.26098e-17 at 21 iterations
Wall charge lower -1.300288235090105e-02 upper  1.300288235090457e-02
Fluid charge      -6.418476861114186e-16 total  2.879640970121500e-15
  Current step =0
  Current step =0
  Current step =0
  Current step =0
  Current step =0
  Current step =0
  Current step =0
  Current step =0
  Current step =0
  Current step =0
  Current step =0
  Current step =0
  Current step =0
  Current step =0
  Current step =0
  Current step =0
  Current step =0
  Current step =0
  Current step =0
  Current step =0
  Current step =0
  Current step =0
  Current step =0
  Current step =0
  Current step =0
  Current step =0
  Current step =0
  Current step =0
  Current step =0
  Current step =0
  Current step =0
  Current step =0
  Current step =0
  Current step =0
  Current step =0
  Current step =0
  Current step =0
  Current step =0
  Current step =0
  Current step =0
  Current step =0
  Current step =0
  Current step =0
  Current step =0
  Current step =0
  Current step =0
  Current step =0
  Current step =0
  Current step =0
  Current step =0

Krylov solver
Norm of residual 3.26098e-17 at 21 iterations
Wall charge lower -1.300631148789093e-02 upper  1.300631148789432e-02
Fluid charge      -6.776263578034403e-16 total  2.713758037731218e-15
  Current step =0
  Current step =0
  Current step =0
  Current step =0
  Current step =0
  Current step =0
  Current step =0
  Current step =0
  Current step =0
  Current step =0
  Current step =0
  Current step =0
  Current step =0
  Current step =0
  Current step =0
  Current step =0
  Current step =0
  Current step =0
  Current step =0
  Current step =0
  Current step =0
  Current step =0
  Current step =0
  Current step =0
  Current step =0
  Current step =0
  Current step =0
  Current step =0
  Current step =0
  Current step =0
  Current step =0
  Current step =0
  Current step =0
  Current step =0
  Current step =0
  Current step =0
  Current step =0
  Current step =0
  Current step =0
  Current step =0
  Current step =0
  Current step =0
  Current step =0
  Current step =0
  Current step =0
  Current step =0
  Current step =0
  Current step =0
  Current step =0
  Current step =0

Krylov solver
Norm of residual 3.26098e-17 at 21 iterations
Wall charge lower -1.300969938997440e-02 upper  1.300969938997799e-02
Fluid charge      -5.334274688628682e-16 total  3.050511232505215e-15
  Current step =0
  Current step =0
  Current step =0
  Current step =0
  Current step =0
  Current step =0
  Current step =0
  Current step =0
  Current step =0
  Current step =0
  Current step =0
  Current step =0
  Current step =0
  Current step =0
  Current step =0
  Current step =0
  Current step =0
  Current step =0
  Current step =0
  Current step =0
  Current step =0
  Current step =0
  Current step =0
  Current step =0
  Current step =0
  Current step =0
  Current step =0
  Current step =0
  Current step =0
  Current step =0
  Current step =0
  Current step =0
  Current step =0
  Current step =0
  Current step =0
  Current step =0
  Current step =0
  Current step =0
  Current step =0
  Current step =0
  Current step =0
  Current step =0
  Current step =0
  Current step =0
  Current step =0
  Current step =0
  Current step =0
  Current step =0
  Current step =0
  Current step =0

Krylov solver
Norm of residual 3.26098e-17 at 21 iterations
Wall charge lower -1.301304655302561e-02 upper  1.301304655302917e-02
Fluid charge      -5.750608322863116e-16 total  2.977652846514189e-15
  Current step =0
  Current step =0
  Current step =0
  Current step =0
  Current step =0
  Current step =0
  Current step =0
  Current step =0
  Current step =0
  Current step =0
  Current step =0
  Current step =0
  Current step =0
  Current step =0
  Current step =0
  Current step =0
  Current step =0
  Current step =0
  Current step =0
  Current step =0
  Current step =0
  Current step =0
  Current step =0
  Current step =0
  Current step =0
  Current step =0
  Current step =0
  Current step =0
  Current step =0
  Current step =0
  Current step =0
  Current step =0
  Current step =0
  Current step =0
  Current step =0
  Current step =0
  Current step =0
  Current step =0
  Current step =0
  Current step =0
  Current step =0
  Current step =0
  Current step =0
  Current step =0
  Current step =0
  Current step =0
  Current step =0
  Current step =0
  Current step =0
  Current step =0

Krylov solver
Norm of residual 3.26098e-17 at 21 iterations
Wall charge lower -1.301635346695469e-02 upper  1.301635346695835e-02
Fluid charge      -6.444497713253838e-16 total  3.019286209937633e-15
  Current step =0
  Current step =0
  Current step =0
  Current step =0
  Current step =0
  Current step =0
  Current step =0
  Current step =0
  Current step =0
  Current step =0
  Current step =0
  Current step =0
  Current step =0
  Current step =0
  Current step =0
  Current step =0
  Current step =0
  Current step =0
  Current step =0
  Current step =0
  Current step =0
  Current step =0
  Current step =0
  Current step =0
  Current step =0
  Current step =0
  Current step =0
  Current step =0
  Current step =0
  Current step =0
  Current step =0
  Current step =0
  Current step =0
  Current step =0
  Current step =0
  Current step =0
  Current step =0
  Current step =0
  Current step =0
  Current step =0
  Current step =0
  Current step =0
  Current step =0
  Current step =0
  Current step =0
  Current step =0
  Current step =0
  Current step =0
  Current step =0
  Current step =0

Krylov solver
Norm of residual 3.26098e-17 at 21 iterations
Wall charge lower -1.301962061577993e-02 upper  1.301962061578344e-02
Fluid charge      -6.754579534584693e-16 total  2.832152914966635e-15
  Current step =0
  Current step =0
  Current step =0
  Current step =0
  Current step =0
  Current step =0
  Current step =0
  Current step =0
  Current step =0
  Current step =0
  Current step =0
  Current step =0
  Current step =0
  Current step =0
  Current step =0
  Current step =0
  Current step =0
  Current step =0
  Current step =0
  Current step =0
  Current step =0
  Current step =0
  Current step =0
  Current step =0
  Current step =0
  Current step =0
  Current step =0
  Current step =0
  Current step =0
  Current step =0
  Current step =0
  Current step =0
  Current step =0
  Current step =0
  Current step =0
  Current step =0
  Current step =0
  Current step =0
  Current step =0
  Current step =0
  Current step =0
  Current step =0
  Current step =0
  Current step =0
  Current step =0
  Current step =0
  Current step =0
  Current step =0
  Current step =0
  Current step =0

Krylov solver
Norm of residual 3.26098e-17 at 21 iterations
Wall charge lower -1.302284847769830e-02 upper  1.302284847770180e-02
Fluid charge      -6.264520152621245e-16 total  2.869015788831142e-15
  Current step =0
  Current step =0
  Current step =0
  Current step =0
  Current step =0
  Current step =0
  Current step =0
  Current step =0
  Current step =0
  Current step =0
  Current step =0
  Current step =0
  Current step =0
  Current step =0
  Current step =0
  Current step =0
  Current step =0
  Current step =0
  Current step =0
  Current step =0
  Current step =0
  Current step =0
  Current step =0
  Current step =0
  Current step =0
  Current step =0
  Current step =0
  Current step =0
  Current step =0
  Current step =0
  Current step =0
  Current step =0
  Current step =0
  Current step =0
  Current step =0
  Current step =0
  Current step =0
  Current step =0
  Current step =0
  Current step =0
  Current step =0
  Current step =0
  Current step =0
  Current step =0
  Current step =0
  Current step =0
  Current step =0
  Current step =0
  Current step =0
  Current step =0

Krylov solver
Norm of residual 3.26098e-17 at 21 iterations
Wall charge lower -1.302603752515595e-02 upper  1.302603752515944e-02
Fluid charge      -6.806621238863997e-16 total  2.809601509778936e-15
  Current step =0
  Current step =0
  Current step =0
  Current step =0
  Current step =0
  Current step =0
  Current step =0
  Current step =0
  Current step =0
  Current step =0
  Current step =0
  Current step =0
  Current step =0
  Current step =0
  Current step =0
  Current step =0
  Current step =0
  Current step =0
  Current step =0
  Current step =0
  Current step =0
  Current step =0
  Current step =0
  Current step =0
  Current step =0
  Current step =0
  Current step =0
  Current step =0
  Current step =0
  Current step =0
  Current step =0
  Current step =0
  Current step =0
  Current step =0
  Current step =0
  Current step =0
  Current step =0
  Current step =0
  Current step =0
  Current step =0
  Current step =0
  Current step =0
  Current step =0
  Current step =0
  Current step =0
  Current step =0
  Current step =0
  Current step =0
  Current step =0
  Current step =0

Krylov solver
Norm of residual 3.26098e-17 at 21 iterations
Wall charge lower -1.302918822491696e-02 upper  1.302918822492039e-02
Fluid charge      -5.234528088760015e-16 total  2.900891332702216e-15
  Current step =0
  Current step =0
  Current step =0
  Current step =0
  Current step =0
  Current step =0
  Current step =0
  Current step =0
  Current step =0
  Current step =0
  Current step =0
  Current step =0
  Current step =0
  Current step =0
  Current step =0
  Current step =0
  Current step =0
  Current step =0
  Current step =0
  Current step =0
  Current step =0
  Current step =0
  Current step =0
  Current step =0
  Current step =0
  Current step =0
  Current step =0
  Current step =0
  Current step =0
  Current step =0
  Current step =0
  Current step =0
  Current step =0
  Current step =0
  Current step =0
  Current step =0
  Current step =0
  Current step =0
  Current step =0
  Current step =0
  Current step =0
  Current step =0
  Current step =0
  Current step =0
  Current step =0
  Current step =0
  Current step =0
  Current step =0
  Current step =0
  Current step =0

Krylov solver
Norm of residual 3.26098e-17 at 21 iterations
Wall charge lower -1.303230103813173e-02 upper  1.303230103813535e-02
Fluid charge      -6.416308456769215e-16 total  2.982206495638628e-15
  Current step =0
  Current step =0
  Current step =0
  Current step =0
  Current step =0
  Current step =0
  Current step =0
  Current step =0
  Current step =0
  Current step =0
  Current step =0
  Current step =0
  Current step =0
  Current step =0
  Current step =0
  Current step =0
  Current step =0
  Current step =0
  Current step =0
  Current step =0
  Current step =0
  Current step =0
  Current step =0
  Current step =0
  Current step =0
  Current step =0
  Current step =0
  Current step =0
  Current step =0
  Current step =0
  Current step =0
  Current step =0
  Current step =0
  Current step =0
  Current step =0
  Current step =0
  Current step =0
  Current step =0
  Current step =0
  Current step =0
  Current step =0
  Current step =0
  Current step =0
  Current step =0
  Current step =0
  Current step =0
  Current step =0
  Current step =0
  Current step =0
  Current step =0

Krylov solver
Norm of residual 3.26098e-17 at 21 iterations
Wall charge lower -1.303537642040517e-02 upper  1.303537642040870e-02
Fluid charge      -6.487865800153259e-16 total  2.888314587501384e-15
  Current step =0
  Current step =0
  Current step =0
  Current step =0
  Current step =0
  Current step =0
  Current step =0
  Current step =0
  Current step =0
  Current step =0
  Current step =0
  Current step =0
  Current step =0
  Current step =0
  Current step =0
  Current step =0
  Current step =0
  Current step =0
  Current step =0
  Current step =0
  Current step =0
  Current step =0
  Current step =0
  Current step =0
  Current step =0
  Current step =0
  Current step =0
  Current step =0
  Current step =0
  Current step =0
  Current step =0
  Current step =0
  Current step =0
  Current step =0
  Current step =0
  Current step =0
  Current step =0
  Current step =0
  Current step =0
  Current step =0
  Current step =0
  Current step =0
  Current step =0
  Current step =0
  Current step =0
  Current step =0
  Current step =0
  Current step =0
  Current step =0
  Current step =0

Krylov solver
Norm of residual 3.26098e-17 at 21 iterations
Wall charge lower -1.303841482186200e-02 upper  1.303841482186546e-02
Fluid charge      -5.132613084546378e-16 total  2.947512026119092e-15
  Current step =0
  Current step =0
  Current step =0
  Current step =0
  Current step =0
  Current step =0
  Current step =0
  Current step =0
  Current step =0
  Current step =0
  Current step =0
  Current step =0
  Current step =0
  Current step =0
  Current step =0
  Current step =0
  Current step =0
  Current step =0
  Current step =0
  Current step =0
  Current step =0
  Current step =0
  Current step =0
  Current step =0
  Current step =0
  Current step =0
  Current step =0
  Current step =0
  Current step =0
  Current step =0
  Current step =0
  Current step =0
  Current step =0
  Current step =0
  Current step =0
  Current step =0
  Current step =0
  Current step =0
  Current step =0
  Current step =0
  Current step =0
  Current step =0
  Current step =0
  Current step =0
  Current step =0
  Current step =0
  Current step =0
  Current step =0
  Current step =0
  Current step =0

Krylov solver
Norm of residual 3.26098e-17 at 21 iterations
Wall charge lower -1.304141668721420e-02 upper  1.304141668721762e-02
Fluid charge      -5.249706919174812e-16 total  2.899373449660736e-15
  Current step =0
  Current step =0
  Current step =0
  Current step =0
  Current step =0
  Current step =0
  Current step =0
  Current step =0
  Current step =0
  Current step =0
  Current step =0
  Current step =0
  Current step =0
  Current step =0
  Current step =0
  Current step =0
  Current step =0
  Current step =0
  Current step =0
  Current step =0
  Current step =0
  Current step =0
  Current step =0
  Current step =0
  Current step =0
  Current step =0
  Current step =0
  Current step =0
  Current step =0
  Current step =0
  Current step =0
  Current step =0
  Current step =0
  Current step =0
  Current step =0
  Current step =0
  Current step =0
  Current step =0
  Current step =0
  Current step =0
  Current step =0
  Current step =0
  Current step =0
  Current step =0
  Current step =0
  Current step =0
  Current step =0
  Current step =0
  Current step =0
  Current step =0

Krylov solver
Norm of residual 3.26098e-17 at 21 iterations
Wall charge lower -1.304438245582507e-02 upper  1.304438245582851e-02
Fluid charge      -5.906733435701028e-16 total  2.844079138863975e-15
  Current step =0
  Current step =0
  Current step =0
  Current step =0
  Current step =0
  Current step =0
  Current step =0
  Current step =0
  Current step =0
  Current step =0
  Current step =0
  Current step =0
  Current step =0
  Current step =0
  Current step =0
  Current step =0
  Current step =0
  Current step =0
  Current step =0
  Current step =0
  Current step =0
  Current step =0
  Current step =0
  Current step =0
  Current step =0
  Current step =0
  Current step =0
  Current step =0
  Current step =0
  Current step =0
  Current step =0
  Current step =0
  Current step =0
  Current step =0
  Current step =0
  Current step =0
  Current step =0
  Current step =0
  Current step =0
  Current step =0
  Current step =0
  Current step =0
  Current step =0
  Current step =0
  Current step =0
  Current step =0
  Current step =0
  Current step =0
  Current step =0
  Current step =0

Krylov solver
Norm of residual 3.26098e-17 at 21 iterations
Wall charge lower -1.304731256177382e-02 upper  1.304731256177728e-02
Fluid charge      -5.314759049523943e-16 total  2.937971047001220e-15
  Current step =0
  Current step =0
  Current step =0
  Current step =0
  Current step =0
  Current step =0
  Current step =0
  Current step =0
  Current step =0
  Current step =0
  Current step =0
  Current step =0
  Current step =0
  Current step =0
  Current step =0
  Current step =0
  Current step =0
  Current step =0
  Current step =0
  Current step =0
  Current step =0
  Current step =0
  Current step =0
  Current step =0
  Current step =0
  Current step =0
  Current step =0
  Current step =0
  Current step =0
  Current step =0
  Current step =0
  Current step =0
  Current step =0
  Current step =0
  Current step =0
  Current step =0
  Current step =0
  Current step =0
  Current step =0
  Current step =0
  Current step =0
  Current step =0
  Current step =0
  Current step =0
  Current step =0
  Current step =0
  Current step =0
  Current step =0
  Current step =0
  Current step =0

Krylov solver
Norm of residual 3.26098e-17 at 21 iterations
Wall charge lower -1.305020743391992e-02 upper  1.305020743392317e-02
Fluid charge      -5.130444680201407e-16 total  2.732623155532465e-15
  Current step =0
  Current step =0
  Current step =0
  Current step =0
  Current step =0
  Current step =0
  Current step =0
  Current step =0
  Current step =0
  Current step =0
  Current step =0
  Current step =0
  Current step =0
  Current step =0
  Current step =0
  Current step =0
  Current step =0
  Current step =0
  Current step =0
  Current step =0
  Current step =0
  Current step =0
  Current step =0
  Current step =0
  Current step =0
  Current step =0
  Current step =0
  Current step =0
  Current step =0
  Current step =0
  Current step =0
  Current step =0
  Current step =0
  Current step =0
  Current step =0
  Current step =0
  Current step =0
  Current step =0
  Current step =0
  Current step =0
  Current step =0
  Current step =0
  Current step =0
  Current step =0
  Current step =0
  Current step =0
  Current step =0
  Current step =0
  Current step =0
  Current step =0

Krylov solver
Norm of residual 3.26098e-17 at 21 iterations
Wall charge lower -1.305306749596436e-02 upper  1.305306749596767e-02
Fluid charge      -5.535936292710986e-16 total  2.761462933320580e-15
  Current step =0
  Current step =0
  Current step =0
  Current step =0
  Current step =0
  Current step =0
  Current step =0
  Current step =0
  Current step =0
  Current step =0
  Current step =0
  Current step =0
  Current step =0
  Current step =0
  Current step =0
  Current step =0
  Current step =0
  Current step =0
  Current step =0
  Current step =0
  Current step =0
  Current step =0
  Current step =0
  Current step =0
  Current step =0
  Current step =0
  Current step =0
  Current step =0
  Current step =0
  Current step =0
  Current step =0
  Current step =0
  Current step =0
  Current step =0
  Current step =0
  Current step =0
  Current step =0
  Current step =0
  Current step =0
  Current step =0
  Current step =0
  Current step =0
  Current step =0
  Current step =0
  Current step =0
  Current step =0
  Current step =0
  Current step =0
  Current step =0
  Current step =0

Krylov solver
Norm of residual 3.26098e-17 at 21 iterations
Wall charge lower -1.305589316651282e-02 upper  1.305589316651620e-02
Fluid charge      -4.820362858870553e-16 total  2.902409215743695e-15
  Current step =0
Writing distribution output at step 16000!
MPIIO wrote to dist-000016000.001-001
-       dist aggregated   0.569 MB in   0.004 seconds
-       dist wrote        0.569 MB in   0.001 seconds
-       dist rate         0.917 GB per second
Writing electrokinetic data at step 16000!
MPIIO wrote to psi-000016000.001-001
-        psi aggregated   0.030 MB in   0.000 seconds
-        psi wrote        0.030 MB in   0.000 seconds
-        psi rate         0.118 GB per second
MPIIO wrote to qsi-000016000.001-001
-        qsi aggregated   0.059 MB in   0.001 seconds
-        qsi wrote        0.059 MB in   0.000 seconds
-        qsi rate         0.194 GB per second
MPIIO wrote to efield-000016000.001-001
-     efield aggregated   0.087 MB in   0.001 seconds
-     efield wrote        0.087 MB in   0.000 seconds
-     efield rate         0.318 GB per second

Scalars - total mean variance min max
[rho]        1216.00  1.00000000000  0.0000000e+00  1.00000000000  1.00000000000
[psi]  6.2400000e+01  1.3747964e-19  1.0000000e-01
[rho]  1.7333335e+00  1.3276917e-03  1.4526094e-03
[rho]  1.7333335e+00  1.3276917e-03  1.4526094e-03
[elc] -4.6013540e-16 -1.2491766e-04  1.2491766e-04
[psi]  6.2400000e+01  1.3747964e-19  1.0000000e-01
[rho]  1.7333335e+00  1.3276917e-03  1.4526094e-03
[rho]  1.7333335e+00  1.3276917e-03  1.4526094e-03
[elc] -4.6013540e-16 -1.2491766e-04  1.2491766e-04

Free energy density - timestep total fluid
[fed]          16000 -2.1053486144e-02 -2.1053486383e-02

Momentum - x y z
[total   ]  0.0000000e+00  0.0000000e+00  0.0000000e+00
[fluid   ]  0.0000000e+00  0.0000000e+00  0.0000000e+00
[walls   ]  0.0000000e+00  0.0000000e+00  0.0000000e+00

Completed cycle 16000
  Current step =0
  Current step =0
  Current step =0
  Current step =0
  Current step =0
  Current step =0
  Current step =0
  Current step =0
  Current step =0
  Current step =0
  Current step =0
  Current step =0
  Current step =0
  Current step =0
  Current step =0
  Current step =0
  Current step =0
  Current step =0
  Current step =0
  Current step =0
  Current step =0
  Current step =0
  Current step =0
  Current step =0
  Current step =0
  Current step =0
  Current step =0
  Current step =0
  Current step =0
  Current step =0
  Current step =0
  Current step =0
  Current step =0
  Current step =0
  Current step =0
  Current step =0
  Current step =0
  Current step =0
  Current step =0
  Current step =0
  Current step =0
  Current step =0
  Current step =0
  Current step =0
  Current step =0
  Current step =0
  Current step =0
  Current step =0
  Current step =0

Krylov solver
Norm of residual 3.26098e-17 at 21 iterations
Wall charge lower -1.305868485913680e-02 upper  1.305868485914030e-02
Fluid charge      -4.172009959724221e-16 total  3.076532084644867e-15
  Current step =0
  Current step =0
  Current step =0
  Current step =0
  Current step =0
  Current step =0
  Current step =0
  Current step =0
  Current step =0
  Current step =0
  Current step =0
  Current step =0
  Current step =0
  Current step =0
  Current step =0
  Current step =0
  Current step =0
  Current step =0
  Current step =0
  Current step =0
  Current step =0
  Current step =0
  Current step =0
  Current step =0
  Current step =0
  Current step =0
  Current step =0
  Current step =0
  Current step =0
  Current step =0
  Current step =0
  Current step =0
  Current step =0
  Current step =0
  Current step =0
  Current step =0
  Current step =0
  Current step =0
  Current step =0
  Current step =0
  Current step =0
  Current step =0
  Current step =0
  Current step =0
  Current step =0
  Current step =0
  Current step =0
  Current step =0
  Current step =0
  Current step =0

Krylov solver
Norm of residual 3.26098e-17 at 21 iterations
Wall charge lower -1.306144298243406e-02 upper  1.306144298243741e-02
Fluid charge      -5.646524914304507e-16 total  2.785098540680764e-15
  Current step =0
  Current step =0
  Current step =0
  Current step =0
  Current step =0
  Current step =0
  Current step =0
  Current step =0
  Current step =0
  Current step =0
  Current step =0
  Current step =0
  Current step =0
  Current step =0
  Current step =0
  Current step =0
  Current step =0
  Current step =0
  Current step =0
  Current step =0
  Current step =0
  Current step =0
  Current step =0
  Current step =0
  Current step =0
  Current step =0
  Current step =0
  Current step =0
  Current step =0
  Current step =0
  Current step =0
  Current step =0
  Current step =0
  Current step =0
  Current step =0
  Current step =0
  Current step =0
  Current step =0
  Current step =0
  Current step =0
  Current step =0
  Current step =0
  Current step =0
  Current step =0
  Current step =0
  Current step =0
  Current step =0
  Current step =0
  Current step =0
  Current step =0

Krylov solver
Norm of residual 3.26098e-17 at 21 iterations
Wall charge lower -1.306416794008809e-02 upper  1.306416794009155e-02
Fluid charge      -4.180683577104105e-16 total  3.042704976863320e-15
  Current step =0
  Current step =0
  Current step =0
  Current step =0
  Current step =0
  Current step =0
  Current step =0
  Current step =0
  Current step =0
  Current step =0
  Current step =0
  Current step =0
  Current step =0
  Current step =0
  Current step =0
  Current step =0
  Current step =0
  Current step =0
  Current step =0
  Current step =0
  Current step =0
  Current step =0
  Current step =0
  Current step =0
  Current step =0
  Current step =0
  Current step =0
  Current step =0
  Current step =0
  Current step =0
  Current step =0
  Current step =0
  Current step =0
  Current step =0
  Current step =0
  Current step =0
  Current step =0
  Current step =0
  Current step =0
  Current step =0
  Current step =0
  Current step =0
  Current step =0
  Current step =0
  Current step =0
  Current step =0
  Current step =0
  Current step =0
  Current step =0
  Current step =0

Krylov solver
Norm of residual 3.26098e-17 at 21 iterations
Wall charge lower -1.306686013092808e-02 upper  1.306686013093132e-02
Fluid charge      -4.178515172759134e-16 total  2.815673041944855e-15
  Current step =0
  Current step =0
  Current step =0
  Current step =0
  Current step =0
  Current step =0
  Current step =0
  Current step =0
  Current step =0
  Current step =0
  Current step =0
  Current step =0
  Current step =0
  Current step =0
  Current step =0
  Current step =0
  Current step =0
  Current step =0
  Current step =0
  Current step =0
  Current step =0
  Current step =0
  Current step =0
  Current step =0
  Current step =0
  Current step =0
  Current step =0
  Current step =0
  Current step =0
  Current step =0
  Current step =0
  Current step =0
  Current step =0
  Current step =0
  Current step =0
  Current step =0
  Current step =0
  Current step =0
  Current step =0
  Current step =0
  Current step =0
  Current step =0
  Current step =0
  Current step =0
  Current step =0
  Current step =0
  Current step =0
  Current step =0
  Current step =0
  Current step =0

Krylov solver
Norm of residual 3.26098e-17 at 21 iterations
Wall charge lower -1.306951994898601e-02 upper  1.306951994898943e-02
Fluid charge      -4.176346768414163e-16 total  3.004974741260824e-15
  Current step =0
  Current step =0
  Current step =0
  Current step =0
  Current step =0
  Current step =0
  Current step =0
  Current step =0
  Current step =0
  Current step =0
  Current step =0
  Current step =0
  Current step =0
  Current step =0
  Current step =0
  Current step =0
  Current step =0
  Current step =0
  Current step =0
  Current step =0
  Current step =0
  Current step =0
  Current step =0
  Current step =0
  Current step =0
  Current step =0
  Current step =0
  Current step =0
  Current step =0
  Current step =0
  Current step =0
  Current step =0
  Current step =0
  Current step =0
  Current step =0
  Current step =0
  Current step =0
  Current step =0
  Current step =0
  Current step =0
  Current step =0
  Current step =0
  Current step =0
  Current step =0
  Current step =0
  Current step =0
  Current step =0
  Current step =0
  Current step =0
  Current step =0

Krylov solver
Norm of residual 3.26098e-17 at 21 iterations
Wall charge lower -1.307214778355571e-02 upper  1.307214778355909e-02
Fluid charge      -5.611830444784971e-16 total  2.814588839772370e-15
  Current step =0
  Current step =0
  Current step =0
  Current step =0
  Current step =0
  Current step =0
  Current step =0
  Current step =0
  Current step =0
  Current step =0
  Current step =0
  Current step =0
  Current step =0
  Current step =0
  Current step =0
  Current step =0
  Current step =0
  Current step =0
  Current step =0
  Current step =0
  Current step =0
  Current step =0
  Current step =0
  Current step =0
  Current step =0
  Current step =0
  Current step =0
  Current step =0
  Current step =0
  Current step =0
  Current step =0
  Current step =0
  Current step =0
  Current step =0
  Current step =0
  Current step =0
  Current step =0
  Current step =0
  Current step =0
  Current step =0
  Current step =0
  Current step =0
  Current step =0
  Current step =0
  Current step =0
  Current step =0
  Current step =0
  Current step =0
  Current step =0
  Current step =0

Krylov solver
Norm of residual 3.26099e-17 at 21 iterations
Wall charge lower -1.307474401924909e-02 upper  1.307474401925234e-02
Fluid charge      -4.614364446098307e-16 total  2.787700625894729e-15
  Current step =0
  Current step =0
  Current step =0
  Current step =0
  Current step =0
  Current step =0
  Current step =0
  Current step =0
  Current step =0
  Current step =0
  Current step =0
  Current step =0
  Current step =0
  Current step =0
  Current step =0
  Current step =0
  Current step =0
  Current step =0
  Current step =0
  Current step =0
  Current step =0
  Current step =0
  Current step =0
  Current step =0
  Current step =0
  Current step =0
  Current step =0
  Current step =0
  Current step =0
  Current step =0
  Current step =0
  Current step =0
  Current step =0
  Current step =0
  Current step =0
  Current step =0
  Current step =0
  Current step =0
  Current step =0
  Current step =0
  Current step =0
  Current step =0
  Current step =0
  Current step =0
  Current step =0
  Current step =0
  Current step =0
  Current step =0
  Current step =0
  Current step =0

Krylov solver
Norm of residual 3.26099e-17 at 21 iterations
Wall charge lower -1.307730903605265e-02 upper  1.307730903605586e-02
Fluid charge      -4.597017211338539e-16 total  2.746067262471286e-15
  Current step =0
  Current step =0
  Current step =0
  Current step =0
  Current step =0
  Current step =0
  Current step =0
  Current step =0
  Current step =0
  Current step =0
  Current step =0
  Current step =0
  Current step =0
  Current step =0
  Current step =0
  Current step =0
  Current step =0
  Current step =0
  Current step =0
  Current step =0
  Current step =0
  Current step =0
  Current step =0
  Current step =0
  Current step =0
  Current step =0
  Current step =0
  Current step =0
  Current step =0
  Current step =0
  Current step =0
  Current step =0
  Current step =0
  Current step =0
  Current step =0
  Current step =0
  Current step =0
  Current step =0
  Current step =0
  Current step =0
  Current step =0
  Current step =0
  Current step =0
  Current step =0
  Current step =0
  Current step =0
  Current step =0
  Current step =0
  Current step =0
  Current step =0

Krylov solver
Norm of residual 3.26099e-17 at 21 iterations
Wall charge lower -1.307984320938287e-02 upper  1.307984320938603e-02
Fluid charge      -3.172375556692586e-16 total  2.834755000180600e-15
  Current step =0
  Current step =0
  Current step =0
  Current step =0
  Current step =0
  Current step =0
  Current step =0
  Current step =0
  Current step =0
  Current step =0
  Current step =0
  Current step =0
  Current step =0
  Current step =0
  Current step =0
  Current step =0
  Current step =0
  Current step =0
  Current step =0
  Current step =0
  Current step =0
  Current step =0
  Current step =0
  Current step =0
  Current step =0
  Current step =0
  Current step =0
  Current step =0
  Current step =0
  Current step =0
  Current step =0
  Current step =0
  Current step =0
  Current step =0
  Current step =0
  Current step =0
  Current step =0
  Current step =0
  Current step =0
  Current step =0
  Current step =0
  Current step =0
  Current step =0
  Current step =0
  Current step =0
  Current step =0
  Current step =0
  Current step =0
  Current step =0
  Current step =0

Krylov solver
Norm of residual 3.26099e-17 at 21 iterations
Wall charge lower -1.308234691014155e-02 upper  1.308234691014472e-02
Fluid charge      -4.436555289810684e-16 total  2.725684261628558e-15
  Current step =0
  Current step =0
  Current step =0
  Current step =0
  Current step =0
  Current step =0
  Current step =0
  Current step =0
  Current step =0
  Current step =0
  Current step =0
  Current step =0
  Current step =0
  Current step =0
  Current step =0
  Current step =0
  Current step =0
  Current step =0
  Current step =0
  Current step =0
  Current step =0
  Current step =0
  Current step =0
  Current step =0
  Current step =0
  Current step =0
  Current step =0
  Current step =0
  Current step =0
  Current step =0
  Current step =0
  Current step =0
  Current step =0
  Current step =0
  Current step =0
  Current step =0
  Current step =0
  Current step =0
  Current step =0
  Current step =0
  Current step =0
  Current step =0
  Current step =0
  Current step =0
  Current step =0
  Current step =0
  Current step =0
  Current step =0
  Current step =0
  Current step =0

Krylov solver
Norm of residual 3.26099e-17 at 21 iterations
Wall charge lower -1.308482050476986e-02 upper  1.308482050477319e-02
Fluid charge      -3.844580903633599e-16 total  2.942741536560156e-15
  Current step =0
  Current step =0
  Current step =0
  Current step =0
  Current step =0
  Current step =0
  Current step =0
  Current step =0
  Current step =0
  Current step =0
  Current step =0
  Current step =0
  Current step =0
  Current step =0
  Current step =0
  Current step =0
  Current step =0
  Current step =0
  Current step =0
  Current step =0
  Current step =0
  Current step =0
  Current step =0
  Current step =0
  Current step =0
  Current step =0
  Current step =0
  Current step =0
  Current step =0
  Current step =0
  Current step =0
  Current step =0
  Current step =0
  Current step =0
  Current step =0
  Current step =0
  Current step =0
  Current step =0
  Current step =0
  Current step =0
  Current step =0
  Current step =0
  Current step =0
  Current step =0
  Current step =0
  Current step =0
  Current step =0
  Current step =0
  Current step =0
  Current step =0

Krylov solver
Norm of residual 3.26099e-17 at 21 iterations
Wall charge lower -1.308726435530237e-02 upper  1.308726435530569e-02
Fluid charge      -4.096115807650236e-16 total  2.907179705302632e-15
  Current step =0
  Current step =0
  Current step =0
  Current step =0
  Current step =0
  Current step =0
  Current step =0
  Current step =0
  Current step =0
  Current step =0
  Current step =0
  Current step =0
  Current step =0
  Current step =0
  Current step =0
  Current step =0
  Current step =0
  Current step =0
  Current step =0
  Current step =0
  Current step =0
  Current step =0
  Current step =0
  Current step =0
  Current step =0
  Current step =0
  Current step =0
  Current step =0
  Current step =0
  Current step =0
  Current step =0
  Current step =0
  Current step =0
  Current step =0
  Current step =0
  Current step =0
  Current step =0
  Current step =0
  Current step =0
  Current step =0
  Current step =0
  Current step =0
  Current step =0
  Current step =0
  Current step =0
  Current step =0
  Current step =0
  Current step =0
  Current step =0
  Current step =0

Krylov solver
Norm of residual 3.26099e-17 at 21 iterations
Wall charge lower -1.308967881941948e-02 upper  1.308967881942282e-02
Fluid charge      -5.054550528127422e-16 total  2.833887638442611e-15
  Current step =0
  Current step =0
  Current step =0
  Current step =0
  Current step =0
  Current step =0
  Current step =0
  Current step =0
  Current step =0
  Current step =0
  Current step =0
  Current step =0
  Current step =0
  Current step =0
  Current step =0
  Current step =0
  Current step =0
  Current step =0
  Current step =0
  Current step =0
  Current step =0
  Current step =0
  Current step =0
  Current step =0
  Current step =0
  Current step =0
  Current step =0
  Current step =0
  Current step =0
  Current step =0
  Current step =0
  Current step =0
  Current step =0
  Current step =0
  Current step =0
  Current step =0
  Current step =0
  Current step =0
  Current step =0
  Current step =0
  Current step =0
  Current step =0
  Current step =0
  Current step =0
  Current step =0
  Current step =0
  Current step =0
  Current step =0
  Current step =0
  Current step =0

Krylov solver
Norm of residual 3.26099e-17 at 21 iterations
Wall charge lower -1.309206425050003e-02 upper  1.309206425050339e-02
Fluid charge      -5.004677228193088e-16 total  2.866630544051674e-15
  Current step =0
  Current step =0
  Current step =0
  Current step =0
  Current step =0
  Current step =0
  Current step =0
  Current step =0
  Current step =0
  Current step =0
  Current step =0
  Current step =0
  Current step =0
  Current step =0
  Current step =0
  Current step =0
  Current step =0
  Current step =0
  Current step =0
  Current step =0
  Current step =0
  Current step =0
  Current step =0
  Current step =0
  Current step =0
  Current step =0
  Current step =0
  Current step =0
  Current step =0
  Current step =0
  Current step =0
  Current step =0
  Current step =0
  Current step =0
  Current step =0
  Current step =0
  Current step =0
  Current step =0
  Current step =0
  Current step =0
  Current step =0
  Current step =0
  Current step =0
  Current step =0
  Current step =0
  Current step =0
  Current step =0
  Current step =0
  Current step =0
  Current step =0

Krylov solver
Norm of residual 3.26099e-17 at 21 iterations
Wall charge lower -1.309442099767297e-02 upper  1.309442099767609e-02
Fluid charge      -3.972516759986888e-16 total  2.725250580759564e-15
  Current step =0
  Current step =0
  Current step =0
  Current step =0
  Current step =0
  Current step =0
  Current step =0
  Current step =0
  Current step =0
  Current step =0
  Current step =0
  Current step =0
  Current step =0
  Current step =0
  Current step =0
  Current step =0
  Current step =0
  Current step =0
  Current step =0
  Current step =0
  Current step =0
  Current step =0
  Current step =0
  Current step =0
  Current step =0
  Current step =0
  Current step =0
  Current step =0
  Current step =0
  Current step =0
  Current step =0
  Current step =0
  Current step =0
  Current step =0
  Current step =0
  Current step =0
  Current step =0
  Current step =0
  Current step =0
  Current step =0
  Current step =0
  Current step =0
  Current step =0
  Current step =0
  Current step =0
  Current step =0
  Current step =0
  Current step =0
  Current step =0
  Current step =0

Krylov solver
Norm of residual 3.26099e-17 at 21 iterations
Wall charge lower -1.309674940586870e-02 upper  1.309674940587209e-02
Fluid charge      -3.536667486647715e-16 total  3.035982923393910e-15
  Current step =0
  Current step =0
  Current step =0
  Current step =0
  Current step =0
  Current step =0
  Current step =0
  Current step =0
  Current step =0
  Current step =0
  Current step =0
  Current step =0
  Current step =0
  Current step =0
  Current step =0
  Current step =0
  Current step =0
  Current step =0
  Current step =0
  Current step =0
  Current step =0
  Current step =0
  Current step =0
  Current step =0
  Current step =0
  Current step =0
  Current step =0
  Current step =0
  Current step =0
  Current step =0
  Current step =0
  Current step =0
  Current step =0
  Current step =0
  Current step =0
  Current step =0
  Current step =0
  Current step =0
  Current step =0
  Current step =0
  Current step =0
  Current step =0
  Current step =0
  Current step =0
  Current step =0
  Current step =0
  Current step =0
  Current step =0
  Current step =0
  Current step =0

Krylov solver
Norm of residual 3.26099e-17 at 21 iterations
Wall charge lower -1.309904981586993e-02 upper  1.309904981587321e-02
Fluid charge      -4.427881672430800e-16 total  2.837573925829062e-15
  Current step =0
  Current step =0
  Current step =0
  Current step =0
  Current step =0
  Current step =0
  Current step =0
  Current step =0
  Current step =0
  Current step =0
  Current step =0
  Current step =0
  Current step =0
  Current step =0
  Current step =0
  Current step =0
  Current step =0
  Current step =0
  Current step =0
  Current step =0
  Current step =0
  Current step =0
  Current step =0
  Current step =0
  Current step =0
  Current step =0
  Current step =0
  Current step =0
  Current step =0
  Current step =0
  Current step =0
  Current step =0
  Current step =0
  Current step =0
  Current step =0
  Current step =0
  Current step =0
  Current step =0
  Current step =0
  Current step =0
  Current step =0
  Current step =0
  Current step =0
  Current step =0
  Current step =0
  Current step =0
  Current step =0
  Current step =0
  Current step =0
  Current step =0

Krylov solver
Norm of residual 3.26099e-17 at 21 iterations
Wall charge lower -1.310132256436021e-02 upper  1.310132256436343e-02
Fluid charge      -4.544975507059235e-16 total  2.768618667658984e-15
  Current step =0
  Current step =0
  Current step =0
  Current step =0
  Current step =0
  Current step =0
  Current step =0
  Current step =0
  Current step =0
  Current step =0
  Current step =0
  Current step =0
  Current step =0
  Current step =0
  Current step =0
  Current step =0
  Current step =0
  Current step =0
  Current step =0
  Current step =0
  Current step =0
  Current step =0
  Current step =0
  Current step =0
  Current step =0
  Current step =0
  Current step =0
  Current step =0
  Current step =0
  Current step =0
  Current step =0
  Current step =0
  Current step =0
  Current step =0
  Current step =0
  Current step =0
  Current step =0
  Current step =0
  Current step =0
  Current step =0
  Current step =0
  Current step =0
  Current step =0
  Current step =0
  Current step =0
  Current step =0
  Current step =0
  Current step =0
  Current step =0
  Current step =0

Krylov solver
Norm of residual 3.26099e-17 at 21 iterations
Wall charge lower -1.310356798397464e-02 upper  1.310356798397784e-02
Fluid charge      -3.209238430557093e-16 total  2.876171523169546e-15
  Current step =0
  Current step =0
  Current step =0
  Current step =0
  Current step =0
  Current step =0
  Current step =0
  Current step =0
  Current step =0
  Current step =0
  Current step =0
  Current step =0
  Current step =0
  Current step =0
  Current step =0
  Current step =0
  Current step =0
  Current step =0
  Current step =0
  Current step =0
  Current step =0
  Current step =0
  Current step =0
  Current step =0
  Current step =0
  Current step =0
  Current step =0
  Current step =0
  Current step =0
  Current step =0
  Current step =0
  Current step =0
  Current step =0
  Current step =0
  Current step =0
  Current step =0
  Current step =0
  Current step =0
  Current step =0
  Current step =0
  Current step =0
  Current step =0
  Current step =0
  Current step =0
  Current step =0
  Current step =0
  Current step =0
  Current step =0
  Current step =0
  Current step =0

Krylov solver
Norm of residual 3.26099e-17 at 21 iterations
Wall charge lower -1.310578640334800e-02 upper  1.310578640335126e-02
Fluid charge      -4.380176776841438e-16 total  2.823262457152254e-15
  Current step =0
  Current step =0
  Current step =0
  Current step =0
  Current step =0
  Current step =0
  Current step =0
  Current step =0
  Current step =0
  Current step =0
  Current step =0
  Current step =0
  Current step =0
  Current step =0
  Current step =0
  Current step =0
  Current step =0
  Current step =0
  Current step =0
  Current step =0
  Current step =0
  Current step =0
  Current step =0
  Current step =0
  Current step =0
  Current step =0
  Current step =0
  Current step =0
  Current step =0
  Current step =0
  Current step =0
  Current step =0
  Current step =0
  Current step =0
  Current step =0
  Current step =0
  Current step =0
  Current step =0
  Current step =0
  Current step =0
  Current step =0
  Current step =0
  Current step =0
  Current step =0
  Current step =0
  Current step =0
  Current step =0
  Current step =0
  Current step =0
  Current step =0

Krylov solver
Norm of residual 3.26099e-17 at 21 iterations
Wall charge lower -1.310797814716281e-02 upper  1.310797814716607e-02
Fluid charge      -4.150325916274511e-16 total  2.851451713636877e-15
  Current step =0
  Current step =0
  Current step =0
  Current step =0
  Current step =0
  Current step =0
  Current step =0
  Current step =0
  Current step =0
  Current step =0
  Current step =0
  Current step =0
  Current step =0
  Current step =0
  Current step =0
  Current step =0
  Current step =0
  Current step =0
  Current step =0
  Current step =0
  Current step =0
  Current step =0
  Current step =0
  Current step =0
  Current step =0
  Current step =0
  Current step =0
  Current step =0
  Current step =0
  Current step =0
  Current step =0
  Current step =0
  Current step =0
  Current step =0
  Current step =0
  Current step =0
  Current step =0
  Current step =0
  Current step =0
  Current step =0
  Current step =0
  Current step =0
  Current step =0
  Current step =0
  Current step =0
  Current step =0
  Current step =0
  Current step =0
  Current step =0
  Current step =0

Krylov solver
Norm of residual 3.26099e-17 at 21 iterations
Wall charge lower -1.311014353619672e-02 upper  1.311014353620005e-02
Fluid charge      -3.564856743132339e-16 total  2.974183399562236e-15
  Current step =0
  Current step =0
  Current step =0
  Current step =0
  Current step =0
  Current step =0
  Current step =0
  Current step =0
  Current step =0
  Current step =0
  Current step =0
  Current step =0
  Current step =0
  Current step =0
  Current step =0
  Current step =0
  Current step =0
  Current step =0
  Current step =0
  Current step =0
  Current step =0
  Current step =0
  Current step =0
  Current step =0
  Current step =0
  Current step =0
  Current step =0
  Current step =0
  Current step =0
  Current step =0
  Current step =0
  Current step =0
  Current step =0
  Current step =0
  Current step =0
  Current step =0
  Current step =0
  Current step =0
  Current step =0
  Current step =0
  Current step =0
  Current step =0
  Current step =0
  Current step =0
  Current step =0
  Current step =0
  Current step =0
  Current step =0
  Current step =0
  Current step =0

Krylov solver
Norm of residual 3.26099e-17 at 21 iterations
Wall charge lower -1.311228288737016e-02 upper  1.311228288737368e-02
Fluid charge      -4.338977094286989e-16 total  3.087590946804220e-15
  Current step =0
  Current step =0
  Current step =0
  Current step =0
  Current step =0
  Current step =0
  Current step =0
  Current step =0
  Current step =0
  Current step =0
  Current step =0
  Current step =0
  Current step =0
  Current step =0
  Current step =0
  Current step =0
  Current step =0
  Current step =0
  Current step =0
  Current step =0
  Current step =0
  Current step =0
  Current step =0
  Current step =0
  Current step =0
  Current step =0
  Current step =0
  Current step =0
  Current step =0
  Current step =0
  Current step =0
  Current step =0
  Current step =0
  Current step =0
  Current step =0
  Current step =0
  Current step =0
  Current step =0
  Current step =0
  Current step =0
  Current step =0
  Current step =0
  Current step =0
  Current step =0
  Current step =0
  Current step =0
  Current step =0
  Current step =0
  Current step =0
  Current step =0

Krylov solver
Norm of residual 3.26099e-17 at 21 iterations
Wall charge lower -1.311439651379211e-02 upper  1.311439651379536e-02
Fluid charge      -4.831204880595408e-16 total  2.771220752872949e-15
  Current step =0
  Current step =0
  Current step =0
  Current step =0
  Current step =0
  Current step =0
  Current step =0
  Current step =0
  Current step =0
  Current step =0
  Current step =0
  Current step =0
  Current step =0
  Current step =0
  Current step =0
  Current step =0
  Current step =0
  Current step =0
  Current step =0
  Current step =0
  Current step =0
  Current step =0
  Current step =0
  Current step =0
  Current step =0
  Current step =0
  Current step =0
  Current step =0
  Current step =0
  Current step =0
  Current step =0
  Current step =0
  Current step =0
  Current step =0
  Current step =0
  Current step =0
  Current step =0
  Current step =0
  Current step =0
  Current step =0
  Current step =0
  Current step =0
  Current step =0
  Current step =0
  Current step =0
  Current step =0
  Current step =0
  Current step =0
  Current step =0
  Current step =0

Krylov solver
Norm of residual 3.26099e-17 at 21 iterations
Wall charge lower -1.311648472480562e-02 upper  1.311648472480896e-02
Fluid charge      -6.195131213582172e-16 total  2.719829569897136e-15
  Current step =0
  Current step =0
  Current step =0
  Current step =0
  Current step =0
  Current step =0
  Current step =0
  Current step =0
  Current step =0
  Current step =0
  Current step =0
  Current step =0
  Current step =0
  Current step =0
  Current step =0
  Current step =0
  Current step =0
  Current step =0
  Current step =0
  Current step =0
  Current step =0
  Current step =0
  Current step =0
  Current step =0
  Current step =0
  Current step =0
  Current step =0
  Current step =0
  Current step =0
  Current step =0
  Current step =0
  Current step =0
  Current step =0
  Current step =0
  Current step =0
  Current step =0
  Current step =0
  Current step =0
  Current step =0
  Current step =0
  Current step =0
  Current step =0
  Current step =0
  Current step =0
  Current step =0
  Current step =0
  Current step =0
  Current step =0
  Current step =0
  Current step =0

Krylov solver
Norm of residual 3.26099e-17 at 21 iterations
Wall charge lower -1.311854782603419e-02 upper  1.311854782603781e-02
Fluid charge      -6.730727086790012e-16 total  2.945560462208618e-15
  Current step =0
  Current step =0
  Current step =0
  Current step =0
  Current step =0
  Current step =0
  Current step =0
  Current step =0
  Current step =0
  Current step =0
  Current step =0
  Current step =0
  Current step =0
  Current step =0
  Current step =0
  Current step =0
  Current step =0
  Current step =0
  Current step =0
  Current step =0
  Current step =0
  Current step =0
  Current step =0
  Current step =0
  Current step =0
  Current step =0
  Current step =0
  Current step =0
  Current step =0
  Current step =0
  Current step =0
  Current step =0
  Current step =0
  Current step =0
  Current step =0
  Current step =0
  Current step =0
  Current step =0
  Current step =0
  Current step =0
  Current step =0
  Current step =0
  Current step =0
  Current step =0
  Current step =0
  Current step =0
  Current step =0
  Current step =0
  Current step =0
  Current step =0

Krylov solver
Norm of residual 3.26099e-17 at 21 iterations
Wall charge lower -1.312058611942587e-02 upper  1.312058611942931e-02
Fluid charge      -7.147060721024445e-16 total  2.721781133807610e-15
  Current step =0
  Current step =0
  Current step =0
  Current step =0
  Current step =0
  Current step =0
  Current step =0
  Current step =0
  Current step =0
  Current step =0
  Current step =0
  Current step =0
  Current step =0
  Current step =0
  Current step =0
  Current step =0
  Current step =0
  Current step =0
  Current step =0
  Current step =0
  Current step =0
  Current step =0
  Current step =0
  Current step =0
  Current step =0
  Current step =0
  Current step =0
  Current step =0
  Current step =0
  Current step =0
  Current step =0
  Current step =0
  Current step =0
  Current step =0
  Current step =0
  Current step =0
  Current step =0
  Current step =0
  Current step =0
  Current step =0
  Current step =0
  Current step =0
  Current step =0
  Current step =0
  Current step =0
  Current step =0
  Current step =0
  Current step =0
  Current step =0
  Current step =0

Krylov solver
Norm of residual 3.26099e-17 at 21 iterations
Wall charge lower -1.312259990329695e-02 upper  1.312259990330054e-02
Fluid charge      -5.967448757360216e-16 total  2.988928549108039e-15
  Current step =0
  Current step =0
  Current step =0
  Current step =0
  Current step =0
  Current step =0
  Current step =0
  Current step =0
  Current step =0
  Current step =0
  Current step =0
  Current step =0
  Current step =0
  Current step =0
  Current step =0
  Current step =0
  Current step =0
  Current step =0
  Current step =0
  Current step =0
  Current step =0
  Current step =0
  Current step =0
  Current step =0
  Current step =0
  Current step =0
  Current step =0
  Current step =0
  Current step =0
  Current step =0
  Current step =0
  Current step =0
  Current step =0
  Current step =0
  Current step =0
  Current step =0
  Current step =0
  Current step =0
  Current step =0
  Current step =0
  Current step =0
  Current step =0
  Current step =0
  Current step =0
  Current step =0
  Current step =0
  Current step =0
  Current step =0
  Current step =0
  Current step =0

Krylov solver
Norm of residual 3.26099e-17 at 21 iterations
Wall charge lower -1.312458947237685e-02 upper  1.312458947238054e-02
Fluid charge      -6.849989325763417e-16 total  2.999553730398397e-15
  Current step =0
  Current step =0
  Current step =0
  Current step =0
  Current step =0
  Current step =0
  Current step =0
  Current step =0
  Current step =0
  Current step =0
  Current step =0
  Current step =0
  Current step =0
  Current step =0
  Current step =0
  Current step =0
  Current step =0
  Current step =0
  Current step =0
  Current step =0
  Current step =0
  Current step =0
  Current step =0
  Current step =0
  Current step =0
  Current step =0
  Current step =0
  Current step =0
  Current step =0
  Current step =0
  Current step =0
  Current step =0
  Current step =0
  Current step =0
  Current step =0
  Current step =0
  Current step =0
  Current step =0
  Current step =0
  Current step =0
  Current step =0
  Current step =0
  Current step =0
  Current step =0
  Current step =0
  Current step =0
  Current step =0
  Current step =0
  Current step =0
  Current step =0

Krylov solver
Norm of residual 3.26099e-17 at 21 iterations
Wall charge lower -1.312655511785045e-02 upper  1.312655511785390e-02
Fluid charge      -7.676151381197371e-16 total  2.684484579074109e-15
  Current step =0
  Current step =0
  Current step =0
  Current step =0
  Current step =0
  Current step =0
  Current step =0
  Current step =0
  Current step =0
  Current step =0
  Current step =0
  Current step =0
  Current step =0
  Current step =0
  Current step =0
  Current step =0
  Current step =0
  Current step =0
  Current step =0
  Current step =0
  Current step =0
  Current step =0
  Current step =0
  Current step =0
  Current step =0
  Current step =0
  Current step =0
  Current step =0
  Current step =0
  Current step =0
  Current step =0
  Current step =0
  Current step =0
  Current step =0
  Current step =0
  Current step =0
  Current step =0
  Current step =0
  Current step =0
  Current step =0
  Current step =0
  Current step =0
  Current step =0
  Current step =0
  Current step =0
  Current step =0
  Current step =0
  Current step =0
  Current step =0
  Current step =0

Krylov solver
Norm of residual 3.26099e-17 at 21 iterations
Wall charge lower -1.312849712740034e-02 upper  1.312849712740392e-02
Fluid charge      -6.555086334847360e-16 total  2.923225897455417e-15
  Current step =0
  Current step =0
  Current step =0
  Current step =0
  Current step =0
  Current step =0
  Current step =0
  Current step =0
  Current step =0
  Current step =0
  Current step =0
  Current step =0
  Current step =0
  Current step =0
  Current step =0
  Current step =0
  Current step =0
  Current step =0
  Current step =0
  Current step =0
  Current step =0
  Current step =0
  Current step =0
  Current step =0
  Current step =0
  Current step =0
  Current step =0
  Current step =0
  Current step =0
  Current step =0
  Current step =0
  Current step =0
  Current step =0
  Current step =0
  Current step =0
  Current step =0
  Current step =0
  Current step =0
  Current step =0
  Current step =0
  Current step =0
  Current step =0
  Current step =0
  Current step =0
  Current step =0
  Current step =0
  Current step =0
  Current step =0
  Current step =0
  Current step =0

Krylov solver
Norm of residual 3.26099e-17 at 21 iterations
Wall charge lower -1.313041578525013e-02 upper  1.313041578525383e-02
Fluid charge      -6.613633252161577e-16 total  3.038801849042372e-15
  Current step =0
  Current step =0
  Current step =0
  Current step =0
  Current step =0
  Current step =0
  Current step =0
  Current step =0
  Current step =0
  Current step =0
  Current step =0
  Current step =0
  Current step =0
  Current step =0
  Current step =0
  Current step =0
  Current step =0
  Current step =0
  Current step =0
  Current step =0
  Current step =0
  Current step =0
  Current step =0
  Current step =0
  Current step =0
  Current step =0
  Current step =0
  Current step =0
  Current step =0
  Current step =0
  Current step =0
  Current step =0
  Current step =0
  Current step =0
  Current step =0
  Current step =0
  Current step =0
  Current step =0
  Current step =0
  Current step =0
  Current step =0
  Current step =0
  Current step =0
  Current step =0
  Current step =0
  Current step =0
  Current step =0
  Current step =0
  Current step =0
  Current step =0

Krylov solver
Norm of residual 3.26099e-17 at 21 iterations
Wall charge lower -1.313231137220500e-02 upper  1.313231137220871e-02
Fluid charge      -5.460042140637000e-16 total  3.166304024526667e-15
  Current step =0
  Current step =0
  Current step =0
  Current step =0
  Current step =0
  Current step =0
  Current step =0
  Current step =0
  Current step =0
  Current step =0
  Current step =0
  Current step =0
  Current step =0
  Current step =0
  Current step =0
  Current step =0
  Current step =0
  Current step =0
  Current step =0
  Current step =0
  Current step =0
  Current step =0
  Current step =0
  Current step =0
  Current step =0
  Current step =0
  Current step =0
  Current step =0
  Current step =0
  Current step =0
  Current step =0
  Current step =0
  Current step =0
  Current step =0
  Current step =0
  Current step =0
  Current step =0
  Current step =0
  Current step =0
  Current step =0
  Current step =0
  Current step =0
  Current step =0
  Current step =0
  Current step =0
  Current step =0
  Current step =0
  Current step =0
  Current step =0
  Current step =0

Krylov solver
Norm of residual 3.26099e-17 at 21 iterations
Wall charge lower -1.313418416569357e-02 upper  1.313418416569699e-02
Fluid charge      -7.251144129583054e-16 total  2.695760281667958e-15
  Current step =0
  Current step =0
  Current step =0
  Current step =0
  Current step =0
  Current step =0
  Current step =0
  Current step =0
  Current step =0
  Current step =0
  Current step =0
  Current step =0
  Current step =0
  Current step =0
  Current step =0
  Current step =0
  Current step =0
  Current step =0
  Current step =0
  Current step =0
  Current step =0
  Current step =0
  Current step =0
  Current step =0
  Current step =0
  Current step =0
  Current step =0
  Current step =0
  Current step =0
  Current step =0
  Current step =0
  Current step =0
  Current step =0
  Current step =0
  Current step =0
  Current step =0
  Current step =0
  Current step =0
  Current step =0
  Current step =0
  Current step =0
  Current step =0
  Current step =0
  Current step =0
  Current step =0
  Current step =0
  Current step =0
  Current step =0
  Current step =0
  Current step =0

Krylov solver
Norm of residual 3.26099e-17 at 21 iterations
Wall charge lower -1.313603443980740e-02 upper  1.313603443981095e-02
Fluid charge      -6.552917930502389e-16 total  2.897421885750262e-15
  Current step =0
  Current step =0
  Current step =0
  Current step =0
  Current step =0
  Current step =0
  Current step =0
  Current step =0
  Current step =0
  Current step =0
  Current step =0
  Current step =0
  Current step =0
  Current step =0
  Current step =0
  Current step =0
  Current step =0
  Current step =0
  Current step =0
  Current step =0
  Current step =0
  Current step =0
  Current step =0
  Current step =0
  Current step =0
  Current step =0
  Current step =0
  Current step =0
  Current step =0
  Current step =0
  Current step =0
  Current step =0
  Current step =0
  Current step =0
  Current step =0
  Current step =0
  Current step =0
  Current step =0
  Current step =0
  Current step =0
  Current step =0
  Current step =0
  Current step =0
  Current step =0
  Current step =0
  Current step =0
  Current step =0
  Current step =0
  Current step =0
  Current step =0

Krylov solver
Norm of residual 3.26099e-17 at 21 iterations
Wall charge lower -1.313786246534281e-02 upper  1.313786246534634e-02
Fluid charge      -7.706509042026966e-16 total  2.757776645934129e-15
  Current step =0
  Current step =0
  Current step =0
  Current step =0
  Current step =0
  Current step =0
  Current step =0
  Current step =0
  Current step =0
  Current step =0
  Current step =0
  Current step =0
  Current step =0
  Current step =0
  Current step =0
  Current step =0
  Current step =0
  Current step =0
  Current step =0
  Current step =0
  Current step =0
  Current step =0
  Current step =0
  Current step =0
  Current step =0
  Current step =0
  Current step =0
  Current step =0
  Current step =0
  Current step =0
  Current step =0
  Current step =0
  Current step =0
  Current step =0
  Current step =0
  Current step =0
  Current step =0
  Current step =0
  Current step =0
  Current step =0
  Current step =0
  Current step =0
  Current step =0
  Current step =0
  Current step =0
  Current step =0
  Current step =0
  Current step =0
  Current step =0
  Current step =0

Krylov solver
Norm of residual 3.26099e-17 at 21 iterations
Wall charge lower -1.313966850983890e-02 upper  1.313966850984259e-02
Fluid charge      -7.103692634125025e-16 total  2.982857016942120e-15
  Current step =0
  Current step =0
  Current step =0
  Current step =0
  Current step =0
  Current step =0
  Current step =0
  Current step =0
  Current step =0
  Current step =0
  Current step =0
  Current step =0
  Current step =0
  Current step =0
  Current step =0
  Current step =0
  Current step =0
  Current step =0
  Current step =0
  Current step =0
  Current step =0
  Current step =0
  Current step =0
  Current step =0
  Current step =0
  Current step =0
  Current step =0
  Current step =0
  Current step =0
  Current step =0
  Current step =0
  Current step =0
  Current step =0
  Current step =0
  Current step =0
  Current step =0
  Current step =0
  Current step =0
  Current step =0
  Current step =0
  Current step =0
  Current step =0
  Current step =0
  Current step =0
  Current step =0
  Current step =0
  Current step =0
  Current step =0
  Current step =0
  Current step =0

Krylov solver
Norm of residual 3.26099e-17 at 21 iterations
Wall charge lower -1.314145283761792e-02 upper  1.314145283762138e-02
Fluid charge      -5.342948306008566e-16 total  2.928213227448850e-15
  Current step =0
  Current step =0
  Current step =0
  Current step =0
  Current step =0
  Current step =0
  Current step =0
  Current step =0
  Current step =0
  Current step =0
  Current step =0
  Current step =0
  Current step =0
  Current step =0
  Current step =0
  Current step =0
  Current step =0
  Current step =0
  Current step =0
  Current step =0
  Current step =0
  Current step =0
  Current step =0
  Current step =0
  Current step =0
  Current step =0
  Current step =0
  Current step =0
  Current step =0
  Current step =0
  Current step =0
  Current step =0
  Current step =0
  Current step =0
  Current step =0
  Current step =0
  Current step =0
  Current step =0
  Current step =0
  Current step =0
  Current step =0
  Current step =0
  Current step =0
  Current step =0
  Current step =0
  Current step =0
  Current step =0
  Current step =0
  Current step =0
  Current step =0

Krylov solver
Norm of residual 3.26099e-17 at 21 iterations
Wall charge lower -1.314321570982285e-02 upper  1.314321570982626e-02
Fluid charge      -5.531599484021044e-16 total  2.860775852320252e-15
  Current step =0
  Current step =0
  Current step =0
  Current step =0
  Current step =0
  Current step =0
  Current step =0
  Current step =0
  Current step =0
  Current step =0
  Current step =0
  Current step =0
  Current step =0
  Current step =0
  Current step =0
  Current step =0
  Current step =0
  Current step =0
  Current step =0
  Current step =0
  Current step =0
  Current step =0
  Current step =0
  Current step =0
  Current step =0
  Current step =0
  Current step =0
  Current step =0
  Current step =0
  Current step =0
  Current step =0
  Current step =0
  Current step =0
  Current step =0
  Current step =0
  Current step =0
  Current step =0
  Current step =0
  Current step =0
  Current step =0
  Current step =0
  Current step =0
  Current step =0
  Current step =0
  Current step =0
  Current step =0
  Current step =0
  Current step =0
  Current step =0
  Current step =0

Krylov solver
Norm of residual 3.26099e-17 at 21 iterations
Wall charge lower -1.314495738445655e-02 upper  1.314495738446015e-02
Fluid charge      -5.863365348801608e-16 total  3.013214677771714e-15
  Current step =0
  Current step =0
  Current step =0
  Current step =0
  Current step =0
  Current step =0
  Current step =0
  Current step =0
  Current step =0
  Current step =0
  Current step =0
  Current step =0
  Current step =0
  Current step =0
  Current step =0
  Current step =0
  Current step =0
  Current step =0
  Current step =0
  Current step =0
  Current step =0
  Current step =0
  Current step =0
  Current step =0
  Current step =0
  Current step =0
  Current step =0
  Current step =0
  Current step =0
  Current step =0
  Current step =0
  Current step =0
  Current step =0
  Current step =0
  Current step =0
  Current step =0
  Current step =0
  Current step =0
  Current step =0
  Current step =0
  Current step =0
  Current step =0
  Current step =0
  Current step =0
  Current step =0
  Current step =0
  Current step =0
  Current step =0
  Current step =0
  Current step =0

Krylov solver
Norm of residual 3.26099e-17 at 21 iterations
Wall charge lower -1.314667811641929e-02 upper  1.314667811642291e-02
Fluid charge      -7.511352650979575e-16 total  2.874436799693569e-15
  Current step =0
  Current step =0
  Current step =0
  Current step =0
  Current step =0
  Current step =0
  Current step =0
  Current step =0
  Current step =0
  Current step =0
  Current step =0
  Current step =0
  Current step =0
  Current step =0
  Current step =0
  Current step =0
  Current step =0
  Current step =0
  Current step =0
  Current step =0
  Current step =0
  Current step =0
  Current step =0
  Current step =0
  Current step =0
  Current step =0
  Current step =0
  Current step =0
  Current step =0
  Current step =0
  Current step =0
  Current step =0
  Current step =0
  Current step =0
  Current step =0
  Current step =0
  Current step =0
  Current step =0
  Current step =0
  Current step =0
  Current step =0
  Current step =0
  Current step =0
  Current step =0
  Current step =0
  Current step =0
  Current step =0
  Current step =0
  Current step =0
  Current step =0

Krylov solver
Norm of residual 3.26099e-17 at 21 iterations
Wall charge lower -1.314837815754595e-02 upper  1.314837815754962e-02
Fluid charge      -5.568462357885551e-16 total  3.113828639378369e-15
  Current step =0
  Current step =0
  Current step =0
  Current step =0
  Current step =0
  Current step =0
  Current step =0
  Current step =0
  Current step =0
  Current step =0
  Current step =0
  Current step =0
  Current step =0
  Current step =0
  Current step =0
  Current step =0
  Current step =0
  Current step =0
  Current step =0
  Current step =0
  Current step =0
  Current step =0
  Current step =0
  Current step =0
  Current step =0
  Current step =0
  Current step =0
  Current step =0
  Current step =0
  Current step =0
  Current step =0
  Current step =0
  Current step =0
  Current step =0
  Current step =0
  Current step =0
  Current step =0
  Current step =0
  Current step =0
  Current step =0
  Current step =0
  Current step =0
  Current step =0
  Current step =0
  Current step =0
  Current step =0
  Current step =0
  Current step =0
  Current step =0
  Current step =0

Krylov solver
Norm of residual 3.26099e-17 at 21 iterations
Wall charge lower -1.315005775664265e-02 upper  1.315005775664619e-02
Fluid charge      -7.424616477180734e-16 total  2.799843690226567e-15
  Current step =0
  Current step =0
  Current step =0
  Current step =0
  Current step =0
  Current step =0
  Current step =0
  Current step =0
  Current step =0
  Current step =0
  Current step =0
  Current step =0
  Current step =0
  Current step =0
  Current step =0
  Current step =0
  Current step =0
  Current step =0
  Current step =0
  Current step =0
  Current step =0
  Current step =0
  Current step =0
  Current step =0
  Current step =0
  Current step =0
  Current step =0
  Current step =0
  Current step =0
  Current step =0
  Current step =0
  Current step =0
  Current step =0
  Current step =0
  Current step =0
  Current step =0
  Current step =0
  Current step =0
  Current step =0
  Current step =0
  Current step =0
  Current step =0
  Current step =0
  Current step =0
  Current step =0
  Current step =0
  Current step =0
  Current step =0
  Current step =0
  Current step =0

Krylov solver
Norm of residual 3.26099e-17 at 21 iterations
Wall charge lower -1.315171715952372e-02 upper  1.315171715952717e-02
Fluid charge      -6.310056643865636e-16 total  2.817624605855329e-15
  Current step =0
  Current step =0
  Current step =0
  Current step =0
  Current step =0
  Current step =0
  Current step =0
  Current step =0
  Current step =0
  Current step =0
  Current step =0
  Current step =0
  Current step =0
  Current step =0
  Current step =0
  Current step =0
  Current step =0
  Current step =0
  Current step =0
  Current step =0
  Current step =0
  Current step =0
  Current step =0
  Current step =0
  Current step =0
  Current step =0
  Current step =0
  Current step =0
  Current step =0
  Current step =0
  Current step =0
  Current step =0
  Current step =0
  Current step =0
  Current step =0
  Current step =0
  Current step =0
  Current step =0
  Current step =0
  Current step =0
  Current step =0
  Current step =0
  Current step =0
  Current step =0
  Current step =0
  Current step =0
  Current step =0
  Current step =0
  Current step =0
  Current step =0

Krylov solver
Norm of residual 3.26099e-17 at 21 iterations
Wall charge lower -1.315335660904731e-02 upper  1.315335660905064e-02
Fluid charge      -5.585809592645319e-16 total  2.779027008514845e-15
  Current step =0
  Current step =0
  Current step =0
  Current step =0
  Current step =0
  Current step =0
  Current step =0
  Current step =0
  Current step =0
  Current step =0
  Current step =0
  Current step =0
  Current step =0
  Current step =0
  Current step =0
  Current step =0
  Current step =0
  Current step =0
  Current step =0
  Current step =0
  Current step =0
  Current step =0
  Current step =0
  Current step =0
  Current step =0
  Current step =0
  Current step =0
  Current step =0
  Current step =0
  Current step =0
  Current step =0
  Current step =0
  Current step =0
  Current step =0
  Current step =0
  Current step =0
  Current step =0
  Current step =0
  Current step =0
  Current step =0
  Current step =0
  Current step =0
  Current step =0
  Current step =0
  Current step =0
  Current step =0
  Current step =0
  Current step =0
  Current step =0
  Current step =0

Krylov solver
Norm of residual 3.26099e-17 at 21 iterations
Wall charge lower -1.315497634515084e-02 upper  1.315497634515425e-02
Fluid charge      -7.494005416219807e-16 total  2.655861641720492e-15
  Current step =0
  Current step =0
  Current step =0
  Current step =0
  Current step =0
  Current step =0
  Current step =0
  Current step =0
  Current step =0
  Current step =0
  Current step =0
  Current step =0
  Current step =0
  Current step =0
  Current step =0
  Current step =0
  Current step =0
  Current step =0
  Current step =0
  Current step =0
  Current step =0
  Current step =0
  Current step =0
  Current step =0
  Current step =0
  Current step =0
  Current step =0
  Current step =0
  Current step =0
  Current step =0
  Current step =0
  Current step =0
  Current step =0
  Current step =0
  Current step =0
  Current step =0
  Current step =0
  Current step =0
  Current step =0
  Current step =0
  Current step =0
  Current step =0
  Current step =0
  Current step =0
  Current step =0
  Current step =0
  Current step =0
  Current step =0
  Current step =0
  Current step =0

Krylov solver
Norm of residual 3.26099e-17 at 21 iterations
Wall charge lower -1.315657660488668e-02 upper  1.315657660489012e-02
Fluid charge      -5.793976409762536e-16 total  2.855354841457824e-15
  Current step =0
  Current step =0
  Current step =0
  Current step =0
  Current step =0
  Current step =0
  Current step =0
  Current step =0
  Current step =0
  Current step =0
  Current step =0
  Current step =0
  Current step =0
  Current step =0
  Current step =0
  Current step =0
  Current step =0
  Current step =0
  Current step =0
  Current step =0
  Current step =0
  Current step =0
  Current step =0
  Current step =0
  Current step =0
  Current step =0
  Current step =0
  Current step =0
  Current step =0
  Current step =0
  Current step =0
  Current step =0
  Current step =0
  Current step =0
  Current step =0
  Current step =0
  Current step =0
  Current step =0
  Current step =0
  Current step =0
  Current step =0
  Current step =0
  Current step =0
  Current step =0
  Current step =0
  Current step =0
  Current step =0
  Current step =0
  Current step =0
  Current step =0

Krylov solver
Norm of residual 3.26099e-17 at 21 iterations
Wall charge lower -1.315815762245616e-02 upper  1.315815762245971e-02
Fluid charge      -6.286204196070955e-16 total  2.917154365289498e-15
  Current step =0
  Current step =0
  Current step =0
  Current step =0
  Current step =0
  Current step =0
  Current step =0
  Current step =0
  Current step =0
  Current step =0
  Current step =0
  Current step =0
  Current step =0
  Current step =0
  Current step =0
  Current step =0
  Current step =0
  Current step =0
  Current step =0
  Current step =0
  Current step =0
  Current step =0
  Current step =0
  Current step =0
  Current step =0
  Current step =0
  Current step =0
  Current step =0
  Current step =0
  Current step =0
  Current step =0
  Current step =0
  Current step =0
  Current step =0
  Current step =0
  Current step =0
  Current step =0
  Current step =0
  Current step =0
  Current step =0
  Current step =0
  Current step =0
  Current step =0
  Current step =0
  Current step =0
  Current step =0
  Current step =0
  Current step =0
  Current step =0
  Current step =0

Krylov solver
Norm of residual 3.26099e-17 at 21 iterations
Wall charge lower -1.315971962924453e-02 upper  1.315971962924795e-02
Fluid charge      -5.089244997646958e-16 total  2.918889088765475e-15
  Current step =0
  Current step =0
  Current step =0
  Current step =0
  Current step =0
  Current step =0
  Current step =0
  Current step =0
  Current step =0
  Current step =0
  Current step =0
  Current step =0
  Current step =0
  Current step =0
  Current step =0
  Current step =0
  Current step =0
  Current step =0
  Current step =0
  Current step =0
  Current step =0
  Current step =0
  Current step =0
  Current step =0
  Current step =0
  Current step =0
  Current step =0
  Current step =0
  Current step =0
  Current step =0
  Current step =0
  Current step =0
  Current step =0
  Current step =0
  Current step =0
  Current step =0
  Current step =0
  Current step =0
  Current step =0
  Current step =0
  Current step =0
  Current step =0
  Current step =0
  Current step =0
  Current step =0
  Current step =0
  Current step =0
  Current step =0
  Current step =0
  Current step =0

Krylov solver
Norm of residual 3.26099e-17 at 21 iterations
Wall charge lower -1.316126285385411e-02 upper  1.316126285385766e-02
Fluid charge      -5.481726184086710e-16 total  3.001071613439876e-15
  Current step =0
  Current step =0
  Current step =0
  Current step =0
  Current step =0
  Current step =0
  Current step =0
  Current step =0
  Current step =0
  Current step =0
  Current step =0
  Current step =0
  Current step =0
  Current step =0
  Current step =0
  Current step =0
  Current step =0
  Current step =0
  Current step =0
  Current step =0
  Current step =0
  Current step =0
  Current step =0
  Current step =0
  Current step =0
  Current step =0
  Current step =0
  Current step =0
  Current step =0
  Current step =0
  Current step =0
  Current step =0
  Current step =0
  Current step =0
  Current step =0
  Current step =0
  Current step =0
  Current step =0
  Current step =0
  Current step =0
  Current step =0
  Current step =0
  Current step =0
  Current step =0
  Current step =0
  Current step =0
  Current step =0
  Current step =0
  Current step =0
  Current step =0

Krylov solver
Norm of residual 3.26099e-17 at 21 iterations
Wall charge lower -1.316278752213833e-02 upper  1.316278752214175e-02
Fluid charge      -5.169475958410885e-16 total  2.902192375309198e-15
  Current step =0
  Current step =0
  Current step =0
  Current step =0
  Current step =0
  Current step =0
  Current step =0
  Current step =0
  Current step =0
  Current step =0
  Current step =0
  Current step =0
  Current step =0
  Current step =0
  Current step =0
  Current step =0
  Current step =0
  Current step =0
  Current step =0
  Current step =0
  Current step =0
  Current step =0
  Current step =0
  Current step =0
  Current step =0
  Current step =0
  Current step =0
  Current step =0
  Current step =0
  Current step =0
  Current step =0
  Current step =0
  Current step =0
  Current step =0
  Current step =0
  Current step =0
  Current step =0
  Current step =0
  Current step =0
  Current step =0
  Current step =0
  Current step =0
  Current step =0
  Current step =0
  Current step =0
  Current step =0
  Current step =0
  Current step =0
  Current step =0
  Current step =0

Krylov solver
Norm of residual 3.26099e-17 at 21 iterations
Wall charge lower -1.316429385723460e-02 upper  1.316429385723836e-02
Fluid charge      -6.245004513516506e-16 total  3.136380044566067e-15
  Current step =0
  Current step =0
  Current step =0
  Current step =0
  Current step =0
  Current step =0
  Current step =0
  Current step =0
  Current step =0
  Current step =0
  Current step =0
  Current step =0
  Current step =0
  Current step =0
  Current step =0
  Current step =0
  Current step =0
  Current step =0
  Current step =0
  Current step =0
  Current step =0
  Current step =0
  Current step =0
  Current step =0
  Current step =0
  Current step =0
  Current step =0
  Current step =0
  Current step =0
  Current step =0
  Current step =0
  Current step =0
  Current step =0
  Current step =0
  Current step =0
  Current step =0
  Current step =0
  Current step =0
  Current step =0
  Current step =0
  Current step =0
  Current step =0
  Current step =0
  Current step =0
  Current step =0
  Current step =0
  Current step =0
  Current step =0
  Current step =0
  Current step =0

Krylov solver
Norm of residual 3.26099e-17 at 21 iterations
Wall charge lower -1.316578207959723e-02 upper  1.316578207960080e-02
Fluid charge      -6.889020603972895e-16 total  2.881158853162979e-15
  Current step =0
  Current step =0
  Current step =0
  Current step =0
  Current step =0
  Current step =0
  Current step =0
  Current step =0
  Current step =0
  Current step =0
  Current step =0
  Current step =0
  Current step =0
  Current step =0
  Current step =0
  Current step =0
  Current step =0
  Current step =0
  Current step =0
  Current step =0
  Current step =0
  Current step =0
  Current step =0
  Current step =0
  Current step =0
  Current step =0
  Current step =0
  Current step =0
  Current step =0
  Current step =0
  Current step =0
  Current step =0
  Current step =0
  Current step =0
  Current step =0
  Current step =0
  Current step =0
  Current step =0
  Current step =0
  Current step =0
  Current step =0
  Current step =0
  Current step =0
  Current step =0
  Current step =0
  Current step =0
  Current step =0
  Current step =0
  Current step =0
  Current step =0

Krylov solver
Norm of residual 3.26099e-17 at 21 iterations
Wall charge lower -1.316725240702864e-02 upper  1.316725240703227e-02
Fluid charge      -4.963477545638639e-16 total  3.134428480655593e-15
  Current step =0
  Current step =0
  Current step =0
  Current step =0
  Current step =0
  Current step =0
  Current step =0
  Current step =0
  Current step =0
  Current step =0
  Current step =0
  Current step =0
  Current step =0
  Current step =0
  Current step =0
  Current step =0
  Current step =0
  Current step =0
  Current step =0
  Current step =0
  Current step =0
  Current step =0
  Current step =0
  Current step =0
  Current step =0
  Current step =0
  Current step =0
  Current step =0
  Current step =0
  Current step =0
  Current step =0
  Current step =0
  Current step =0
  Current step =0
  Current step =0
  Current step =0
  Current step =0
  Current step =0
  Current step =0
  Current step =0
  Current step =0
  Current step =0
  Current step =0
  Current step =0
  Current step =0
  Current step =0
  Current step =0
  Current step =0
  Current step =0
  Current step =0

Krylov solver
Norm of residual 3.26099e-17 at 21 iterations
Wall charge lower -1.316870505471308e-02 upper  1.316870505471654e-02
Fluid charge      -6.676516978165736e-16 total  2.787917466329226e-15
  Current step =0
  Current step =0
  Current step =0
  Current step =0
  Current step =0
  Current step =0
  Current step =0
  Current step =0
  Current step =0
  Current step =0
  Current step =0
  Current step =0
  Current step =0
  Current step =0
  Current step =0
  Current step =0
  Current step =0
  Current step =0
  Current step =0
  Current step =0
  Current step =0
  Current step =0
  Current step =0
  Current step =0
  Current step =0
  Current step =0
  Current step =0
  Current step =0
  Current step =0
  Current step =0
  Current step =0
  Current step =0
  Current step =0
  Current step =0
  Current step =0
  Current step =0
  Current step =0
  Current step =0
  Current step =0
  Current step =0
  Current step =0
  Current step =0
  Current step =0
  Current step =0
  Current step =0
  Current step =0
  Current step =0
  Current step =0
  Current step =0
  Current step =0

Krylov solver
Norm of residual 3.26099e-17 at 21 iterations
Wall charge lower -1.317014023524627e-02 upper  1.317014023524973e-02
Fluid charge      -6.722053469410127e-16 total  2.786833264156741e-15
  Current step =0
  Current step =0
  Current step =0
  Current step =0
  Current step =0
  Current step =0
  Current step =0
  Current step =0
  Current step =0
  Current step =0
  Current step =0
  Current step =0
  Current step =0
  Current step =0
  Current step =0
  Current step =0
  Current step =0
  Current step =0
  Current step =0
  Current step =0
  Current step =0
  Current step =0
  Current step =0
  Current step =0
  Current step =0
  Current step =0
  Current step =0
  Current step =0
  Current step =0
  Current step =0
  Current step =0
  Current step =0
  Current step =0
  Current step =0
  Current step =0
  Current step =0
  Current step =0
  Current step =0
  Current step =0
  Current step =0
  Current step =0
  Current step =0
  Current step =0
  Current step =0
  Current step =0
  Current step =0
  Current step =0
  Current step =0
  Current step =0
  Current step =0

Krylov solver
Norm of residual 3.26099e-17 at 21 iterations
Wall charge lower -1.317155815866764e-02 upper  1.317155815867112e-02
Fluid charge      -5.809155240177333e-16 total  2.898939768791742e-15
  Current step =0
  Current step =0
  Current step =0
  Current step =0
  Current step =0
  Current step =0
  Current step =0
  Current step =0
  Current step =0
  Current step =0
  Current step =0
  Current step =0
  Current step =0
  Current step =0
  Current step =0
  Current step =0
  Current step =0
  Current step =0
  Current step =0
  Current step =0
  Current step =0
  Current step =0
  Current step =0
  Current step =0
  Current step =0
  Current step =0
  Current step =0
  Current step =0
  Current step =0
  Current step =0
  Current step =0
  Current step =0
  Current step =0
  Current step =0
  Current step =0
  Current step =0
  Current step =0
  Current step =0
  Current step =0
  Current step =0
  Current step =0
  Current step =0
  Current step =0
  Current step =0
  Current step =0
  Current step =0
  Current step =0
  Current step =0
  Current step =0
  Current step =0

Krylov solver
Norm of residual 3.26099e-17 at 21 iterations
Wall charge lower -1.317295903249095e-02 upper  1.317295903249457e-02
Fluid charge      -6.594117613056838e-16 total  2.955751962629982e-15
  Current step =0
  Current step =0
  Current step =0
  Current step =0
  Current step =0
  Current step =0
  Current step =0
  Current step =0
  Current step =0
  Current step =0
  Current step =0
  Current step =0
  Current step =0
  Current step =0
  Current step =0
  Current step =0
  Current step =0
  Current step =0
  Current step =0
  Current step =0
  Current step =0
  Current step =0
  Current step =0
  Current step =0
  Current step =0
  Current step =0
  Current step =0
  Current step =0
  Current step =0
  Current step =0
  Current step =0
  Current step =0
  Current step =0
  Current step =0
  Current step =0
  Current step =0
  Current step =0
  Current step =0
  Current step =0
  Current step =0
  Current step =0
  Current step =0
  Current step =0
  Current step =0
  Current step =0
  Current step =0
  Current step =0
  Current step =0
  Current step =0
  Current step =0

Krylov solver
Norm of residual 3.26099e-17 at 21 iterations
Wall charge lower -1.317434306173434e-02 upper  1.317434306173803e-02
Fluid charge      -7.060324547225605e-16 total  2.987193825632062e-15
  Current step =0
  Current step =0
  Current step =0
  Current step =0
  Current step =0
  Current step =0
  Current step =0
  Current step =0
  Current step =0
  Current step =0
  Current step =0
  Current step =0
  Current step =0
  Current step =0
  Current step =0
  Current step =0
  Current step =0
  Current step =0
  Current step =0
  Current step =0
  Current step =0
  Current step =0
  Current step =0
  Current step =0
  Current step =0
  Current step =0
  Current step =0
  Current step =0
  Current step =0
  Current step =0
  Current step =0
  Current step =0
  Current step =0
  Current step =0
  Current step =0
  Current step =0
  Current step =0
  Current step =0
  Current step =0
  Current step =0
  Current step =0
  Current step =0
  Current step =0
  Current step =0
  Current step =0
  Current step =0
  Current step =0
  Current step =0
  Current step =0
  Current step =0

Krylov solver
Norm of residual 3.26099e-17 at 21 iterations
Wall charge lower -1.317571044895063e-02 upper  1.317571044895403e-02
Fluid charge      -6.151763126682752e-16 total  2.779677529818336e-15
  Current step =0
  Current step =0
  Current step =0
  Current step =0
  Current step =0
  Current step =0
  Current step =0
  Current step =0
  Current step =0
  Current step =0
  Current step =0
  Current step =0
  Current step =0
  Current step =0
  Current step =0
  Current step =0
  Current step =0
  Current step =0
  Current step =0
  Current step =0
  Current step =0
  Current step =0
  Current step =0
  Current step =0
  Current step =0
  Current step =0
  Current step =0
  Current step =0
  Current step =0
  Current step =0
  Current step =0
  Current step =0
  Current step =0
  Current step =0
  Current step =0
  Current step =0
  Current step =0
  Current step =0
  Current step =0
  Current step =0
  Current step =0
  Current step =0
  Current step =0
  Current step =0
  Current step =0
  Current step =0
  Current step =0
  Current step =0
  Current step =0
  Current step =0

Krylov solver
Norm of residual 3.26099e-17 at 21 iterations
Wall charge lower -1.317706139425641e-02 upper  1.317706139425982e-02
Fluid charge      -6.661338147750939e-16 total  2.747801985947262e-15
  Current step =0
  Current step =0
  Current step =0
  Current step =0
  Current step =0
  Current step =0
  Current step =0
  Current step =0
  Current step =0
  Current step =0
  Current step =0
  Current step =0
  Current step =0
  Current step =0
  Current step =0
  Current step =0
  Current step =0
  Current step =0
  Current step =0
  Current step =0
  Current step =0
  Current step =0
  Current step =0
  Current step =0
  Current step =0
  Current step =0
  Current step =0
  Current step =0
  Current step =0
  Current step =0
  Current step =0
  Current step =0
  Current step =0
  Current step =0
  Current step =0
  Current step =0
  Current step =0
  Current step =0
  Current step =0
  Current step =0
  Current step =0
  Current step =0
  Current step =0
  Current step =0
  Current step =0
  Current step =0
  Current step =0
  Current step =0
  Current step =0
  Current step =0

Krylov solver
Norm of residual 3.26099e-17 at 21 iterations
Wall charge lower -1.317839609536233e-02 upper  1.317839609536584e-02
Fluid charge      -6.418476861114186e-16 total  2.865763182313685e-15
  Current step =0
  Current step =0
  Current step =0
  Current step =0
  Current step =0
  Current step =0
  Current step =0
  Current step =0
  Current step =0
  Current step =0
  Current step =0
  Current step =0
  Current step =0
  Current step =0
  Current step =0
  Current step =0
  Current step =0
  Current step =0
  Current step =0
  Current step =0
  Current step =0
  Current step =0
  Current step =0
  Current step =0
  Current step =0
  Current step =0
  Current step =0
  Current step =0
  Current step =0
  Current step =0
  Current step =0
  Current step =0
  Current step =0
  Current step =0
  Current step =0
  Current step =0
  Current step =0
  Current step =0
  Current step =0
  Current step =0
  Current step =0
  Current step =0
  Current step =0
  Current step =0
  Current step =0
  Current step =0
  Current step =0
  Current step =0
  Current step =0
  Current step =0

Krylov solver
Norm of residual 3.26099e-17 at 21 iterations
Wall charge lower -1.317971474760130e-02 upper  1.317971474760460e-02
Fluid charge      -6.457508139323664e-16 total  2.651958513899544e-15
  Current step =0
  Current step =0
  Current step =0
  Current step =0
  Current step =0
  Current step =0
  Current step =0
  Current step =0
  Current step =0
  Current step =0
  Current step =0
  Current step =0
  Current step =0
  Current step =0
  Current step =0
  Current step =0
  Current step =0
  Current step =0
  Current step =0
  Current step =0
  Current step =0
  Current step =0
  Current step =0
  Current step =0
  Current step =0
  Current step =0
  Current step =0
  Current step =0
  Current step =0
  Current step =0
  Current step =0
  Current step =0
  Current step =0
  Current step =0
  Current step =0
  Current step =0
  Current step =0
  Current step =0
  Current step =0
  Current step =0
  Current step =0
  Current step =0
  Current step =0
  Current step =0
  Current step =0
  Current step =0
  Current step =0
  Current step =0
  Current step =0
  Current step =0

Krylov solver
Norm of residual 3.26099e-17 at 21 iterations
Wall charge lower -1.318101754395705e-02 upper  1.318101754396046e-02
Fluid charge      -5.587977996990290e-16 total  2.846464383643443e-15
  Current step =0
  Current step =0
  Current step =0
  Current step =0
  Current step =0
  Current step =0
  Current step =0
  Current step =0
  Current step =0
  Current step =0
  Current step =0
  Current step =0
  Current step =0
  Current step =0
  Current step =0
  Current step =0
  Current step =0
  Current step =0
  Current step =0
  Current step =0
  Current step =0
  Current step =0
  Current step =0
  Current step =0
  Current step =0
  Current step =0
  Current step =0
  Current step =0
  Current step =0
  Current step =0
  Current step =0
  Current step =0
  Current step =0
  Current step =0
  Current step =0
  Current step =0
  Current step =0
  Current step =0
  Current step =0
  Current step =0
  Current step =0
  Current step =0
  Current step =0
  Current step =0
  Current step =0
  Current step =0
  Current step =0
  Current step =0
  Current step =0
  Current step =0

Krylov solver
Norm of residual 3.26099e-17 at 21 iterations
Wall charge lower -1.318230467509273e-02 upper  1.318230467509636e-02
Fluid charge      -6.630980486921345e-16 total  2.972882356955253e-15
  Current step =0
  Current step =0
  Current step =0
  Current step =0
  Current step =0
  Current step =0
  Current step =0
  Current step =0
  Current step =0
  Current step =0
  Current step =0
  Current step =0
  Current step =0
  Current step =0
  Current step =0
  Current step =0
  Current step =0
  Current step =0
  Current step =0
  Current step =0
  Current step =0
  Current step =0
  Current step =0
  Current step =0
  Current step =0
  Current step =0
  Current step =0
  Current step =0
  Current step =0
  Current step =0
  Current step =0
  Current step =0
  Current step =0
  Current step =0
  Current step =0
  Current step =0
  Current step =0
  Current step =0
  Current step =0
  Current step =0
  Current step =0
  Current step =0
  Current step =0
  Current step =0
  Current step =0
  Current step =0
  Current step =0
  Current step =0
  Current step =0
  Current step =0

Krylov solver
Norm of residual 3.26099e-17 at 21 iterations
Wall charge lower -1.318357632937899e-02 upper  1.318357632938236e-02
Fluid charge      -6.078037378953738e-16 total  2.755825082023655e-15
  Current step =0
  Current step =0
  Current step =0
  Current step =0
  Current step =0
  Current step =0
  Current step =0
  Current step =0
  Current step =0
  Current step =0
  Current step =0
  Current step =0
  Current step =0
  Current step =0
  Current step =0
  Current step =0
  Current step =0
  Current step =0
  Current step =0
  Current step =0
  Current step =0
  Current step =0
  Current step =0
  Current step =0
  Current step =0
  Current step =0
  Current step =0
  Current step =0
  Current step =0
  Current step =0
  Current step =0
  Current step =0
  Current step =0
  Current step =0
  Current step =0
  Current step =0
  Current step =0
  Current step =0
  Current step =0
  Current step =0
  Current step =0
  Current step =0
  Current step =0
  Current step =0
  Current step =0
  Current step =0
  Current step =0
  Current step =0
  Current step =0
  Current step =0

Krylov solver
Norm of residual 3.26099e-17 at 21 iterations
Wall charge lower -1.318483269292075e-02 upper  1.318483269292418e-02
Fluid charge      -5.360295540768334e-16 total  2.891784034453337e-15
  Current step =0
  Current step =0
  Current step =0
  Current step =0
  Current step =0
  Current step =0
  Current step =0
  Current step =0
  Current step =0
  Current step =0
  Current step =0
  Current step =0
  Current step =0
  Current step =0
  Current step =0
  Current step =0
  Current step =0
  Current step =0
  Current step =0
  Current step =0
  Current step =0
  Current step =0
  Current step =0
  Current step =0
  Current step =0
  Current step =0
  Current step =0
  Current step =0
  Current step =0
  Current step =0
  Current step =0
  Current step =0
  Current step =0
  Current step =0
  Current step =0
  Current step =0
  Current step =0
  Current step =0
  Current step =0
  Current step =0
  Current step =0
  Current step =0
  Current step =0
  Current step =0
  Current step =0
  Current step =0
  Current step =0
  Current step =0
  Current step =0
  Current step =0

Krylov solver
Norm of residual 3.26099e-17 at 21 iterations
Wall charge lower -1.318607394958498e-02 upper  1.318607394958855e-02
Fluid charge      -4.657732532997727e-16 total  3.106022383736473e-15
  Current step =0
  Current step =0
  Current step =0
  Current step =0
  Current step =0
  Current step =0
  Current step =0
  Current step =0
  Current step =0
  Current step =0
  Current step =0
  Current step =0
  Current step =0
  Current step =0
  Current step =0
  Current step =0
  Current step =0
  Current step =0
  Current step =0
  Current step =0
  Current step =0
  Current step =0
  Current step =0
  Current step =0
  Current step =0
  Current step =0
  Current step =0
  Current step =0
  Current step =0
  Current step =0
  Current step =0
  Current step =0
  Current step =0
  Current step =0
  Current step =0
  Current step =0
  Current step =0
  Current step =0
  Current step =0
  Current step =0
  Current step =0
  Current step =0
  Current step =0
  Current step =0
  Current step =0
  Current step =0
  Current step =0
  Current step =0
  Current step =0
  Current step =0

Krylov solver
Norm of residual 3.26099e-17 at 21 iterations
Wall charge lower -1.318730028102817e-02 upper  1.318730028103154e-02
Fluid charge      -5.173812767100827e-16 total  2.849716990160900e-15
  Current step =0
  Current step =0
  Current step =0
  Current step =0
  Current step =0
  Current step =0
  Current step =0
  Current step =0
  Current step =0
  Current step =0
  Current step =0
  Current step =0
  Current step =0
  Current step =0
  Current step =0
  Current step =0
  Current step =0
  Current step =0
  Current step =0
  Current step =0
  Current step =0
  Current step =0
  Current step =0
  Current step =0
  Current step =0
  Current step =0
  Current step =0
  Current step =0
  Current step =0
  Current step =0
  Current step =0
  Current step =0
  Current step =0
  Current step =0
  Current step =0
  Current step =0
  Current step =0
  Current step =0
  Current step =0
  Current step =0
  Current step =0
  Current step =0
  Current step =0
  Current step =0
  Current step =0
  Current step =0
  Current step =0
  Current step =0
  Current step =0
  Current step =0

Krylov solver
Norm of residual 3.26099e-17 at 21 iterations
Wall charge lower -1.318851186672163e-02 upper  1.318851186672511e-02
Fluid charge      -5.637851296924623e-16 total  2.916070163117013e-15
  Current step =0
  Current step =0
  Current step =0
  Current step =0
  Current step =0
  Current step =0
  Current step =0
  Current step =0
  Current step =0
  Current step =0
  Current step =0
  Current step =0
  Current step =0
  Current step =0
  Current step =0
  Current step =0
  Current step =0
  Current step =0
  Current step =0
  Current step =0
  Current step =0
  Current step =0
  Current step =0
  Current step =0
  Current step =0
  Current step =0
  Current step =0
  Current step =0
  Current step =0
  Current step =0
  Current step =0
  Current step =0
  Current step =0
  Current step =0
  Current step =0
  Current step =0
  Current step =0
  Current step =0
  Current step =0
  Current step =0
  Current step =0
  Current step =0
  Current step =0
  Current step =0
  Current step =0
  Current step =0
  Current step =0
  Current step =0
  Current step =0
  Current step =0

Krylov solver
Norm of residual 3.26099e-17 at 21 iterations
Wall charge lower -1.318970888397875e-02 upper  1.318970888398208e-02
Fluid charge      -5.724587470723463e-16 total  2.756475603327146e-15
  Current step =0
  Current step =0
  Current step =0
  Current step =0
  Current step =0
  Current step =0
  Current step =0
  Current step =0
  Current step =0
  Current step =0
  Current step =0
  Current step =0
  Current step =0
  Current step =0
  Current step =0
  Current step =0
  Current step =0
  Current step =0
  Current step =0
  Current step =0
  Current step =0
  Current step =0
  Current step =0
  Current step =0
  Current step =0
  Current step =0
  Current step =0
  Current step =0
  Current step =0
  Current step =0
  Current step =0
  Current step =0
  Current step =0
  Current step =0
  Current step =0
  Current step =0
  Current step =0
  Current step =0
  Current step =0
  Current step =0
  Current step =0
  Current step =0
  Current step =0
  Current step =0
  Current step =0
  Current step =0
  Current step =0
  Current step =0
  Current step =0
  Current step =0

Krylov solver
Norm of residual 3.26099e-17 at 21 iterations
Wall charge lower -1.319089150798081e-02 upper  1.319089150798435e-02
Fluid charge      -5.646524914304507e-16 total  2.970713952610282e-15
  Current step =0
  Current step =0
  Current step =0
  Current step =0
  Current step =0
  Current step =0
  Current step =0
  Current step =0
  Current step =0
  Current step =0
  Current step =0
  Current step =0
  Current step =0
  Current step =0
  Current step =0
  Current step =0
  Current step =0
  Current step =0
  Current step =0
  Current step =0
  Current step =0
  Current step =0
  Current step =0
  Current step =0
  Current step =0
  Current step =0
  Current step =0
  Current step =0
  Current step =0
  Current step =0
  Current step =0
  Current step =0
  Current step =0
  Current step =0
  Current step =0
  Current step =0
  Current step =0
  Current step =0
  Current step =0
  Current step =0
  Current step =0
  Current step =0
  Current step =0
  Current step =0
  Current step =0
  Current step =0
  Current step =0
  Current step =0
  Current step =0
  Current step =0

Krylov solver
Norm of residual 3.26099e-17 at 21 iterations
Wall charge lower -1.319205991180219e-02 upper  1.319205991180558e-02
Fluid charge      -6.305719835175694e-16 total  2.762547135493065e-15
  Current step =0
  Current step =0
  Current step =0
  Current step =0
  Current step =0
  Current step =0
  Current step =0
  Current step =0
  Current step =0
  Current step =0
  Current step =0
  Current step =0
  Current step =0
  Current step =0
  Current step =0
  Current step =0
  Current step =0
  Current step =0
  Current step =0
  Current step =0
  Current step =0
  Current step =0
  Current step =0
  Current step =0
  Current step =0
  Current step =0
  Current step =0
  Current step =0
  Current step =0
  Current step =0
  Current step =0
  Current step =0
  Current step =0
  Current step =0
  Current step =0
  Current step =0
  Current step =0
  Current step =0
  Current step =0
  Current step =0
  Current step =0
  Current step =0
  Current step =0
  Current step =0
  Current step =0
  Current step =0
  Current step =0
  Current step =0
  Current step =0
  Current step =0

Krylov solver
Norm of residual 3.26099e-17 at 21 iterations
Wall charge lower -1.319321426643601e-02 upper  1.319321426643946e-02
Fluid charge      -4.900593819634480e-16 total  2.963775058706375e-15
  Current step =0
  Current step =0
  Current step =0
  Current step =0
  Current step =0
  Current step =0
  Current step =0
  Current step =0
  Current step =0
  Current step =0
  Current step =0
  Current step =0
  Current step =0
  Current step =0
  Current step =0
  Current step =0
  Current step =0
  Current step =0
  Current step =0
  Current step =0
  Current step =0
  Current step =0
  Current step =0
  Current step =0
  Current step =0
  Current step =0
  Current step =0
  Current step =0
  Current step =0
  Current step =0
  Current step =0
  Current step =0
  Current step =0
  Current step =0
  Current step =0
  Current step =0
  Current step =0
  Current step =0
  Current step =0
  Current step =0
  Current step =0
  Current step =0
  Current step =0
  Current step =0
  Current step =0
  Current step =0
  Current step =0
  Current step =0
  Current step =0
  Current step =0

Krylov solver
Norm of residual 3.26099e-17 at 21 iterations
Wall charge lower -1.319435474081941e-02 upper  1.319435474082290e-02
Fluid charge      -5.208507236620363e-16 total  2.969412910003300e-15
  Current step =0
  Current step =0
  Current step =0
  Current step =0
  Current step =0
  Current step =0
  Current step =0
  Current step =0
  Current step =0
  Current step =0
  Current step =0
  Current step =0
  Current step =0
  Current step =0
  Current step =0
  Current step =0
  Current step =0
  Current step =0
  Current step =0
  Current step =0
  Current step =0
  Current step =0
  Current step =0
  Current step =0
  Current step =0
  Current step =0
  Current step =0
  Current step =0
  Current step =0
  Current step =0
  Current step =0
  Current step =0
  Current step =0
  Current step =0
  Current step =0
  Current step =0
  Current step =0
  Current step =0
  Current step =0
  Current step =0
  Current step =0
  Current step =0
  Current step =0
  Current step =0
  Current step =0
  Current step =0
  Current step =0
  Current step =0
  Current step =0
  Current step =0

Krylov solver
Norm of residual 3.26099e-17 at 21 iterations
Wall charge lower -1.319548150185788e-02 upper  1.319548150186138e-02
Fluid charge      -8.014422459012849e-16 total  2.700964452095889e-15
  Current step =0
  Current step =0
  Current step =0
  Current step =0
  Current step =0
  Current step =0
  Current step =0
  Current step =0
  Current step =0
  Current step =0
  Current step =0
  Current step =0
  Current step =0
  Current step =0
  Current step =0
  Current step =0
  Current step =0
  Current step =0
  Current step =0
  Current step =0
  Current step =0
  Current step =0
  Current step =0
  Current step =0
  Current step =0
  Current step =0
  Current step =0
  Current step =0
  Current step =0
  Current step =0
  Current step =0
  Current step =0
  Current step =0
  Current step =0
  Current step =0
  Current step =0
  Current step =0
  Current step =0
  Current step =0
  Current step =0
  Current step =0
  Current step =0
  Current step =0
  Current step =0
  Current step =0
  Current step =0
  Current step =0
  Current step =0
  Current step =0
  Current step =0

Krylov solver
Norm of residual 3.26099e-17 at 21 iterations
Wall charge lower -1.319659471444960e-02 upper  1.319659471445322e-02
Fluid charge      -5.238864897449957e-16 total  3.093011957666647e-15
  Current step =0
  Current step =0
  Current step =0
  Current step =0
  Current step =0
  Current step =0
  Current step =0
  Current step =0
  Current step =0
  Current step =0
  Current step =0
  Current step =0
  Current step =0
  Current step =0
  Current step =0
  Current step =0
  Current step =0
  Current step =0
  Current step =0
  Current step =0
  Current step =0
  Current step =0
  Current step =0
  Current step =0
  Current step =0
  Current step =0
  Current step =0
  Current step =0
  Current step =0
  Current step =0
  Current step =0
  Current step =0
  Current step =0
  Current step =0
  Current step =0
  Current step =0
  Current step =0
  Current step =0
  Current step =0
  Current step =0
  Current step =0
  Current step =0
  Current step =0
  Current step =0
  Current step =0
  Current step =0
  Current step =0
  Current step =0
  Current step =0
  Current step =0

Krylov solver
Norm of residual 3.26099e-17 at 21 iterations
Wall charge lower -1.319769454151026e-02 upper  1.319769454151379e-02
Fluid charge      -6.012985248604608e-16 total  2.923659578324411e-15
  Current step =0
  Current step =0
  Current step =0
  Current step =0
  Current step =0
  Current step =0
  Current step =0
  Current step =0
  Current step =0
  Current step =0
  Current step =0
  Current step =0
  Current step =0
  Current step =0
  Current step =0
  Current step =0
  Current step =0
  Current step =0
  Current step =0
  Current step =0
  Current step =0
  Current step =0
  Current step =0
  Current step =0
  Current step =0
  Current step =0
  Current step =0
  Current step =0
  Current step =0
  Current step =0
  Current step =0
  Current step =0
  Current step =0
  Current step =0
  Current step =0
  Current step =0
  Current step =0
  Current step =0
  Current step =0
  Current step =0
  Current step =0
  Current step =0
  Current step =0
  Current step =0
  Current step =0
  Current step =0
  Current step =0
  Current step =0
  Current step =0
  Current step =0

Krylov solver
Norm of residual 3.26099e-17 at 21 iterations
Wall charge lower -1.319878114399603e-02 upper  1.319878114399972e-02
Fluid charge      -5.544609910090870e-16 total  3.137030565869559e-15
  Current step =0
  Current step =0
  Current step =0
  Current step =0
  Current step =0
  Current step =0
  Current step =0
  Current step =0
  Current step =0
  Current step =0
  Current step =0
  Current step =0
  Current step =0
  Current step =0
  Current step =0
  Current step =0
  Current step =0
  Current step =0
  Current step =0
  Current step =0
  Current step =0
  Current step =0
  Current step =0
  Current step =0
  Current step =0
  Current step =0
  Current step =0
  Current step =0
  Current step =0
  Current step =0
  Current step =0
  Current step =0
  Current step =0
  Current step =0
  Current step =0
  Current step =0
  Current step =0
  Current step =0
  Current step =0
  Current step =0
  Current step =0
  Current step =0
  Current step =0
  Current step =0
  Current step =0
  Current step =0
  Current step =0
  Current step =0
  Current step =0
  Current step =0

Krylov solver
Norm of residual 3.26099e-17 at 21 iterations
Wall charge lower -1.319985468092774e-02 upper  1.319985468093129e-02
Fluid charge      -5.238864897449957e-16 total  3.028827189055505e-15
  Current step =0

Scalars - total mean variance min max
[rho]        1216.00  1.00000000000  0.0000000e+00  1.00000000000  1.00000000000
[psi]  3.2890357e-15 -5.0000000e-02  5.0000000e-02
[rho]  1.7333335e+00  1.3269645e-03  1.4534128e-03
[rho]  1.7333335e+00  1.3269645e-03  1.4534128e-03
[elc] -5.3689692e-16 -1.2644835e-04  1.2644835e-04
[psi]  3.2890357e-15 -5.0000000e-02  5.0000000e-02
[rho]  1.7333335e+00  1.3269645e-03  1.4534128e-03
[rho]  1.7333335e+00  1.3269645e-03  1.4534128e-03
[elc] -5.3689692e-16 -1.2644835e-04  1.2644835e-04

Free energy density - timestep total fluid
[fed]          20000 -2.1053480543e-02 -2.1053480634e-02

Momentum - x y z
[total   ]  0.0000000e+00  0.0000000e+00  0.0000000e+00
[fluid   ]  0.0000000e+00  0.0000000e+00  0.0000000e+00
[walls   ]  0.0000000e+00  0.0000000e+00  0.0000000e+00

Completed cycle 20000
  Current step =0
  Current step =0
  Current step =0
  Current step =0
  Current step =0
  Current step =0
  Current step =0
  Current step =0
  Current step =0
  Current step =0
  Current step =0
  Current step =0
  Current step =0
  Current step =0
  Current step =0
  Current step =0
  Current step =0
  Current step =0
  Current step =0
  Current step =0
  Current step =0
  Current step =0
  Current step =0
  Current step =0
  Current step =0
  Current step =0
  Current step =0
  Current step =0
  Current step =0
  Current step =0
  Current step =0
  Current step =0
  Current step =0
  Current step =0
  Current step =0
  Current step =0
  Current step =0
  Current step =0
  Current step =0
  Current step =0
  Current step =0
  Current step =0
  Current step =0
  Current step =0
  Current step =0
  Current step =0
  Current step =0
  Current step =0
  Current step =0

Krylov solver
Norm of residual 3.26099e-17 at 21 iterations
Wall charge lower -1.320091530941387e-02 upper  1.320091530941728e-02
Fluid charge      -6.297046217795810e-16 total  2.780761731990822e-15
  Current step =0
  Current step =0
  Current step =0
  Current step =0
  Current step =0
  Current step =0
  Current step =0
  Current step =0
  Current step =0
  Current step =0
  Current step =0
  Current step =0
  Current step =0
  Current step =0
  Current step =0
  Current step =0
  Current step =0
  Current step =0
  Current step =0
  Current step =0
  Current step =0
  Current step =0
  Current step =0
  Current step =0
  Current step =0
  Current step =0
  Current step =0
  Current step =0
  Current step =0
  Current step =0
  Current step =0
  Current step =0
  Current step =0
  Current step =0
  Current step =0
  Current step =0
  Current step =0
  Current step =0
  Current step =0
  Current step =0
  Current step =0
  Current step =0
  Current step =0
  Current step =0
  Current step =0
  Current step =0
  Current step =0
  Current step =0
  Current step =0
  Current step =0

Krylov solver
Norm of residual 3.26099e-17 at 21 iterations
Wall charge lower -1.320196318467360e-02 upper  1.320196318467710e-02
Fluid charge      -6.366435156834882e-16 total  2.864028458837709e-15
  Current step =0
  Current step =0
  Current step =0
  Current step =0
  Current step =0
  Current step =0
  Current step =0
  Current step =0
  Current step =0
  Current step =0
  Current step =0
  Current step =0
  Current step =0
  Current step =0
  Current step =0
  Current step =0
  Current step =0
  Current step =0
  Current step =0
  Current step =0
  Current step =0
  Current step =0
  Current step =0
  Current step =0
  Current step =0
  Current step =0
  Current step =0
  Current step =0
  Current step =0
  Current step =0
  Current step =0
  Current step =0
  Current step =0
  Current step =0
  Current step =0
  Current step =0
  Current step =0
  Current step =0
  Current step =0
  Current step =0
  Current step =0
  Current step =0
  Current step =0
  Current step =0
  Current step =0
  Current step =0
  Current step =0
  Current step =0
  Current step =0
  Current step =0

Krylov solver
Norm of residual 3.26099e-17 at 21 iterations
Wall charge lower -1.320299846005967e-02 upper  1.320299846006313e-02
Fluid charge      -5.776629175002768e-16 total  2.879640970121500e-15
  Current step =0
  Current step =0
  Current step =0
  Current step =0
  Current step =0
  Current step =0
  Current step =0
  Current step =0
  Current step =0
  Current step =0
  Current step =0
  Current step =0
  Current step =0
  Current step =0
  Current step =0
  Current step =0
  Current step =0
  Current step =0
  Current step =0
  Current step =0
  Current step =0
  Current step =0
  Current step =0
  Current step =0
  Current step =0
  Current step =0
  Current step =0
  Current step =0
  Current step =0
  Current step =0
  Current step =0
  Current step =0
  Current step =0
  Current step =0
  Current step =0
  Current step =0
  Current step =0
  Current step =0
  Current step =0
  Current step =0
  Current step =0
  Current step =0
  Current step =0
  Current step =0
  Current step =0
  Current step =0
  Current step =0
  Current step =0
  Current step =0
  Current step =0

Krylov solver
Norm of residual 3.26099e-17 at 21 iterations
Wall charge lower -1.320402128708073e-02 upper  1.320402128708435e-02
Fluid charge      -8.005748841632965e-16 total  2.814588839772370e-15
  Current step =0
  Current step =0
  Current step =0
  Current step =0
  Current step =0
  Current step =0
  Current step =0
  Current step =0
  Current step =0
  Current step =0
  Current step =0
  Current step =0
  Current step =0
  Current step =0
  Current step =0
  Current step =0
  Current step =0
  Current step =0
  Current step =0
  Current step =0
  Current step =0
  Current step =0
  Current step =0
  Current step =0
  Current step =0
  Current step =0
  Current step =0
  Current step =0
  Current step =0
  Current step =0
  Current step =0
  Current step =0
  Current step =0
  Current step =0
  Current step =0
  Current step =0
  Current step =0
  Current step =0
  Current step =0
  Current step =0
  Current step =0
  Current step =0
  Current step =0
  Current step =0
  Current step =0
  Current step =0
  Current step =0
  Current step =0
  Current step =0
  Current step =0

Krylov solver
Norm of residual 3.26099e-17 at 21 iterations
Wall charge lower -1.320503181542338e-02 upper  1.320503181542700e-02
Fluid charge      -7.676151381197371e-16 total  2.857956926671790e-15
  Current step =0
  Current step =0
  Current step =0
  Current step =0
  Current step =0
  Current step =0
  Current step =0
  Current step =0
  Current step =0
  Current step =0
  Current step =0
  Current step =0
  Current step =0
  Current step =0
  Current step =0
  Current step =0
  Current step =0
  Current step =0
  Current step =0
  Current step =0
  Current step =0
  Current step =0
  Current step =0
  Current step =0
  Current step =0
  Current step =0
  Current step =0
  Current step =0
  Current step =0
  Current step =0
  Current step =0
  Current step =0
  Current step =0
  Current step =0
  Current step =0
  Current step =0
  Current step =0
  Current step =0
  Current step =0
  Current step =0
  Current step =0
  Current step =0
  Current step =0
  Current step =0
  Current step =0
  Current step =0
  Current step =0
  Current step =0
  Current step =0
  Current step =0

Krylov solver
Norm of residual 3.26099e-17 at 21 iterations
Wall charge lower -1.320603019297439e-02 upper  1.320603019297801e-02
Fluid charge      -8.014422459012849e-16 total  2.825864542366219e-15
  Current step =0
  Current step =0
  Current step =0
  Current step =0
  Current step =0
  Current step =0
  Current step =0
  Current step =0
  Current step =0
  Current step =0
  Current step =0
  Current step =0
  Current step =0
  Current step =0
  Current step =0
  Current step =0
  Current step =0
  Current step =0
  Current step =0
  Current step =0
  Current step =0
  Current step =0
  Current step =0
  Current step =0
  Current step =0
  Current step =0
  Current step =0
  Current step =0
  Current step =0
  Current step =0
  Current step =0
  Current step =0
  Current step =0
  Current step =0
  Current step =0
  Current step =0
  Current step =0
  Current step =0
  Current step =0
  Current step =0
  Current step =0
  Current step =0
  Current step =0
  Current step =0
  Current step =0
  Current step =0
  Current step =0
  Current step =0
  Current step =0
  Current step =0

Krylov solver
Norm of residual 3.26099e-17 at 21 iterations
Wall charge lower -1.320701656584206e-02 upper  1.320701656584554e-02
Fluid charge      -6.422813669804128e-16 total  2.837573925829062e-15
  Current step =0
  Current step =0
  Current step =0
  Current step =0
  Current step =0
  Current step =0
  Current step =0
  Current step =0
  Current step =0
  Current step =0
  Current step =0
  Current step =0
  Current step =0
  Current step =0
  Current step =0
  Current step =0
  Current step =0
  Current step =0
  Current step =0
  Current step =0
  Current step =0
  Current step =0
  Current step =0
  Current step =0
  Current step =0
  Current step =0
  Current step =0
  Current step =0
  Current step =0
  Current step =0
  Current step =0
  Current step =0
  Current step =0
  Current step =0
  Current step =0
  Current step =0
  Current step =0
  Current step =0
  Current step =0
  Current step =0
  Current step =0
  Current step =0
  Current step =0
  Current step =0
  Current step =0
  Current step =0
  Current step =0
  Current step =0
  Current step =0
  Current step =0

Krylov solver
Norm of residual 3.26099e-17 at 21 iterations
Wall charge lower -1.320799107837741e-02 upper  1.320799107838108e-02
Fluid charge      -6.307888239520665e-16 total  3.038151327738881e-15
  Current step =0
  Current step =0
  Current step =0
  Current step =0
  Current step =0
  Current step =0
  Current step =0
  Current step =0
  Current step =0
  Current step =0
  Current step =0
  Current step =0
  Current step =0
  Current step =0
  Current step =0
  Current step =0
  Current step =0
  Current step =0
  Current step =0
  Current step =0
  Current step =0
  Current step =0
  Current step =0
  Current step =0
  Current step =0
  Current step =0
  Current step =0
  Current step =0
  Current step =0
  Current step =0
  Current step =0
  Current step =0
  Current step =0
  Current step =0
  Current step =0
  Current step =0
  Current step =0
  Current step =0
  Current step =0
  Current step =0
  Current step =0
  Current step =0
  Current step =0
  Current step =0
  Current step =0
  Current step =0
  Current step =0
  Current step =0
  Current step =0
  Current step =0

Krylov solver
Norm of residual 3.26099e-17 at 21 iterations
Wall charge lower -1.320895387319644e-02 upper  1.320895387319990e-02
Fluid charge      -6.132247487578013e-16 total  2.840609691912022e-15
  Current step =0
  Current step =0
  Current step =0
  Current step =0
  Current step =0
  Current step =0
  Current step =0
  Current step =0
  Current step =0
  Current step =0
  Current step =0
  Current step =0
  Current step =0
  Current step =0
  Current step =0
  Current step =0
  Current step =0
  Current step =0
  Current step =0
  Current step =0
  Current step =0
  Current step =0
  Current step =0
  Current step =0
  Current step =0
  Current step =0
  Current step =0
  Current step =0
  Current step =0
  Current step =0
  Current step =0
  Current step =0
  Current step =0
  Current step =0
  Current step =0
  Current step =0
  Current step =0
  Current step =0
  Current step =0
  Current step =0
  Current step =0
  Current step =0
  Current step =0
  Current step =0
  Current step =0
  Current step =0
  Current step =0
  Current step =0
  Current step =0
  Current step =0

Krylov solver
Norm of residual 3.26099e-17 at 21 iterations
Wall charge lower -1.320990509119904e-02 upper  1.320990509120280e-02
Fluid charge      -5.564125549195609e-16 total  3.200998494046203e-15
  Current step =0
  Current step =0
  Current step =0
  Current step =0
  Current step =0
  Current step =0
  Current step =0
  Current step =0
  Current step =0
  Current step =0
  Current step =0
  Current step =0
  Current step =0
  Current step =0
  Current step =0
  Current step =0
  Current step =0
  Current step =0
  Current step =0
  Current step =0
  Current step =0
  Current step =0
  Current step =0
  Current step =0
  Current step =0
  Current step =0
  Current step =0
  Current step =0
  Current step =0
  Current step =0
  Current step =0
  Current step =0
  Current step =0
  Current step =0
  Current step =0
  Current step =0
  Current step =0
  Current step =0
  Current step =0
  Current step =0
  Current step =0
  Current step =0
  Current step =0
  Current step =0
  Current step =0
  Current step =0
  Current step =0
  Current step =0
  Current step =0
  Current step =0

Krylov solver
Norm of residual 3.26099e-17 at 21 iterations
Wall charge lower -1.321084487159183e-02 upper  1.321084487159540e-02
Fluid charge      -5.473052566706826e-16 total  3.022755656889586e-15
  Current step =0
  Current step =0
  Current step =0
  Current step =0
  Current step =0
  Current step =0
  Current step =0
  Current step =0
  Current step =0
  Current step =0
  Current step =0
  Current step =0
  Current step =0
  Current step =0
  Current step =0
  Current step =0
  Current step =0
  Current step =0
  Current step =0
  Current step =0
  Current step =0
  Current step =0
  Current step =0
  Current step =0
  Current step =0
  Current step =0
  Current step =0
  Current step =0
  Current step =0
  Current step =0
  Current step =0
  Current step =0
  Current step =0
  Current step =0
  Current step =0
  Current step =0
  Current step =0
  Current step =0
  Current step =0
  Current step =0
  Current step =0
  Current step =0
  Current step =0
  Current step =0
  Current step =0
  Current step =0
  Current step =0
  Current step =0
  Current step =0
  Current step =0

Krylov solver
Norm of residual 3.26099e-17 at 21 iterations
Wall charge lower -1.321177335190700e-02 upper  1.321177335191035e-02
Fluid charge      -5.152128723651117e-16 total  2.834538159746103e-15
  Current step =0
  Current step =0
  Current step =0
  Current step =0
  Current step =0
  Current step =0
  Current step =0
  Current step =0
  Current step =0
  Current step =0
  Current step =0
  Current step =0
  Current step =0
  Current step =0
  Current step =0
  Current step =0
  Current step =0
  Current step =0
  Current step =0
  Current step =0
  Current step =0
  Current step =0
  Current step =0
  Current step =0
  Current step =0
  Current step =0
  Current step =0
  Current step =0
  Current step =0
  Current step =0
  Current step =0
  Current step =0
  Current step =0
  Current step =0
  Current step =0
  Current step =0
  Current step =0
  Current step =0
  Current step =0
  Current step =0
  Current step =0
  Current step =0
  Current step =0
  Current step =0
  Current step =0
  Current step =0
  Current step =0
  Current step =0
  Current step =0
  Current step =0

Krylov solver
Norm of residual 3.26099e-17 at 21 iterations
Wall charge lower -1.321269066802263e-02 upper  1.321269066802589e-02
Fluid charge      -5.603156827405087e-16 total  2.704433899047842e-15
  Current step =0
  Current step =0
  Current step =0
  Current step =0
  Current step =0
  Current step =0
  Current step =0
  Current step =0
  Current step =0
  Current step =0
  Current step =0
  Current step =0
  Current step =0
  Current step =0
  Current step =0
  Current step =0
  Current step =0
  Current step =0
  Current step =0
  Current step =0
  Current step =0
  Current step =0
  Current step =0
  Current step =0
  Current step =0
  Current step =0
  Current step =0
  Current step =0
  Current step =0
  Current step =0
  Current step =0
  Current step =0
  Current step =0
  Current step =0
  Current step =0
  Current step =0
  Current step =0
  Current step =0
  Current step =0
  Current step =0
  Current step =0
  Current step =0
  Current step =0
  Current step =0
  Current step =0
  Current step =0
  Current step =0
  Current step =0
  Current step =0
  Current step =0

Krylov solver
Norm of residual 3.26099e-17 at 21 iterations
Wall charge lower -1.321359695418308e-02 upper  1.321359695418661e-02
Fluid charge      -5.930585883495709e-16 total  2.938838408739208e-15
  Current step =0
  Current step =0
  Current step =0
  Current step =0
  Current step =0
  Current step =0
  Current step =0
  Current step =0
  Current step =0
  Current step =0
  Current step =0
  Current step =0
  Current step =0
  Current step =0
  Current step =0
  Current step =0
  Current step =0
  Current step =0
  Current step =0
  Current step =0
  Current step =0
  Current step =0
  Current step =0
  Current step =0
  Current step =0
  Current step =0
  Current step =0
  Current step =0
  Current step =0
  Current step =0
  Current step =0
  Current step =0
  Current step =0
  Current step =0
  Current step =0
  Current step =0
  Current step =0
  Current step =0
  Current step =0
  Current step =0
  Current step =0
  Current step =0
  Current step =0
  Current step =0
  Current step =0
  Current step =0
  Current step =0
  Current step =0
  Current step =0
  Current step =0

Krylov solver
Norm of residual 3.26099e-17 at 21 iterations
Wall charge lower -1.321449234301865e-02 upper  1.321449234302210e-02
Fluid charge      -5.006845632538059e-16 total  2.946210983512110e-15
  Current step =0
  Current step =0
  Current step =0
  Current step =0
  Current step =0
  Current step =0
  Current step =0
  Current step =0
  Current step =0
  Current step =0
  Current step =0
  Current step =0
  Current step =0
  Current step =0
  Current step =0
  Current step =0
  Current step =0
  Current step =0
  Current step =0
  Current step =0
  Current step =0
  Current step =0
  Current step =0
  Current step =0
  Current step =0
  Current step =0
  Current step =0
  Current step =0
  Current step =0
  Current step =0
  Current step =0
  Current step =0
  Current step =0
  Current step =0
  Current step =0
  Current step =0
  Current step =0
  Current step =0
  Current step =0
  Current step =0
  Current step =0
  Current step =0
  Current step =0
  Current step =0
  Current step =0
  Current step =0
  Current step =0
  Current step =0
  Current step =0
  Current step =0

Krylov solver
Norm of residual 3.26099e-17 at 21 iterations
Wall charge lower -1.321537696556433e-02 upper  1.321537696556785e-02
Fluid charge      -5.993469609499869e-16 total  2.913468077903048e-15
  Current step =0
  Current step =0
  Current step =0
  Current step =0
  Current step =0
  Current step =0
  Current step =0
  Current step =0
  Current step =0
  Current step =0
  Current step =0
  Current step =0
  Current step =0
  Current step =0
  Current step =0
  Current step =0
  Current step =0
  Current step =0
  Current step =0
  Current step =0
  Current step =0
  Current step =0
  Current step =0
  Current step =0
  Current step =0
  Current step =0
  Current step =0
  Current step =0
  Current step =0
  Current step =0
  Current step =0
  Current step =0
  Current step =0
  Current step =0
  Current step =0
  Current step =0
  Current step =0
  Current step =0
  Current step =0
  Current step =0
  Current step =0
  Current step =0
  Current step =0
  Current step =0
  Current step =0
  Current step =0
  Current step =0
  Current step =0
  Current step =0
  Current step =0

Krylov solver
Norm of residual 3.26099e-17 at 21 iterations
Wall charge lower -1.321625095127994e-02 upper  1.321625095128318e-02
Fluid charge      -4.100452616340178e-16 total  2.828683468014681e-15
  Current step =0
  Current step =0
  Current step =0
  Current step =0
  Current step =0
  Current step =0
  Current step =0
  Current step =0
  Current step =0
  Current step =0
  Current step =0
  Current step =0
  Current step =0
  Current step =0
  Current step =0
  Current step =0
  Current step =0
  Current step =0
  Current step =0
  Current step =0
  Current step =0
  Current step =0
  Current step =0
  Current step =0
  Current step =0
  Current step =0
  Current step =0
  Current step =0
  Current step =0
  Current step =0
  Current step =0
  Current step =0
  Current step =0
  Current step =0
  Current step =0
  Current step =0
  Current step =0
  Current step =0
  Current step =0
  Current step =0
  Current step =0
  Current step =0
  Current step =0
  Current step =0
  Current step =0
  Current step =0
  Current step =0
  Current step =0
  Current step =0
  Current step =0

Krylov solver
Norm of residual 3.26099e-17 at 21 iterations
Wall charge lower -1.321711442806766e-02 upper  1.321711442807106e-02
Fluid charge      -4.289103794352656e-16 total  2.969412910003300e-15
  Current step =0
  Current step =0
  Current step =0
  Current step =0
  Current step =0
  Current step =0
  Current step =0
  Current step =0
  Current step =0
  Current step =0
  Current step =0
  Current step =0
  Current step =0
  Current step =0
  Current step =0
  Current step =0
  Current step =0
  Current step =0
  Current step =0
  Current step =0
  Current step =0
  Current step =0
  Current step =0
  Current step =0
  Current step =0
  Current step =0
  Current step =0
  Current step =0
  Current step =0
  Current step =0
  Current step =0
  Current step =0
  Current step =0
  Current step =0
  Current step =0
  Current step =0
  Current step =0
  Current step =0
  Current step =0
  Current step =0
  Current step =0
  Current step =0
  Current step =0
  Current step =0
  Current step =0
  Current step =0
  Current step =0
  Current step =0
  Current step =0
  Current step =0

Krylov solver
Norm of residual 3.26099e-17 at 21 iterations
Wall charge lower -1.321796752229275e-02 upper  1.321796752229594e-02
Fluid charge      -3.720981855970251e-16 total  2.819793010200300e-15
  Current step =0
  Current step =0
  Current step =0
  Current step =0
  Current step =0
  Current step =0
  Current step =0
  Current step =0
  Current step =0
  Current step =0
  Current step =0
  Current step =0
  Current step =0
  Current step =0
  Current step =0
  Current step =0
  Current step =0
  Current step =0
  Current step =0
  Current step =0
  Current step =0
  Current step =0
  Current step =0
  Current step =0
  Current step =0
  Current step =0
  Current step =0
  Current step =0
  Current step =0
  Current step =0
  Current step =0
  Current step =0
  Current step =0
  Current step =0
  Current step =0
  Current step =0
  Current step =0
  Current step =0
  Current step =0
  Current step =0
  Current step =0
  Current step =0
  Current step =0
  Current step =0
  Current step =0
  Current step =0
  Current step =0
  Current step =0
  Current step =0
  Current step =0

Krylov solver
Norm of residual 3.26099e-17 at 21 iterations
Wall charge lower -1.321881035879986e-02 upper  1.321881035880335e-02
Fluid charge      -4.408366033326061e-16 total  3.051161753808707e-15
  Current step =0
  Current step =0
  Current step =0
  Current step =0
  Current step =0
  Current step =0
  Current step =0
  Current step =0
  Current step =0
  Current step =0
  Current step =0
  Current step =0
  Current step =0
  Current step =0
  Current step =0
  Current step =0
  Current step =0
  Current step =0
  Current step =0
  Current step =0
  Current step =0
  Current step =0
  Current step =0
  Current step =0
  Current step =0
  Current step =0
  Current step =0
  Current step =0
  Current step =0
  Current step =0
  Current step =0
  Current step =0
  Current step =0
  Current step =0
  Current step =0
  Current step =0
  Current step =0
  Current step =0
  Current step =0
  Current step =0
  Current step =0
  Current step =0
  Current step =0
  Current step =0
  Current step =0
  Current step =0
  Current step =0
  Current step =0
  Current step =0
  Current step =0

Krylov solver
Norm of residual 3.26099e-17 at 21 iterations
Wall charge lower -1.321964306093317e-02 upper  1.321964306093667e-02
Fluid charge      -5.065392549852277e-16 total  2.994132719535969e-15
  Current step =0
  Current step =0
  Current step =0
  Current step =0
  Current step =0
  Current step =0
  Current step =0
  Current step =0
  Current step =0
  Current step =0
  Current step =0
  Current step =0
  Current step =0
  Current step =0
  Current step =0
  Current step =0
  Current step =0
  Current step =0
  Current step =0
  Current step =0
  Current step =0
  Current step =0
  Current step =0
  Current step =0
  Current step =0
  Current step =0
  Current step =0
  Current step =0
  Current step =0
  Current step =0
  Current step =0
  Current step =0
  Current step =0
  Current step =0
  Current step =0
  Current step =0
  Current step =0
  Current step =0
  Current step =0
  Current step =0
  Current step =0
  Current step =0
  Current step =0
  Current step =0
  Current step =0
  Current step =0
  Current step =0
  Current step =0
  Current step =0
  Current step =0

Krylov solver
Norm of residual 3.26099e-17 at 21 iterations
Wall charge lower -1.322046575055331e-02 upper  1.322046575055680e-02
Fluid charge      -5.872038966181492e-16 total  2.896120843143279e-15
  Current step =0
  Current step =0
  Current step =0
  Current step =0
  Current step =0
  Current step =0
  Current step =0
  Current step =0
  Current step =0
  Current step =0
  Current step =0
  Current step =0
  Current step =0
  Current step =0
  Current step =0
  Current step =0
  Current step =0
  Current step =0
  Current step =0
  Current step =0
  Current step =0
  Current step =0
  Current step =0
  Current step =0
  Current step =0
  Current step =0
  Current step =0
  Current step =0
  Current step =0
  Current step =0
  Current step =0
  Current step =0
  Current step =0
  Current step =0
  Current step =0
  Current step =0
  Current step =0
  Current step =0
  Current step =0
  Current step =0
  Current step =0
  Current step =0
  Current step =0
  Current step =0
  Current step =0
  Current step =0
  Current step =0
  Current step =0
  Current step =0
  Current step =0

Krylov solver
Norm of residual 3.26099e-17 at 21 iterations
Wall charge lower -1.322127854805575e-02 upper  1.322127854805881e-02
Fluid charge      -4.130810277169772e-16 total  2.653910077810018e-15
  Current step =0
  Current step =0
  Current step =0
  Current step =0
  Current step =0
  Current step =0
  Current step =0
  Current step =0
  Current step =0
  Current step =0
  Current step =0
  Current step =0
  Current step =0
  Current step =0
  Current step =0
  Current step =0
  Current step =0
  Current step =0
  Current step =0
  Current step =0
  Current step =0
  Current step =0
  Current step =0
  Current step =0
  Current step =0
  Current step =0
  Current step =0
  Current step =0
  Current step =0
  Current step =0
  Current step =0
  Current step =0
  Current step =0
  Current step =0
  Current step =0
  Current step =0
  Current step =0
  Current step =0
  Current step =0
  Current step =0
  Current step =0
  Current step =0
  Current step =0
  Current step =0
  Current step =0
  Current step =0
  Current step =0
  Current step =0
  Current step =0
  Current step =0

Krylov solver
Norm of residual 3.26099e-17 at 21 iterations
Wall charge lower -1.322208157238738e-02 upper  1.322208157239068e-02
Fluid charge      -5.887217796596289e-16 total  2.710722271648258e-15
  Current step =0
  Current step =0
  Current step =0
  Current step =0
  Current step =0
  Current step =0
  Current step =0
  Current step =0
  Current step =0
  Current step =0
  Current step =0
  Current step =0
  Current step =0
  Current step =0
  Current step =0
  Current step =0
  Current step =0
  Current step =0
  Current step =0
  Current step =0
  Current step =0
  Current step =0
  Current step =0
  Current step =0
  Current step =0
  Current step =0
  Current step =0
  Current step =0
  Current step =0
  Current step =0
  Current step =0
  Current step =0
  Current step =0
  Current step =0
  Current step =0
  Current step =0
  Current step =0
  Current step =0
  Current step =0
  Current step =0
  Current step =0
  Current step =0
  Current step =0
  Current step =0
  Current step =0
  Current step =0
  Current step =0
  Current step =0
  Current step =0
  Current step =0

Krylov solver
Norm of residual 3.26099e-17 at 21 iterations
Wall charge lower -1.322287494106606e-02 upper  1.322287494106946e-02
Fluid charge      -4.518954654919582e-16 total  2.951631994374537e-15
  Current step =0
  Current step =0
  Current step =0
  Current step =0
  Current step =0
  Current step =0
  Current step =0
  Current step =0
  Current step =0
  Current step =0
  Current step =0
  Current step =0
  Current step =0
  Current step =0
  Current step =0
  Current step =0
  Current step =0
  Current step =0
  Current step =0
  Current step =0
  Current step =0
  Current step =0
  Current step =0
  Current step =0
  Current step =0
  Current step =0
  Current step =0
  Current step =0
  Current step =0
  Current step =0
  Current step =0
  Current step =0
  Current step =0
  Current step =0
  Current step =0
  Current step =0
  Current step =0
  Current step =0
  Current step =0
  Current step =0
  Current step =0
  Current step =0
  Current step =0
  Current step =0
  Current step =0
  Current step =0
  Current step =0
  Current step =0
  Current step =0
  Current step =0

Krylov solver
Norm of residual 3.26099e-17 at 21 iterations
Wall charge lower -1.322365877019544e-02 upper  1.322365877019878e-02
Fluid charge      -4.163336342344337e-16 total  2.924743780496897e-15
  Current step =0
  Current step =0
  Current step =0
  Current step =0
  Current step =0
  Current step =0
  Current step =0
  Current step =0
  Current step =0
  Current step =0
  Current step =0
  Current step =0
  Current step =0
  Current step =0
  Current step =0
  Current step =0
  Current step =0
  Current step =0
  Current step =0
  Current step =0
  Current step =0
  Current step =0
  Current step =0
  Current step =0
  Current step =0
  Current step =0
  Current step =0
  Current step =0
  Current step =0
  Current step =0
  Current step =0
  Current step =0
  Current step =0
  Current step =0
  Current step =0
  Current step =0
  Current step =0
  Current step =0
  Current step =0
  Current step =0
  Current step =0
  Current step =0
  Current step =0
  Current step =0
  Current step =0
  Current step =0
  Current step =0
  Current step =0
  Current step =0
  Current step =0

Krylov solver
Norm of residual 3.26099e-17 at 21 iterations
Wall charge lower -1.322443317448356e-02 upper  1.322443317448694e-02
Fluid charge      -4.549312315749177e-16 total  2.922575376151926e-15
  Current step =0
  Current step =0
  Current step =0
  Current step =0
  Current step =0
  Current step =0
  Current step =0
  Current step =0
  Current step =0
  Current step =0
  Current step =0
  Current step =0
  Current step =0
  Current step =0
  Current step =0
  Current step =0
  Current step =0
  Current step =0
  Current step =0
  Current step =0
  Current step =0
  Current step =0
  Current step =0
  Current step =0
  Current step =0
  Current step =0
  Current step =0
  Current step =0
  Current step =0
  Current step =0
  Current step =0
  Current step =0
  Current step =0
  Current step =0
  Current step =0
  Current step =0
  Current step =0
  Current step =0
  Current step =0
  Current step =0
  Current step =0
  Current step =0
  Current step =0
  Current step =0
  Current step =0
  Current step =0
  Current step =0
  Current step =0
  Current step =0
  Current step =0

Krylov solver
Norm of residual 3.26099e-17 at 21 iterations
Wall charge lower -1.322519826725893e-02 upper  1.322519826726230e-02
Fluid charge      -4.761815941556335e-16 total  2.903059737047187e-15
  Current step =0
  Current step =0
  Current step =0
  Current step =0
  Current step =0
  Current step =0
  Current step =0
  Current step =0
  Current step =0
  Current step =0
  Current step =0
  Current step =0
  Current step =0
  Current step =0
  Current step =0
  Current step =0
  Current step =0
  Current step =0
  Current step =0
  Current step =0
  Current step =0
  Current step =0
  Current step =0
  Current step =0
  Current step =0
  Current step =0
  Current step =0
  Current step =0
  Current step =0
  Current step =0
  Current step =0
  Current step =0
  Current step =0
  Current step =0
  Current step =0
  Current step =0
  Current step =0
  Current step =0
  Current step =0
  Current step =0
  Current step =0
  Current step =0
  Current step =0
  Current step =0
  Current step =0
  Current step =0
  Current step =0
  Current step =0
  Current step =0
  Current step =0

Krylov solver
Norm of residual 3.26099e-17 at 21 iterations
Wall charge lower -1.322595416048734e-02 upper  1.322595416049074e-02
Fluid charge      -5.525094270986131e-16 total  2.851018032767882e-15
  Current step =0
  Current step =0
  Current step =0
  Current step =0
  Current step =0
  Current step =0
  Current step =0
  Current step =0
  Current step =0
  Current step =0
  Current step =0
  Current step =0
  Current step =0
  Current step =0
  Current step =0
  Current step =0
  Current step =0
  Current step =0
  Current step =0
  Current step =0
  Current step =0
  Current step =0
  Current step =0
  Current step =0
  Current step =0
  Current step =0
  Current step =0
  Current step =0
  Current step =0
  Current step =0
  Current step =0
  Current step =0
  Current step =0
  Current step =0
  Current step =0
  Current step =0
  Current step =0
  Current step =0
  Current step =0
  Current step =0
  Current step =0
  Current step =0
  Current step =0
  Current step =0
  Current step =0
  Current step =0
  Current step =0
  Current step =0
  Current step =0
  Current step =0

Krylov solver
Norm of residual 3.26099e-17 at 21 iterations
Wall charge lower -1.322670096478811e-02 upper  1.322670096479149e-02
Fluid charge      -5.134781488891349e-16 total  2.860559011885755e-15
  Current step =0
  Current step =0
  Current step =0
  Current step =0
  Current step =0
  Current step =0
  Current step =0
  Current step =0
  Current step =0
  Current step =0
  Current step =0
  Current step =0
  Current step =0
  Current step =0
  Current step =0
  Current step =0
  Current step =0
  Current step =0
  Current step =0
  Current step =0
  Current step =0
  Current step =0
  Current step =0
  Current step =0
  Current step =0
  Current step =0
  Current step =0
  Current step =0
  Current step =0
  Current step =0
  Current step =0
  Current step =0
  Current step =0
  Current step =0
  Current step =0
  Current step =0
  Current step =0
  Current step =0
  Current step =0
  Current step =0
  Current step =0
  Current step =0
  Current step =0
  Current step =0
  Current step =0
  Current step =0
  Current step =0
  Current step =0
  Current step =0
  Current step =0

Krylov solver
Norm of residual 3.26099e-17 at 21 iterations
Wall charge lower -1.322743878945032e-02 upper  1.322743878945380e-02
Fluid charge      -5.143455106271233e-16 total  2.963775058706375e-15
  Current step =0
  Current step =0
  Current step =0
  Current step =0
  Current step =0
  Current step =0
  Current step =0
  Current step =0
  Current step =0
  Current step =0
  Current step =0
  Current step =0
  Current step =0
  Current step =0
  Current step =0
  Current step =0
  Current step =0
  Current step =0
  Current step =0
  Current step =0
  Current step =0
  Current step =0
  Current step =0
  Current step =0
  Current step =0
  Current step =0
  Current step =0
  Current step =0
  Current step =0
  Current step =0
  Current step =0
  Current step =0
  Current step =0
  Current step =0
  Current step =0
  Current step =0
  Current step =0
  Current step =0
  Current step =0
  Current step =0
  Current step =0
  Current step =0
  Current step =0
  Current step =0
  Current step =0
  Current step =0
  Current step =0
  Current step =0
  Current step =0
  Current step =0

Krylov solver
Norm of residual 3.26099e-17 at 21 iterations
Wall charge lower -1.322816774244937e-02 upper  1.322816774245263e-02
Fluid charge      -5.199833619240479e-16 total  2.736092602484419e-15
  Current step =0
  Current step =0
  Current step =0
  Current step =0
  Current step =0
  Current step =0
  Current step =0
  Current step =0
  Current step =0
  Current step =0
  Current step =0
  Current step =0
  Current step =0
  Current step =0
  Current step =0
  Current step =0
  Current step =0
  Current step =0
  Current step =0
  Current step =0
  Current step =0
  Current step =0
  Current step =0
  Current step =0
  Current step =0
  Current step =0
  Current step =0
  Current step =0
  Current step =0
  Current step =0
  Current step =0
  Current step =0
  Current step =0
  Current step =0
  Current step =0
  Current step =0
  Current step =0
  Current step =0
  Current step =0
  Current step =0
  Current step =0
  Current step =0
  Current step =0
  Current step =0
  Current step =0
  Current step =0
  Current step =0
  Current step =0
  Current step =0
  Current step =0

Krylov solver
Norm of residual 3.26099e-17 at 21 iterations
Wall charge lower -1.322888793046133e-02 upper  1.322888793046472e-02
Fluid charge      -3.920475055707584e-16 total  2.994132719535969e-15
  Current step =0
  Current step =0
  Current step =0
  Current step =0
  Current step =0
  Current step =0
  Current step =0
  Current step =0
  Current step =0
  Current step =0
  Current step =0
  Current step =0
  Current step =0
  Current step =0
  Current step =0
  Current step =0
  Current step =0
  Current step =0
  Current step =0
  Current step =0
  Current step =0
  Current step =0
  Current step =0
  Current step =0
  Current step =0
  Current step =0
  Current step =0
  Current step =0
  Current step =0
  Current step =0
  Current step =0
  Current step =0
  Current step =0
  Current step =0
  Current step =0
  Current step =0
  Current step =0
  Current step =0
  Current step =0
  Current step =0
  Current step =0
  Current step =0
  Current step =0
  Current step =0
  Current step =0
  Current step =0
  Current step =0
  Current step =0
  Current step =0
  Current step =0

Krylov solver
Norm of residual 3.26099e-17 at 21 iterations
Wall charge lower -1.322959945888040e-02 upper  1.322959945888380e-02
Fluid charge      -6.455339734978693e-16 total  2.751054592464719e-15
  Current step =0
  Current step =0
  Current step =0
  Current step =0
  Current step =0
  Current step =0
  Current step =0
  Current step =0
  Current step =0
  Current step =0
  Current step =0
  Current step =0
  Current step =0
  Current step =0
  Current step =0
  Current step =0
  Current step =0
  Current step =0
  Current step =0
  Current step =0
  Current step =0
  Current step =0
  Current step =0
  Current step =0
  Current step =0
  Current step =0
  Current step =0
  Current step =0
  Current step =0
  Current step =0
  Current step =0
  Current step =0
  Current step =0
  Current step =0
  Current step =0
  Current step =0
  Current step =0
  Current step =0
  Current step =0
  Current step =0
  Current step =0
  Current step =0
  Current step =0
  Current step =0
  Current step =0
  Current step =0
  Current step =0
  Current step =0
  Current step =0
  Current step =0

Krylov solver
Norm of residual 3.26099e-17 at 21 iterations
Wall charge lower -1.323030243183300e-02 upper  1.323030243183628e-02
Fluid charge      -5.004677228193088e-16 total  2.781629093728810e-15
  Current step =0
  Current step =0
  Current step =0
  Current step =0
  Current step =0
  Current step =0
  Current step =0
  Current step =0
  Current step =0
  Current step =0
  Current step =0
  Current step =0
  Current step =0
  Current step =0
  Current step =0
  Current step =0
  Current step =0
  Current step =0
  Current step =0
  Current step =0
  Current step =0
  Current step =0
  Current step =0
  Current step =0
  Current step =0
  Current step =0
  Current step =0
  Current step =0
  Current step =0
  Current step =0
  Current step =0
  Current step =0
  Current step =0
  Current step =0
  Current step =0
  Current step =0
  Current step =0
  Current step =0
  Current step =0
  Current step =0
  Current step =0
  Current step =0
  Current step =0
  Current step =0
  Current step =0
  Current step =0
  Current step =0
  Current step =0
  Current step =0
  Current step =0

Krylov solver
Norm of residual 3.26099e-17 at 21 iterations
Wall charge lower -1.323099695219330e-02 upper  1.323099695219676e-02
Fluid charge      -4.102621020685149e-16 total  3.048776509029238e-15
  Current step =0
  Current step =0
  Current step =0
  Current step =0
  Current step =0
  Current step =0
  Current step =0
  Current step =0
  Current step =0
  Current step =0
  Current step =0
  Current step =0
  Current step =0
  Current step =0
  Current step =0
  Current step =0
  Current step =0
  Current step =0
  Current step =0
  Current step =0
  Current step =0
  Current step =0
  Current step =0
  Current step =0
  Current step =0
  Current step =0
  Current step =0
  Current step =0
  Current step =0
  Current step =0
  Current step =0
  Current step =0
  Current step =0
  Current step =0
  Current step =0
  Current step =0
  Current step =0
  Current step =0
  Current step =0
  Current step =0
  Current step =0
  Current step =0
  Current step =0
  Current step =0
  Current step =0
  Current step =0
  Current step =0
  Current step =0
  Current step =0
  Current step =0

Krylov solver
Norm of residual 3.26099e-17 at 21 iterations
Wall charge lower -1.323168312159873e-02 upper  1.323168312160207e-02
Fluid charge      -4.388850394221322e-16 total  2.905661822261152e-15
  Current step =0
  Current step =0
  Current step =0
  Current step =0
  Current step =0
  Current step =0
  Current step =0
  Current step =0
  Current step =0
  Current step =0
  Current step =0
  Current step =0
  Current step =0
  Current step =0
  Current step =0
  Current step =0
  Current step =0
  Current step =0
  Current step =0
  Current step =0
  Current step =0
  Current step =0
  Current step =0
  Current step =0
  Current step =0
  Current step =0
  Current step =0
  Current step =0
  Current step =0
  Current step =0
  Current step =0
  Current step =0
  Current step =0
  Current step =0
  Current step =0
  Current step =0
  Current step =0
  Current step =0
  Current step =0
  Current step =0
  Current step =0
  Current step =0
  Current step =0
  Current step =0
  Current step =0
  Current step =0
  Current step =0
  Current step =0
  Current step =0
  Current step =0

Krylov solver
Norm of residual 3.26099e-17 at 21 iterations
Wall charge lower -1.323236104046449e-02 upper  1.323236104046785e-02
Fluid charge      -5.230191280070073e-16 total  2.837140244960068e-15
  Current step =0
  Current step =0
  Current step =0
  Current step =0
  Current step =0
  Current step =0
  Current step =0
  Current step =0
  Current step =0
  Current step =0
  Current step =0
  Current step =0
  Current step =0
  Current step =0
  Current step =0
  Current step =0
  Current step =0
  Current step =0
  Current step =0
  Current step =0
  Current step =0
  Current step =0
  Current step =0
  Current step =0
  Current step =0
  Current step =0
  Current step =0
  Current step =0
  Current step =0
  Current step =0
  Current step =0
  Current step =0
  Current step =0
  Current step =0
  Current step =0
  Current step =0
  Current step =0
  Current step =0
  Current step =0
  Current step =0
  Current step =0
  Current step =0
  Current step =0
  Current step =0
  Current step =0
  Current step =0
  Current step =0
  Current step =0
  Current step =0
  Current step =0

Krylov solver
Norm of residual 3.26099e-17 at 21 iterations
Wall charge lower -1.323303080799809e-02 upper  1.323303080800147e-02
Fluid charge      -5.507747036226363e-16 total  2.826731904104207e-15
  Current step =0
  Current step =0
  Current step =0
  Current step =0
  Current step =0
  Current step =0
  Current step =0
  Current step =0
  Current step =0
  Current step =0
  Current step =0
  Current step =0
  Current step =0
  Current step =0
  Current step =0
  Current step =0
  Current step =0
  Current step =0
  Current step =0
  Current step =0
  Current step =0
  Current step =0
  Current step =0
  Current step =0
  Current step =0
  Current step =0
  Current step =0
  Current step =0
  Current step =0
  Current step =0
  Current step =0
  Current step =0
  Current step =0
  Current step =0
  Current step =0
  Current step =0
  Current step =0
  Current step =0
  Current step =0
  Current step =0
  Current step =0
  Current step =0
  Current step =0
  Current step =0
  Current step =0
  Current step =0
  Current step =0
  Current step =0
  Current step =0
  Current step =0

Krylov solver
Norm of residual 3.26099e-17 at 21 iterations
Wall charge lower -1.323369252221426e-02 upper  1.323369252221777e-02
Fluid charge      -6.670011765130823e-16 total  2.842344415387998e-15
  Current step =0
  Current step =0
  Current step =0
  Current step =0
  Current step =0
  Current step =0
  Current step =0
  Current step =0
  Current step =0
  Current step =0
  Current step =0
  Current step =0
  Current step =0
  Current step =0
  Current step =0
  Current step =0
  Current step =0
  Current step =0
  Current step =0
  Current step =0
  Current step =0
  Current step =0
  Current step =0
  Current step =0
  Current step =0
  Current step =0
  Current step =0
  Current step =0
  Current step =0
  Current step =0
  Current step =0
  Current step =0
  Current step =0
  Current step =0
  Current step =0
  Current step =0
  Current step =0
  Current step =0
  Current step =0
  Current step =0
  Current step =0
  Current step =0
  Current step =0
  Current step =0
  Current step =0
  Current step =0
  Current step =0
  Current step =0
  Current step =0
  Current step =0

Krylov solver
Norm of residual 3.26099e-17 at 21 iterations
Wall charge lower -1.323434627994925e-02 upper  1.323434627995280e-02
Fluid charge      -5.295243410419204e-16 total  3.023189337758581e-15
  Current step =0
  Current step =0
  Current step =0
  Current step =0
  Current step =0
  Current step =0
  Current step =0
  Current step =0
  Current step =0
  Current step =0
  Current step =0
  Current step =0
  Current step =0
  Current step =0
  Current step =0
  Current step =0
  Current step =0
  Current step =0
  Current step =0
  Current step =0
  Current step =0
  Current step =0
  Current step =0
  Current step =0
  Current step =0
  Current step =0
  Current step =0
  Current step =0
  Current step =0
  Current step =0
  Current step =0
  Current step =0
  Current step =0
  Current step =0
  Current step =0
  Current step =0
  Current step =0
  Current step =0
  Current step =0
  Current step =0
  Current step =0
  Current step =0
  Current step =0
  Current step =0
  Current step =0
  Current step =0
  Current step =0
  Current step =0
  Current step =0
  Current step =0

Krylov solver
Norm of residual 3.26099e-17 at 21 iterations
Wall charge lower -1.323499217687455e-02 upper  1.323499217687788e-02
Fluid charge      -4.805184028455756e-16 total  2.858824288409778e-15
  Current step =0
  Current step =0
  Current step =0
  Current step =0
  Current step =0
  Current step =0
  Current step =0
  Current step =0
  Current step =0
  Current step =0
  Current step =0
  Current step =0
  Current step =0
  Current step =0
  Current step =0
  Current step =0
  Current step =0
  Current step =0
  Current step =0
  Current step =0
  Current step =0
  Current step =0
  Current step =0
  Current step =0
  Current step =0
  Current step =0
  Current step =0
  Current step =0
  Current step =0
  Current step =0
  Current step =0
  Current step =0
  Current step =0
  Current step =0
  Current step =0
  Current step =0
  Current step =0
  Current step =0
  Current step =0
  Current step =0
  Current step =0
  Current step =0
  Current step =0
  Current step =0
  Current step =0
  Current step =0
  Current step =0
  Current step =0
  Current step =0
  Current step =0

Krylov solver
Norm of residual 3.26099e-17 at 21 iterations
Wall charge lower -1.323563030751116e-02 upper  1.323563030751461e-02
Fluid charge      -5.878544179216405e-16 total  2.857306405368298e-15
  Current step =0
  Current step =0
  Current step =0
  Current step =0
  Current step =0
  Current step =0
  Current step =0
  Current step =0
  Current step =0
  Current step =0
  Current step =0
  Current step =0
  Current step =0
  Current step =0
  Current step =0
  Current step =0
  Current step =0
  Current step =0
  Current step =0
  Current step =0
  Current step =0
  Current step =0
  Current step =0
  Current step =0
  Current step =0
  Current step =0
  Current step =0
  Current step =0
  Current step =0
  Current step =0
  Current step =0
  Current step =0
  Current step =0
  Current step =0
  Current step =0
  Current step =0
  Current step =0
  Current step =0
  Current step =0
  Current step =0
  Current step =0
  Current step =0
  Current step =0
  Current step =0
  Current step =0
  Current step =0
  Current step =0
  Current step =0
  Current step =0
  Current step =0

Krylov solver
Norm of residual 3.26099e-17 at 21 iterations
Wall charge lower -1.323626076524414e-02 upper  1.323626076524759e-02
Fluid charge      -4.432218481120742e-16 total  3.008877869081772e-15
  Current step =0
  Current step =0
  Current step =0
  Current step =0
  Current step =0
  Current step =0
  Current step =0
  Current step =0
  Current step =0
  Current step =0
  Current step =0
  Current step =0
  Current step =0
  Current step =0
  Current step =0
  Current step =0
  Current step =0
  Current step =0
  Current step =0
  Current step =0
  Current step =0
  Current step =0
  Current step =0
  Current step =0
  Current step =0
  Current step =0
  Current step =0
  Current step =0
  Current step =0
  Current step =0
  Current step =0
  Current step =0
  Current step =0
  Current step =0
  Current step =0
  Current step =0
  Current step =0
  Current step =0
  Current step =0
  Current step =0
  Current step =0
  Current step =0
  Current step =0
  Current step =0
  Current step =0
  Current step =0
  Current step =0
  Current step =0
  Current step =0
  Current step =0

Krylov solver
Norm of residual 3.26099e-17 at 21 iterations
Wall charge lower -1.323688364233473e-02 upper  1.323688364233819e-02
Fluid charge      -5.533767888366015e-16 total  2.909131269213105e-15
  Current step =0
  Current step =0
  Current step =0
  Current step =0
  Current step =0
  Current step =0
  Current step =0
  Current step =0
  Current step =0
  Current step =0
  Current step =0
  Current step =0
  Current step =0
  Current step =0
  Current step =0
  Current step =0
  Current step =0
  Current step =0
  Current step =0
  Current step =0
  Current step =0
  Current step =0
  Current step =0
  Current step =0
  Current step =0
  Current step =0
  Current step =0
  Current step =0
  Current step =0
  Current step =0
  Current step =0
  Current step =0
  Current step =0
  Current step =0
  Current step =0
  Current step =0
  Current step =0
  Current step =0
  Current step =0
  Current step =0
  Current step =0
  Current step =0
  Current step =0
  Current step =0
  Current step =0
  Current step =0
  Current step =0
  Current step =0
  Current step =0
  Current step =0

Krylov solver
Norm of residual 3.26099e-17 at 21 iterations
Wall charge lower -1.323749902993538e-02 upper  1.323749902993883e-02
Fluid charge      -4.831204880595408e-16 total  2.965509782182352e-15
  Current step =0
  Current step =0
  Current step =0
  Current step =0
  Current step =0
  Current step =0
  Current step =0
  Current step =0
  Current step =0
  Current step =0
  Current step =0
  Current step =0
  Current step =0
  Current step =0
  Current step =0
  Current step =0
  Current step =0
  Current step =0
  Current step =0
  Current step =0
  Current step =0
  Current step =0
  Current step =0
  Current step =0
  Current step =0
  Current step =0
  Current step =0
  Current step =0
  Current step =0
  Current step =0
  Current step =0
  Current step =0
  Current step =0
  Current step =0
  Current step =0
  Current step =0
  Current step =0
  Current step =0
  Current step =0
  Current step =0
  Current step =0
  Current step =0
  Current step =0
  Current step =0
  Current step =0
  Current step =0
  Current step =0
  Current step =0
  Current step =0
  Current step =0

Krylov solver
Norm of residual 3.26099e-17 at 21 iterations
Wall charge lower -1.323810701810233e-02 upper  1.323810701810544e-02
Fluid charge      -3.963843142607004e-16 total  2.720913772069622e-15
  Current step =0
  Current step =0
  Current step =0
  Current step =0
  Current step =0
  Current step =0
  Current step =0
  Current step =0
  Current step =0
  Current step =0
  Current step =0
  Current step =0
  Current step =0
  Current step =0
  Current step =0
  Current step =0
  Current step =0
  Current step =0
  Current step =0
  Current step =0
  Current step =0
  Current step =0
  Current step =0
  Current step =0
  Current step =0
  Current step =0
  Current step =0
  Current step =0
  Current step =0
  Current step =0
  Current step =0
  Current step =0
  Current step =0
  Current step =0
  Current step =0
  Current step =0
  Current step =0
  Current step =0
  Current step =0
  Current step =0
  Current step =0
  Current step =0
  Current step =0
  Current step =0
  Current step =0
  Current step =0
  Current step =0
  Current step =0
  Current step =0
  Current step =0

Krylov solver
Norm of residual 3.26099e-17 at 21 iterations
Wall charge lower -1.323870769580848e-02 upper  1.323870769581185e-02
Fluid charge      -4.998172015158175e-16 total  2.877689406211026e-15
  Current step =0
  Current step =0
  Current step =0
  Current step =0
  Current step =0
  Current step =0
  Current step =0
  Current step =0
  Current step =0
  Current step =0
  Current step =0
  Current step =0
  Current step =0
  Current step =0
  Current step =0
  Current step =0
  Current step =0
  Current step =0
  Current step =0
  Current step =0
  Current step =0
  Current step =0
  Current step =0
  Current step =0
  Current step =0
  Current step =0
  Current step =0
  Current step =0
  Current step =0
  Current step =0
  Current step =0
  Current step =0
  Current step =0
  Current step =0
  Current step =0
  Current step =0
  Current step =0
  Current step =0
  Current step =0
  Current step =0
  Current step =0
  Current step =0
  Current step =0
  Current step =0
  Current step =0
  Current step =0
  Current step =0
  Current step =0
  Current step =0
  Current step =0

Krylov solver
Norm of residual 3.26099e-17 at 21 iterations
Wall charge lower -1.323930115095753e-02 upper  1.323930115096098e-02
Fluid charge      -5.551115123125783e-16 total  2.893518757929314e-15
  Current step =0
  Current step =0
  Current step =0
  Current step =0
  Current step =0
  Current step =0
  Current step =0
  Current step =0
  Current step =0
  Current step =0
  Current step =0
  Current step =0
  Current step =0
  Current step =0
  Current step =0
  Current step =0
  Current step =0
  Current step =0
  Current step =0
  Current step =0
  Current step =0
  Current step =0
  Current step =0
  Current step =0
  Current step =0
  Current step =0
  Current step =0
  Current step =0
  Current step =0
  Current step =0
  Current step =0
  Current step =0
  Current step =0
  Current step =0
  Current step =0
  Current step =0
  Current step =0
  Current step =0
  Current step =0
  Current step =0
  Current step =0
  Current step =0
  Current step =0
  Current step =0
  Current step =0
  Current step =0
  Current step =0
  Current step =0
  Current step =0
  Current step =0

Krylov solver
Norm of residual 3.26099e-17 at 21 iterations
Wall charge lower -1.323988747039570e-02 upper  1.323988747039913e-02
Fluid charge      -5.633514488234681e-16 total  2.866196863182680e-15
  Current step =0
  Current step =0
  Current step =0
  Current step =0
  Current step =0
  Current step =0
  Current step =0
  Current step =0
  Current step =0
  Current step =0
  Current step =0
  Current step =0
  Current step =0
  Current step =0
  Current step =0
  Current step =0
  Current step =0
  Current step =0
  Current step =0
  Current step =0
  Current step =0
  Current step =0
  Current step =0
  Current step =0
  Current step =0
  Current step =0
  Current step =0
  Current step =0
  Current step =0
  Current step =0
  Current step =0
  Current step =0
  Current step =0
  Current step =0
  Current step =0
  Current step =0
  Current step =0
  Current step =0
  Current step =0
  Current step =0
  Current step =0
  Current step =0
  Current step =0
  Current step =0
  Current step =0
  Current step =0
  Current step =0
  Current step =0
  Current step =0
  Current step =0

Krylov solver
Norm of residual 3.26099e-17 at 21 iterations
Wall charge lower -1.324046673992516e-02 upper  1.324046673992849e-02
Fluid charge      -5.733261088103347e-16 total  2.764281858969042e-15
  Current step =0
  Current step =0
  Current step =0
  Current step =0
  Current step =0
  Current step =0
  Current step =0
  Current step =0
  Current step =0
  Current step =0
  Current step =0
  Current step =0
  Current step =0
  Current step =0
  Current step =0
  Current step =0
  Current step =0
  Current step =0
  Current step =0
  Current step =0
  Current step =0
  Current step =0
  Current step =0
  Current step =0
  Current step =0
  Current step =0
  Current step =0
  Current step =0
  Current step =0
  Current step =0
  Current step =0
  Current step =0
  Current step =0
  Current step =0
  Current step =0
  Current step =0
  Current step =0
  Current step =0
  Current step =0
  Current step =0
  Current step =0
  Current step =0
  Current step =0
  Current step =0
  Current step =0
  Current step =0
  Current step =0
  Current step =0
  Current step =0
  Current step =0

Krylov solver
Norm of residual 3.26099e-17 at 21 iterations
Wall charge lower -1.324103904431579e-02 upper  1.324103904431940e-02
Fluid charge      -4.525459867954496e-16 total  3.150474672808379e-15
  Current step =0
  Current step =0
  Current step =0
  Current step =0
  Current step =0
  Current step =0
  Current step =0
  Current step =0
  Current step =0
  Current step =0
  Current step =0
  Current step =0
  Current step =0
  Current step =0
  Current step =0
  Current step =0
  Current step =0
  Current step =0
  Current step =0
  Current step =0
  Current step =0
  Current step =0
  Current step =0
  Current step =0
  Current step =0
  Current step =0
  Current step =0
  Current step =0
  Current step =0
  Current step =0
  Current step =0
  Current step =0
  Current step =0
  Current step =0
  Current step =0
  Current step =0
  Current step =0
  Current step =0
  Current step =0
  Current step =0
  Current step =0
  Current step =0
  Current step =0
  Current step =0
  Current step =0
  Current step =0
  Current step =0
  Current step =0
  Current step =0
  Current step =0

Krylov solver
Norm of residual 3.26099e-17 at 21 iterations
Wall charge lower -1.324160446731907e-02 upper  1.324160446732242e-02
Fluid charge      -5.204170427930421e-16 total  2.832803436270126e-15
  Current step =0
  Current step =0
  Current step =0
  Current step =0
  Current step =0
  Current step =0
  Current step =0
  Current step =0
  Current step =0
  Current step =0
  Current step =0
  Current step =0
  Current step =0
  Current step =0
  Current step =0
  Current step =0
  Current step =0
  Current step =0
  Current step =0
  Current step =0
  Current step =0
  Current step =0
  Current step =0
  Current step =0
  Current step =0
  Current step =0
  Current step =0
  Current step =0
  Current step =0
  Current step =0
  Current step =0
  Current step =0
  Current step =0
  Current step =0
  Current step =0
  Current step =0
  Current step =0
  Current step =0
  Current step =0
  Current step =0
  Current step =0
  Current step =0
  Current step =0
  Current step =0
  Current step =0
  Current step =0
  Current step =0
  Current step =0
  Current step =0
  Current step =0

Krylov solver
Norm of residual 3.26099e-17 at 21 iterations
Wall charge lower -1.324216309167854e-02 upper  1.324216309168188e-02
Fluid charge      -4.085273785925381e-16 total  2.936019483090746e-15
  Current step =0
  Current step =0
  Current step =0
  Current step =0
  Current step =0
  Current step =0
  Current step =0
  Current step =0
  Current step =0
  Current step =0
  Current step =0
  Current step =0
  Current step =0
  Current step =0
  Current step =0
  Current step =0
  Current step =0
  Current step =0
  Current step =0
  Current step =0
  Current step =0
  Current step =0
  Current step =0
  Current step =0
  Current step =0
  Current step =0
  Current step =0
  Current step =0
  Current step =0
  Current step =0
  Current step =0
  Current step =0
  Current step =0
  Current step =0
  Current step =0
  Current step =0
  Current step =0
  Current step =0
  Current step =0
  Current step =0
  Current step =0
  Current step =0
  Current step =0
  Current step =0
  Current step =0
  Current step =0
  Current step =0
  Current step =0
  Current step =0
  Current step =0

Krylov solver
Norm of residual 3.26099e-17 at 21 iterations
Wall charge lower -1.324271499914308e-02 upper  1.324271499914636e-02
Fluid charge      -4.354155924701786e-16 total  2.848415947553917e-15
  Current step =0
  Current step =0
  Current step =0
  Current step =0
  Current step =0
  Current step =0
  Current step =0
  Current step =0
  Current step =0
  Current step =0
  Current step =0
  Current step =0
  Current step =0
  Current step =0
  Current step =0
  Current step =0
  Current step =0
  Current step =0
  Current step =0
  Current step =0
  Current step =0
  Current step =0
  Current step =0
  Current step =0
  Current step =0
  Current step =0
  Current step =0
  Current step =0
  Current step =0
  Current step =0
  Current step =0
  Current step =0
  Current step =0
  Current step =0
  Current step =0
  Current step =0
  Current step =0
  Current step =0
  Current step =0
  Current step =0
  Current step =0
  Current step =0
  Current step =0
  Current step =0
  Current step =0
  Current step =0
  Current step =0
  Current step =0
  Current step =0
  Current step =0

Krylov solver
Norm of residual 3.26099e-17 at 21 iterations
Wall charge lower -1.324326027047882e-02 upper  1.324326027048195e-02
Fluid charge      -3.235259282696745e-16 total  2.809384669344439e-15
  Current step =0
  Current step =0
  Current step =0
  Current step =0
  Current step =0
  Current step =0
  Current step =0
  Current step =0
  Current step =0
  Current step =0
  Current step =0
  Current step =0
  Current step =0
  Current step =0
  Current step =0
  Current step =0
  Current step =0
  Current step =0
  Current step =0
  Current step =0
  Current step =0
  Current step =0
  Current step =0
  Current step =0
  Current step =0
  Current step =0
  Current step =0
  Current step =0
  Current step =0
  Current step =0
  Current step =0
  Current step =0
  Current step =0
  Current step =0
  Current step =0
  Current step =0
  Current step =0
  Current step =0
  Current step =0
  Current step =0
  Current step =0
  Current step =0
  Current step =0
  Current step =0
  Current step =0
  Current step =0
  Current step =0
  Current step =0
  Current step =0
  Current step =0

Krylov solver
Norm of residual 3.26099e-17 at 21 iterations
Wall charge lower -1.324379898548007e-02 upper  1.324379898548334e-02
Fluid charge      -4.735795089416683e-16 total  2.789435349370706e-15
  Current step =0
  Current step =0
  Current step =0
  Current step =0
  Current step =0
  Current step =0
  Current step =0
  Current step =0
  Current step =0
  Current step =0
  Current step =0
  Current step =0
  Current step =0
  Current step =0
  Current step =0
  Current step =0
  Current step =0
  Current step =0
  Current step =0
  Current step =0
  Current step =0
  Current step =0
  Current step =0
  Current step =0
  Current step =0
  Current step =0
  Current step =0
  Current step =0
  Current step =0
  Current step =0
  Current step =0
  Current step =0
  Current step =0
  Current step =0
  Current step =0
  Current step =0
  Current step =0
  Current step =0
  Current step =0
  Current step =0
  Current step =0
  Current step =0
  Current step =0
  Current step =0
  Current step =0
  Current step =0
  Current step =0
  Current step =0
  Current step =0
  Current step =0

Krylov solver
Norm of residual 3.26099e-17 at 21 iterations
Wall charge lower -1.324433122298219e-02 upper  1.324433122298544e-02
Fluid charge      -3.079134169858833e-16 total  2.939488930042700e-15
  Current step =0
  Current step =0
  Current step =0
  Current step =0
  Current step =0
  Current step =0
  Current step =0
  Current step =0
  Current step =0
  Current step =0
  Current step =0
  Current step =0
  Current step =0
  Current step =0
  Current step =0
  Current step =0
  Current step =0
  Current step =0
  Current step =0
  Current step =0
  Current step =0
  Current step =0
  Current step =0
  Current step =0
  Current step =0
  Current step =0
  Current step =0
  Current step =0
  Current step =0
  Current step =0
  Current step =0
  Current step =0
  Current step =0
  Current step =0
  Current step =0
  Current step =0
  Current step =0
  Current step =0
  Current step =0
  Current step =0
  Current step =0
  Current step =0
  Current step =0
  Current step =0
  Current step =0
  Current step =0
  Current step =0
  Current step =0
  Current step =0
  Current step =0

Krylov solver
Norm of residual 3.26099e-17 at 21 iterations
Wall charge lower -1.324485706087236e-02 upper  1.324485706087573e-02
Fluid charge      -3.590877595271991e-16 total  3.014949401247691e-15
  Current step =0
  Current step =0
  Current step =0
  Current step =0
  Current step =0
  Current step =0
  Current step =0
  Current step =0
  Current step =0
  Current step =0
  Current step =0
  Current step =0
  Current step =0
  Current step =0
  Current step =0
  Current step =0
  Current step =0
  Current step =0
  Current step =0
  Current step =0
  Current step =0
  Current step =0
  Current step =0
  Current step =0
  Current step =0
  Current step =0
  Current step =0
  Current step =0
  Current step =0
  Current step =0
  Current step =0
  Current step =0
  Current step =0
  Current step =0
  Current step =0
  Current step =0
  Current step =0
  Current step =0
  Current step =0
  Current step =0
  Current step =0
  Current step =0
  Current step =0
  Current step =0
  Current step =0
  Current step =0
  Current step =0
  Current step =0
  Current step =0
  Current step =0

Krylov solver
Norm of residual 3.26099e-17 at 21 iterations
Wall charge lower -1.324537657610144e-02 upper  1.324537657610472e-02
Fluid charge      -4.857225732735060e-16 total  2.801578413702543e-15
  Current step =0
  Current step =0
  Current step =0
  Current step =0
  Current step =0
  Current step =0
  Current step =0
  Current step =0
  Current step =0
  Current step =0
  Current step =0
  Current step =0
  Current step =0
  Current step =0
  Current step =0
  Current step =0
  Current step =0
  Current step =0
  Current step =0
  Current step =0
  Current step =0
  Current step =0
  Current step =0
  Current step =0
  Current step =0
  Current step =0
  Current step =0
  Current step =0
  Current step =0
  Current step =0
  Current step =0
  Current step =0
  Current step =0
  Current step =0
  Current step =0
  Current step =0
  Current step =0
  Current step =0
  Current step =0
  Current step =0
  Current step =0
  Current step =0
  Current step =0
  Current step =0
  Current step =0
  Current step =0
  Current step =0
  Current step =0
  Current step =0
  Current step =0

Krylov solver
Norm of residual 3.26099e-17 at 21 iterations
Wall charge lower -1.324588984469445e-02 upper  1.324588984469788e-02
Fluid charge      -5.965280353015245e-16 total  2.836489723656577e-15
  Current step =0
  Current step =0
  Current step =0
  Current step =0
  Current step =0
  Current step =0
  Current step =0
  Current step =0
  Current step =0
  Current step =0
  Current step =0
  Current step =0
  Current step =0
  Current step =0
  Current step =0
  Current step =0
  Current step =0
  Current step =0
  Current step =0
  Current step =0
  Current step =0
  Current step =0
  Current step =0
  Current step =0
  Current step =0
  Current step =0
  Current step =0
  Current step =0
  Current step =0
  Current step =0
  Current step =0
  Current step =0
  Current step =0
  Current step =0
  Current step =0
  Current step =0
  Current step =0
  Current step =0
  Current step =0
  Current step =0
  Current step =0
  Current step =0
  Current step =0
  Current step =0
  Current step =0
  Current step =0
  Current step =0
  Current step =0
  Current step =0
  Current step =0

Krylov solver
Norm of residual 3.26099e-17 at 21 iterations
Wall charge lower -1.324639694176277e-02 upper  1.324639694176624e-02
Fluid charge      -4.198030811863873e-16 total  3.054848041195157e-15
  Current step =0
  Current step =0
  Current step =0
  Current step =0
  Current step =0
  Current step =0
  Current step =0
  Current step =0
  Current step =0
  Current step =0
  Current step =0
  Current step =0
  Current step =0
  Current step =0
  Current step =0
  Current step =0
  Current step =0
  Current step =0
  Current step =0
  Current step =0
  Current step =0
  Current step =0
  Current step =0
  Current step =0
  Current step =0
  Current step =0
  Current step =0
  Current step =0
  Current step =0
  Current step =0
  Current step =0
  Current step =0
  Current step =0
  Current step =0
  Current step =0
  Current step =0
  Current step =0
  Current step =0
  Current step =0
  Current step =0
  Current step =0
  Current step =0
  Current step =0
  Current step =0
  Current step =0
  Current step =0
  Current step =0
  Current step =0
  Current step =0
  Current step =0

Krylov solver
Norm of residual 3.26099e-17 at 21 iterations
Wall charge lower -1.324689794151425e-02 upper  1.324689794151782e-02
Fluid charge      -6.351256326420085e-16 total  2.931465833966307e-15
  Current step =0
  Current step =0
  Current step =0
  Current step =0
  Current step =0
  Current step =0
  Current step =0
  Current step =0
  Current step =0
  Current step =0
  Current step =0
  Current step =0
  Current step =0
  Current step =0
  Current step =0
  Current step =0
  Current step =0
  Current step =0
  Current step =0
  Current step =0
  Current step =0
  Current step =0
  Current step =0
  Current step =0
  Current step =0
  Current step =0
  Current step =0
  Current step =0
  Current step =0
  Current step =0
  Current step =0
  Current step =0
  Current step =0
  Current step =0
  Current step =0
  Current step =0
  Current step =0
  Current step =0
  Current step =0
  Current step =0
  Current step =0
  Current step =0
  Current step =0
  Current step =0
  Current step =0
  Current step =0
  Current step =0
  Current step =0
  Current step =0
  Current step =0

Krylov solver
Norm of residual 3.26099e-17 at 21 iterations
Wall charge lower -1.324739291726451e-02 upper  1.324739291726806e-02
Fluid charge      -5.271390962624523e-16 total  3.025574582538049e-15
  Current step =0
  Current step =0
  Current step =0
  Current step =0
  Current step =0
  Current step =0
  Current step =0
  Current step =0
  Current step =0
  Current step =0
  Current step =0
  Current step =0
  Current step =0
  Current step =0
  Current step =0
  Current step =0
  Current step =0
  Current step =0
  Current step =0
  Current step =0
  Current step =0
  Current step =0
  Current step =0
  Current step =0
  Current step =0
  Current step =0
  Current step =0
  Current step =0
  Current step =0
  Current step =0
  Current step =0
  Current step =0
  Current step =0
  Current step =0
  Current step =0
  Current step =0
  Current step =0
  Current step =0
  Current step =0
  Current step =0
  Current step =0
  Current step =0
  Current step =0
  Current step =0
  Current step =0
  Current step =0
  Current step =0
  Current step =0
  Current step =0
  Current step =0

Krylov solver
Norm of residual 3.26099e-17 at 21 iterations
Wall charge lower -1.324788194144778e-02 upper  1.324788194145122e-02
Fluid charge      -7.832276494035284e-16 total  2.663667897362387e-15
  Current step =0
  Current step =0
  Current step =0
  Current step =0
  Current step =0
  Current step =0
  Current step =0
  Current step =0
  Current step =0
  Current step =0
  Current step =0
  Current step =0
  Current step =0
  Current step =0
  Current step =0
  Current step =0
  Current step =0
  Current step =0
  Current step =0
  Current step =0
  Current step =0
  Current step =0
  Current step =0
  Current step =0
  Current step =0
  Current step =0
  Current step =0
  Current step =0
  Current step =0
  Current step =0
  Current step =0
  Current step =0
  Current step =0
  Current step =0
  Current step =0
  Current step =0
  Current step =0
  Current step =0
  Current step =0
  Current step =0
  Current step =0
  Current step =0
  Current step =0
  Current step =0
  Current step =0
  Current step =0
  Current step =0
  Current step =0
  Current step =0
  Current step =0

Krylov solver
Norm of residual 3.26099e-17 at 21 iterations
Wall charge lower -1.324836508562678e-02 upper  1.324836508563035e-02
Fluid charge      -7.463647755390213e-16 total  2.823696138021248e-15
  Current step =0
  Current step =0
  Current step =0
  Current step =0
  Current step =0
  Current step =0
  Current step =0
  Current step =0
  Current step =0
  Current step =0
  Current step =0
  Current step =0
  Current step =0
  Current step =0
  Current step =0
  Current step =0
  Current step =0
  Current step =0
  Current step =0
  Current step =0
  Current step =0
  Current step =0
  Current step =0
  Current step =0
  Current step =0
  Current step =0
  Current step =0
  Current step =0
  Current step =0
  Current step =0
  Current step =0
  Current step =0
  Current step =0
  Current step =0
  Current step =0
  Current step =0
  Current step =0
  Current step =0
  Current step =0
  Current step =0
  Current step =0
  Current step =0
  Current step =0
  Current step =0
  Current step =0
  Current step =0
  Current step =0
  Current step =0
  Current step =0
  Current step =0

Krylov solver
Norm of residual 3.26099e-17 at 21 iterations
Wall charge lower -1.324884242050424e-02 upper  1.324884242050794e-02
Fluid charge      -6.323067069935462e-16 total  3.073062637692914e-15
  Current step =0
  Current step =0
  Current step =0
  Current step =0
  Current step =0
  Current step =0
  Current step =0
  Current step =0
  Current step =0
  Current step =0
  Current step =0
  Current step =0
  Current step =0
  Current step =0
  Current step =0
  Current step =0
  Current step =0
  Current step =0
  Current step =0
  Current step =0
  Current step =0
  Current step =0
  Current step =0
  Current step =0
  Current step =0
  Current step =0
  Current step =0
  Current step =0
  Current step =0
  Current step =0
  Current step =0
  Current step =0
  Current step =0
  Current step =0
  Current step =0
  Current step =0
  Current step =0
  Current step =0
  Current step =0
  Current step =0
  Current step =0
  Current step =0
  Current step =0
  Current step =0
  Current step =0
  Current step =0
  Current step =0
  Current step =0
  Current step =0
  Current step =0

Krylov solver
Norm of residual 3.26099e-17 at 21 iterations
Wall charge lower -1.324931401593267e-02 upper  1.324931401593635e-02
Fluid charge      -6.130079083233042e-16 total  3.069810031175457e-15
  Current step =0
  Current step =0
  Current step =0
  Current step =0
  Current step =0
  Current step =0
  Current step =0
  Current step =0
  Current step =0
  Current step =0
  Current step =0
  Current step =0
  Current step =0
  Current step =0
  Current step =0
  Current step =0
  Current step =0
  Current step =0
  Current step =0
  Current step =0
  Current step =0
  Current step =0
  Current step =0
  Current step =0
  Current step =0
  Current step =0
  Current step =0
  Current step =0
  Current step =0
  Current step =0
  Current step =0
  Current step =0
  Current step =0
  Current step =0
  Current step =0
  Current step =0
  Current step =0
  Current step =0
  Current step =0
  Current step =0
  Current step =0
  Current step =0
  Current step =0
  Current step =0
  Current step =0
  Current step =0
  Current step =0
  Current step =0
  Current step =0
  Current step =0

Krylov solver
Norm of residual 3.26099e-17 at 21 iterations
Wall charge lower -1.324977994092436e-02 upper  1.324977994092790e-02
Fluid charge      -6.162605148407607e-16 total  2.915636482248019e-15
  Current step =0
  Current step =0
  Current step =0
  Current step =0
  Current step =0
  Current step =0
  Current step =0
  Current step =0
  Current step =0
  Current step =0
  Current step =0
  Current step =0
  Current step =0
  Current step =0
  Current step =0
  Current step =0
  Current step =0
  Current step =0
  Current step =0
  Current step =0
  Current step =0
  Current step =0
  Current step =0
  Current step =0
  Current step =0
  Current step =0
  Current step =0
  Current step =0
  Current step =0
  Current step =0
  Current step =0
  Current step =0
  Current step =0
  Current step =0
  Current step =0
  Current step =0
  Current step =0
  Current step =0
  Current step =0
  Current step =0
  Current step =0
  Current step =0
  Current step =0
  Current step =0
  Current step =0
  Current step =0
  Current step =0
  Current step =0
  Current step =0
  Current step =0

Krylov solver
Norm of residual 3.26099e-17 at 21 iterations
Wall charge lower -1.325024026366160e-02 upper  1.325024026366510e-02
Fluid charge      -6.325235474280433e-16 total  2.864678980141200e-15
  Current step =0
  Current step =0
  Current step =0
  Current step =0
  Current step =0
  Current step =0
  Current step =0
  Current step =0
  Current step =0
  Current step =0
  Current step =0
  Current step =0
  Current step =0
  Current step =0
  Current step =0
  Current step =0
  Current step =0
  Current step =0
  Current step =0
  Current step =0
  Current step =0
  Current step =0
  Current step =0
  Current step =0
  Current step =0
  Current step =0
  Current step =0
  Current step =0
  Current step =0
  Current step =0
  Current step =0
  Current step =0
  Current step =0
  Current step =0
  Current step =0
  Current step =0
  Current step =0
  Current step =0
  Current step =0
  Current step =0
  Current step =0
  Current step =0
  Current step =0
  Current step =0
  Current step =0
  Current step =0
  Current step =0
  Current step =0
  Current step =0
  Current step =0

Krylov solver
Norm of residual 3.26099e-17 at 21 iterations
Wall charge lower -1.325069505150735e-02 upper  1.325069505151110e-02
Fluid charge      -6.461844948013606e-16 total  3.100818213308543e-15
  Current step =0
  Current step =0
  Current step =0
  Current step =0
  Current step =0
  Current step =0
  Current step =0
  Current step =0
  Current step =0
  Current step =0
  Current step =0
  Current step =0
  Current step =0
  Current step =0
  Current step =0
  Current step =0
  Current step =0
  Current step =0
  Current step =0
  Current step =0
  Current step =0
  Current step =0
  Current step =0
  Current step =0
  Current step =0
  Current step =0
  Current step =0
  Current step =0
  Current step =0
  Current step =0
  Current step =0
  Current step =0
  Current step =0
  Current step =0
  Current step =0
  Current step =0
  Current step =0
  Current step =0
  Current step =0
  Current step =0
  Current step =0
  Current step =0
  Current step =0
  Current step =0
  Current step =0
  Current step =0
  Current step =0
  Current step =0
  Current step =0
  Current step =0

Krylov solver
Norm of residual 3.26099e-17 at 21 iterations
Wall charge lower -1.325114437101427e-02 upper  1.325114437101793e-02
Fluid charge      -7.745540320236444e-16 total  2.890916672715349e-15
  Current step =0
  Current step =0
  Current step =0
  Current step =0
  Current step =0
  Current step =0
  Current step =0
  Current step =0
  Current step =0
  Current step =0
  Current step =0
  Current step =0
  Current step =0
  Current step =0
  Current step =0
  Current step =0
  Current step =0
  Current step =0
  Current step =0
  Current step =0
  Current step =0
  Current step =0
  Current step =0
  Current step =0
  Current step =0
  Current step =0
  Current step =0
  Current step =0
  Current step =0
  Current step =0
  Current step =0
  Current step =0
  Current step =0
  Current step =0
  Current step =0
  Current step =0
  Current step =0
  Current step =0
  Current step =0
  Current step =0
  Current step =0
  Current step =0
  Current step =0
  Current step =0
  Current step =0
  Current step =0
  Current step =0
  Current step =0
  Current step =0
  Current step =0

Krylov solver
Norm of residual 3.26099e-17 at 21 iterations
Wall charge lower -1.325158828793478e-02 upper  1.325158828793849e-02
Fluid charge      -7.307522642552300e-16 total  2.974617080431230e-15
  Current step =0
  Current step =0
  Current step =0
  Current step =0
  Current step =0
  Current step =0
  Current step =0
  Current step =0
  Current step =0
  Current step =0
  Current step =0
  Current step =0
  Current step =0
  Current step =0
  Current step =0
  Current step =0
  Current step =0
  Current step =0
  Current step =0
  Current step =0
  Current step =0
  Current step =0
  Current step =0
  Current step =0
  Current step =0
  Current step =0
  Current step =0
  Current step =0
  Current step =0
  Current step =0
  Current step =0
  Current step =0
  Current step =0
  Current step =0
  Current step =0
  Current step =0
  Current step =0
  Current step =0
  Current step =0
  Current step =0
  Current step =0
  Current step =0
  Current step =0
  Current step =0
  Current step =0
  Current step =0
  Current step =0
  Current step =0
  Current step =0
  Current step =0

Krylov solver
Norm of residual 3.26099e-17 at 21 iterations
Wall charge lower -1.325202686723055e-02 upper  1.325202686723433e-02
Fluid charge      -8.053453737222327e-16 total  2.969412910003300e-15
  Current step =0
  Current step =0
  Current step =0
  Current step =0
  Current step =0
  Current step =0
  Current step =0
  Current step =0
  Current step =0
  Current step =0
  Current step =0
  Current step =0
  Current step =0
  Current step =0
  Current step =0
  Current step =0
  Current step =0
  Current step =0
  Current step =0
  Current step =0
  Current step =0
  Current step =0
  Current step =0
  Current step =0
  Current step =0
  Current step =0
  Current step =0
  Current step =0
  Current step =0
  Current step =0
  Current step =0
  Current step =0
  Current step =0
  Current step =0
  Current step =0
  Current step =0
  Current step =0
  Current step =0
  Current step =0
  Current step =0
  Current step =0
  Current step =0
  Current step =0
  Current step =0
  Current step =0
  Current step =0
  Current step =0
  Current step =0
  Current step =0
  Current step =0

Krylov solver
Norm of residual 3.26099e-17 at 21 iterations
Wall charge lower -1.325246017308238e-02 upper  1.325246017308614e-02
Fluid charge      -6.368603561179853e-16 total  3.122285416323756e-15
  Current step =0
  Current step =0
  Current step =0
  Current step =0
  Current step =0
  Current step =0
  Current step =0
  Current step =0
  Current step =0
  Current step =0
  Current step =0
  Current step =0
  Current step =0
  Current step =0
  Current step =0
  Current step =0
  Current step =0
  Current step =0
  Current step =0
  Current step =0
  Current step =0
  Current step =0
  Current step =0
  Current step =0
  Current step =0
  Current step =0
  Current step =0
  Current step =0
  Current step =0
  Current step =0
  Current step =0
  Current step =0
  Current step =0
  Current step =0
  Current step =0
  Current step =0
  Current step =0
  Current step =0
  Current step =0
  Current step =0
  Current step =0
  Current step =0
  Current step =0
  Current step =0
  Current step =0
  Current step =0
  Current step =0
  Current step =0
  Current step =0
  Current step =0

Krylov solver
Norm of residual 3.26099e-17 at 21 iterations
Wall charge lower -1.325288826889898e-02 upper  1.325288826890279e-02
Fluid charge      -7.068998164605489e-16 total  3.104287660260496e-15
  Current step =0
  Current step =0
  Current step =0
  Current step =0
  Current step =0
  Current step =0
  Current step =0
  Current step =0
  Current step =0
  Current step =0
  Current step =0
  Current step =0
  Current step =0
  Current step =0
  Current step =0
  Current step =0
  Current step =0
  Current step =0
  Current step =0
  Current step =0
  Current step =0
  Current step =0
  Current step =0
  Current step =0
  Current step =0
  Current step =0
  Current step =0
  Current step =0
  Current step =0
  Current step =0
  Current step =0
  Current step =0
  Current step =0
  Current step =0
  Current step =0
  Current step =0
  Current step =0
  Current step =0
  Current step =0
  Current step =0
  Current step =0
  Current step =0
  Current step =0
  Current step =0
  Current step =0
  Current step =0
  Current step =0
  Current step =0
  Current step =0
  Current step =0

Krylov solver
Norm of residual 3.26099e-17 at 21 iterations
Wall charge lower -1.325331121732660e-02 upper  1.325331121733040e-02
Fluid charge      -8.743006318923108e-16 total  2.923009057020920e-15
  Current step =0
  Current step =0
  Current step =0
  Current step =0
  Current step =0
  Current step =0
  Current step =0
  Current step =0
  Current step =0
  Current step =0
  Current step =0
  Current step =0
  Current step =0
  Current step =0
  Current step =0
  Current step =0
  Current step =0
  Current step =0
  Current step =0
  Current step =0
  Current step =0
  Current step =0
  Current step =0
  Current step =0
  Current step =0
  Current step =0
  Current step =0
  Current step =0
  Current step =0
  Current step =0
  Current step =0
  Current step =0
  Current step =0
  Current step =0
  Current step =0
  Current step =0
  Current step =0
  Current step =0
  Current step =0
  Current step =0
  Current step =0
  Current step =0
  Current step =0
  Current step =0
  Current step =0
  Current step =0
  Current step =0
  Current step =0
  Current step =0
  Current step =0

Krylov solver
Norm of residual 3.26099e-17 at 21 iterations
Wall charge lower -1.325372908025890e-02 upper  1.325372908026269e-02
Fluid charge      -7.441963711940502e-16 total  3.044439700339296e-15
  Current step =0
  Current step =0
  Current step =0
  Current step =0
  Current step =0
  Current step =0
  Current step =0
  Current step =0
  Current step =0
  Current step =0
  Current step =0
  Current step =0
  Current step =0
  Current step =0
  Current step =0
  Current step =0
  Current step =0
  Current step =0
  Current step =0
  Current step =0
  Current step =0
  Current step =0
  Current step =0
  Current step =0
  Current step =0
  Current step =0
  Current step =0
  Current step =0
  Current step =0
  Current step =0
  Current step =0
  Current step =0
  Current step =0
  Current step =0
  Current step =0
  Current step =0
  Current step =0
  Current step =0
  Current step =0
  Current step =0
  Current step =0
  Current step =0
  Current step =0
  Current step =0
  Current step =0
  Current step =0
  Current step =0
  Current step =0
  Current step =0
  Current step =0

Krylov solver
Norm of residual 3.26099e-17 at 21 iterations
Wall charge lower -1.325414191884446e-02 upper  1.325414191884798e-02
Fluid charge      -7.873476176589733e-16 total  2.727202144670038e-15
  Current step =0
  Current step =0
  Current step =0
  Current step =0
  Current step =0
  Current step =0
  Current step =0
  Current step =0
  Current step =0
  Current step =0
  Current step =0
  Current step =0
  Current step =0
  Current step =0
  Current step =0
  Current step =0
  Current step =0
  Current step =0
  Current step =0
  Current step =0
  Current step =0
  Current step =0
  Current step =0
  Current step =0
  Current step =0
  Current step =0
  Current step =0
  Current step =0
  Current step =0
  Current step =0
  Current step =0
  Current step =0
  Current step =0
  Current step =0
  Current step =0
  Current step =0
  Current step =0
  Current step =0
  Current step =0
  Current step =0
  Current step =0
  Current step =0
  Current step =0
  Current step =0
  Current step =0
  Current step =0
  Current step =0
  Current step =0
  Current step =0
  Current step =0

Krylov solver
Norm of residual 3.26099e-17 at 21 iterations
Wall charge lower -1.325454979349656e-02 upper  1.325454979350021e-02
Fluid charge      -5.902396627011086e-16 total  3.059618530754094e-15
  Current step =0
Writing distribution output at step 24000!
MPIIO wrote to dist-000024000.001-001
-       dist aggregated   0.569 MB in   0.004 seconds
-       dist wrote        0.569 MB in   0.001 seconds
-       dist rate         0.889 GB per second
Writing electrokinetic data at step 24000!
MPIIO wrote to psi-000024000.001-001
-        psi aggregated   0.030 MB in   0.000 seconds
-        psi wrote        0.030 MB in   0.000 seconds
-        psi rate         0.132 GB per second
MPIIO wrote to qsi-000024000.001-001
-        qsi aggregated   0.059 MB in   0.001 seconds
-        qsi wrote        0.059 MB in   0.000 seconds
-        qsi rate         0.283 GB per second
MPIIO wrote to efield-000024000.001-001
-     efield aggregated   0.087 MB in   0.001 seconds
-     efield wrote        0.087 MB in   0.000 seconds
-     efield rate         0.400 GB per second

Scalars - total mean variance min max
[rho]        1216.00  1.00000000000  0.0000000e+00  1.00000000000  1.00000000000
[psi]  6.2400000e+01  1.2419674e-19  1.0000000e-01
[rho]  1.7333335e+00  1.3266887e-03  1.4537186e-03
[rho]  1.7333335e+00  1.3266887e-03  1.4537186e-03
[elc] -6.6288121e-16 -1.2702992e-04  1.2702992e-04
[psi]  6.2400000e+01  1.2419674e-19  1.0000000e-01
[rho]  1.7333335e+00  1.3266887e-03  1.4537186e-03
[rho]  1.7333335e+00  1.3266887e-03  1.4537186e-03
[elc] -6.6288121e-16 -1.2702992e-04  1.2702992e-04

Free energy density - timestep total fluid
[fed]          24000 -2.1053478375e-02 -2.1053478410e-02

Momentum - x y z
[total   ]  0.0000000e+00  0.0000000e+00  0.0000000e+00
[fluid   ]  0.0000000e+00  0.0000000e+00  0.0000000e+00
[walls   ]  0.0000000e+00  0.0000000e+00  0.0000000e+00

Completed cycle 24000
  Current step =0
  Current step =0
  Current step =0
  Current step =0
  Current step =0
  Current step =0
  Current step =0
  Current step =0
  Current step =0
  Current step =0
  Current step =0
  Current step =0
  Current step =0
  Current step =0
  Current step =0
  Current step =0
  Current step =0
  Current step =0
  Current step =0
  Current step =0
  Current step =0
  Current step =0
  Current step =0
  Current step =0
  Current step =0
  Current step =0
  Current step =0
  Current step =0
  Current step =0
  Current step =0
  Current step =0
  Current step =0
  Current step =0
  Current step =0
  Current step =0
  Current step =0
  Current step =0
  Current step =0
  Current step =0
  Current step =0
  Current step =0
  Current step =0
  Current step =0
  Current step =0
  Current step =0
  Current step =0
  Current step =0
  Current step =0
  Current step =0

Krylov solver
Norm of residual 3.26099e-17 at 21 iterations
Wall charge lower -1.325495276390272e-02 upper  1.325495276390637e-02
Fluid charge      -6.652664530371055e-16 total  2.979387569990166e-15
  Current step =0
  Current step =0
  Current step =0
  Current step =0
  Current step =0
  Current step =0
  Current step =0
  Current step =0
  Current step =0
  Current step =0
  Current step =0
  Current step =0
  Current step =0
  Current step =0
  Current step =0
  Current step =0
  Current step =0
  Current step =0
  Current step =0
  Current step =0
  Current step =0
  Current step =0
  Current step =0
  Current step =0
  Current step =0
  Current step =0
  Current step =0
  Current step =0
  Current step =0
  Current step =0
  Current step =0
  Current step =0
  Current step =0
  Current step =0
  Current step =0
  Current step =0
  Current step =0
  Current step =0
  Current step =0
  Current step =0
  Current step =0
  Current step =0
  Current step =0
  Current step =0
  Current step =0
  Current step =0
  Current step =0
  Current step =0
  Current step =0
  Current step =0

Krylov solver
Norm of residual 3.26099e-17 at 21 iterations
Wall charge lower -1.325535088903242e-02 upper  1.325535088903598e-02
Fluid charge      -6.470518565393490e-16 total  2.919539610068966e-15
  Current step =0
  Current step =0
  Current step =0
  Current step =0
  Current step =0
  Current step =0
  Current step =0
  Current step =0
  Current step =0
  Current step =0
  Current step =0
  Current step =0
  Current step =0
  Current step =0
  Current step =0
  Current step =0
  Current step =0
  Current step =0
  Current step =0
  Current step =0
  Current step =0
  Current step =0
  Current step =0
  Current step =0
  Current step =0
  Current step =0
  Current step =0
  Current step =0
  Current step =0
  Current step =0
  Current step =0
  Current step =0
  Current step =0
  Current step =0
  Current step =0
  Current step =0
  Current step =0
  Current step =0
  Current step =0
  Current step =0
  Current step =0
  Current step =0
  Current step =0
  Current step =0
  Current step =0
  Current step =0
  Current step =0
  Current step =0
  Current step =0
  Current step =0

Krylov solver
Norm of residual 3.26099e-17 at 21 iterations
Wall charge lower -1.325574422714599e-02 upper  1.325574422714929e-02
Fluid charge      -6.227657278756737e-16 total  2.673208876480260e-15
  Current step =0
  Current step =0
  Current step =0
  Current step =0
  Current step =0
  Current step =0
  Current step =0
  Current step =0
  Current step =0
  Current step =0
  Current step =0
  Current step =0
  Current step =0
  Current step =0
  Current step =0
  Current step =0
  Current step =0
  Current step =0
  Current step =0
  Current step =0
  Current step =0
  Current step =0
  Current step =0
  Current step =0
  Current step =0
  Current step =0
  Current step =0
  Current step =0
  Current step =0
  Current step =0
  Current step =0
  Current step =0
  Current step =0
  Current step =0
  Current step =0
  Current step =0
  Current step =0
  Current step =0
  Current step =0
  Current step =0
  Current step =0
  Current step =0
  Current step =0
  Current step =0
  Current step =0
  Current step =0
  Current step =0
  Current step =0
  Current step =0
  Current step =0

Krylov solver
Norm of residual 3.26099e-17 at 21 iterations
Wall charge lower -1.325613283580285e-02 upper  1.325613283580632e-02
Fluid charge      -6.518223460982853e-16 total  2.822828776283259e-15
  Current step =0
  Current step =0
  Current step =0
  Current step =0
  Current step =0
  Current step =0
  Current step =0
  Current step =0
  Current step =0
  Current step =0
  Current step =0
  Current step =0
  Current step =0
  Current step =0
  Current step =0
  Current step =0
  Current step =0
  Current step =0
  Current step =0
  Current step =0
  Current step =0
  Current step =0
  Current step =0
  Current step =0
  Current step =0
  Current step =0
  Current step =0
  Current step =0
  Current step =0
  Current step =0
  Current step =0
  Current step =0
  Current step =0
  Current step =0
  Current step =0
  Current step =0
  Current step =0
  Current step =0
  Current step =0
  Current step =0
  Current step =0
  Current step =0
  Current step =0
  Current step =0
  Current step =0
  Current step =0
  Current step =0
  Current step =0
  Current step =0
  Current step =0

Krylov solver
Norm of residual 3.26099e-17 at 21 iterations
Wall charge lower -1.325651677187110e-02 upper  1.325651677187446e-02
Fluid charge      -6.990935608186533e-16 total  2.655861641720492e-15
  Current step =0
  Current step =0
  Current step =0
  Current step =0
  Current step =0
  Current step =0
  Current step =0
  Current step =0
  Current step =0
  Current step =0
  Current step =0
  Current step =0
  Current step =0
  Current step =0
  Current step =0
  Current step =0
  Current step =0
  Current step =0
  Current step =0
  Current step =0
  Current step =0
  Current step =0
  Current step =0
  Current step =0
  Current step =0
  Current step =0
  Current step =0
  Current step =0
  Current step =0
  Current step =0
  Current step =0
  Current step =0
  Current step =0
  Current step =0
  Current step =0
  Current step =0
  Current step =0
  Current step =0
  Current step =0
  Current step =0
  Current step =0
  Current step =0
  Current step =0
  Current step =0
  Current step =0
  Current step =0
  Current step =0
  Current step =0
  Current step =0
  Current step =0

Krylov solver
Norm of residual 3.26099e-17 at 21 iterations
Wall charge lower -1.325689609153426e-02 upper  1.325689609153806e-02
Fluid charge      -6.095384613713506e-16 total  3.194710121445787e-15
  Current step =0
  Current step =0
  Current step =0
  Current step =0
  Current step =0
  Current step =0
  Current step =0
  Current step =0
  Current step =0
  Current step =0
  Current step =0
  Current step =0
  Current step =0
  Current step =0
  Current step =0
  Current step =0
  Current step =0
  Current step =0
  Current step =0
  Current step =0
  Current step =0
  Current step =0
  Current step =0
  Current step =0
  Current step =0
  Current step =0
  Current step =0
  Current step =0
  Current step =0
  Current step =0
  Current step =0
  Current step =0
  Current step =0
  Current step =0
  Current step =0
  Current step =0
  Current step =0
  Current step =0
  Current step =0
  Current step =0
  Current step =0
  Current step =0
  Current step =0
  Current step =0
  Current step =0
  Current step =0
  Current step =0
  Current step =0
  Current step =0
  Current step =0

Krylov solver
Norm of residual 3.26099e-17 at 21 iterations
Wall charge lower -1.325727085030112e-02 upper  1.325727085030465e-02
Fluid charge      -6.791442408449200e-16 total  2.845813862339952e-15
  Current step =0
  Current step =0
  Current step =0
  Current step =0
  Current step =0
  Current step =0
  Current step =0
  Current step =0
  Current step =0
  Current step =0
  Current step =0
  Current step =0
  Current step =0
  Current step =0
  Current step =0
  Current step =0
  Current step =0
  Current step =0
  Current step =0
  Current step =0
  Current step =0
  Current step =0
  Current step =0
  Current step =0
  Current step =0
  Current step =0
  Current step =0
  Current step =0
  Current step =0
  Current step =0
  Current step =0
  Current step =0
  Current step =0
  Current step =0
  Current step =0
  Current step =0
  Current step =0
  Current step =0
  Current step =0
  Current step =0
  Current step =0
  Current step =0
  Current step =0
  Current step =0
  Current step =0
  Current step =0
  Current step =0
  Current step =0
  Current step =0
  Current step =0

Krylov solver
Norm of residual 3.26099e-17 at 21 iterations
Wall charge lower -1.325764110301205e-02 upper  1.325764110301564e-02
Fluid charge      -5.824334070592130e-16 total  3.003240017784847e-15
  Current step =0
  Current step =0
  Current step =0
  Current step =0
  Current step =0
  Current step =0
  Current step =0
  Current step =0
  Current step =0
  Current step =0
  Current step =0
  Current step =0
  Current step =0
  Current step =0
  Current step =0
  Current step =0
  Current step =0
  Current step =0
  Current step =0
  Current step =0
  Current step =0
  Current step =0
  Current step =0
  Current step =0
  Current step =0
  Current step =0
  Current step =0
  Current step =0
  Current step =0
  Current step =0
  Current step =0
  Current step =0
  Current step =0
  Current step =0
  Current step =0
  Current step =0
  Current step =0
  Current step =0
  Current step =0
  Current step =0
  Current step =0
  Current step =0
  Current step =0
  Current step =0
  Current step =0
  Current step =0
  Current step =0
  Current step =0
  Current step =0
  Current step =0

Krylov solver
Norm of residual 3.26099e-17 at 21 iterations
Wall charge lower -1.325800690384873e-02 upper  1.325800690385220e-02
Fluid charge      -6.574601973952099e-16 total  2.803313137178520e-15
  Current step =0
  Current step =0
  Current step =0
  Current step =0
  Current step =0
  Current step =0
  Current step =0
  Current step =0
  Current step =0
  Current step =0
  Current step =0
  Current step =0
  Current step =0
  Current step =0
  Current step =0
  Current step =0
  Current step =0
  Current step =0
  Current step =0
  Current step =0
  Current step =0
  Current step =0
  Current step =0
  Current step =0
  Current step =0
  Current step =0
  Current step =0
  Current step =0
  Current step =0
  Current step =0
  Current step =0
  Current step =0
  Current step =0
  Current step =0
  Current step =0
  Current step =0
  Current step =0
  Current step =0
  Current step =0
  Current step =0
  Current step =0
  Current step =0
  Current step =0
  Current step =0
  Current step =0
  Current step =0
  Current step =0
  Current step =0
  Current step =0
  Current step =0

Krylov solver
Norm of residual 3.26099e-17 at 21 iterations
Wall charge lower -1.325836830634080e-02 upper  1.325836830634431e-02
Fluid charge      -4.657732532997727e-16 total  3.043572338601308e-15
  Current step =0
  Current step =0
  Current step =0
  Current step =0
  Current step =0
  Current step =0
  Current step =0
  Current step =0
  Current step =0
  Current step =0
  Current step =0
  Current step =0
  Current step =0
  Current step =0
  Current step =0
  Current step =0
  Current step =0
  Current step =0
  Current step =0
  Current step =0
  Current step =0
  Current step =0
  Current step =0
  Current step =0
  Current step =0
  Current step =0
  Current step =0
  Current step =0
  Current step =0
  Current step =0
  Current step =0
  Current step =0
  Current step =0
  Current step =0
  Current step =0
  Current step =0
  Current step =0
  Current step =0
  Current step =0
  Current step =0
  Current step =0
  Current step =0
  Current step =0
  Current step =0
  Current step =0
  Current step =0
  Current step =0
  Current step =0
  Current step =0
  Current step =0

Krylov solver
Norm of residual 3.26099e-17 at 21 iterations
Wall charge lower -1.325872536337469e-02 upper  1.325872536337796e-02
Fluid charge      -5.260548940899668e-16 total  2.749103028554245e-15
  Current step =0
  Current step =0
  Current step =0
  Current step =0
  Current step =0
  Current step =0
  Current step =0
  Current step =0
  Current step =0
  Current step =0
  Current step =0
  Current step =0
  Current step =0
  Current step =0
  Current step =0
  Current step =0
  Current step =0
  Current step =0
  Current step =0
  Current step =0
  Current step =0
  Current step =0
  Current step =0
  Current step =0
  Current step =0
  Current step =0
  Current step =0
  Current step =0
  Current step =0
  Current step =0
  Current step =0
  Current step =0
  Current step =0
  Current step =0
  Current step =0
  Current step =0
  Current step =0
  Current step =0
  Current step =0
  Current step =0
  Current step =0
  Current step =0
  Current step =0
  Current step =0
  Current step =0
  Current step =0
  Current step =0
  Current step =0
  Current step =0
  Current step =0

Krylov solver
Norm of residual 3.26099e-17 at 21 iterations
Wall charge lower -1.325907812720070e-02 upper  1.325907812720389e-02
Fluid charge      -4.007211229506424e-16 total  2.787700625894729e-15
  Current step =0
  Current step =0
  Current step =0
  Current step =0
  Current step =0
  Current step =0
  Current step =0
  Current step =0
  Current step =0
  Current step =0
  Current step =0
  Current step =0
  Current step =0
  Current step =0
  Current step =0
  Current step =0
  Current step =0
  Current step =0
  Current step =0
  Current step =0
  Current step =0
  Current step =0
  Current step =0
  Current step =0
  Current step =0
  Current step =0
  Current step =0
  Current step =0
  Current step =0
  Current step =0
  Current step =0
  Current step =0
  Current step =0
  Current step =0
  Current step =0
  Current step =0
  Current step =0
  Current step =0
  Current step =0
  Current step =0
  Current step =0
  Current step =0
  Current step =0
  Current step =0
  Current step =0
  Current step =0
  Current step =0
  Current step =0
  Current step =0
  Current step =0

Krylov solver
Norm of residual 3.26099e-17 at 21 iterations
Wall charge lower -1.325942664944059e-02 upper  1.325942664944385e-02
Fluid charge      -5.605325231750058e-16 total  2.702482335137368e-15
  Current step =0
  Current step =0
  Current step =0
  Current step =0
  Current step =0
  Current step =0
  Current step =0
  Current step =0
  Current step =0
  Current step =0
  Current step =0
  Current step =0
  Current step =0
  Current step =0
  Current step =0
  Current step =0
  Current step =0
  Current step =0
  Current step =0
  Current step =0
  Current step =0
  Current step =0
  Current step =0
  Current step =0
  Current step =0
  Current step =0
  Current step =0
  Current step =0
  Current step =0
  Current step =0
  Current step =0
  Current step =0
  Current step =0
  Current step =0
  Current step =0
  Current step =0
  Current step =0
  Current step =0
  Current step =0
  Current step =0
  Current step =0
  Current step =0
  Current step =0
  Current step =0
  Current step =0
  Current step =0
  Current step =0
  Current step =0
  Current step =0
  Current step =0

Krylov solver
Norm of residual 3.26099e-17 at 21 iterations
Wall charge lower -1.325977098109575e-02 upper  1.325977098109901e-02
Fluid charge      -4.581838380923742e-16 total  2.797892126316093e-15
  Current step =0
  Current step =0
  Current step =0
  Current step =0
  Current step =0
  Current step =0
  Current step =0
  Current step =0
  Current step =0
  Current step =0
  Current step =0
  Current step =0
  Current step =0
  Current step =0
  Current step =0
  Current step =0
  Current step =0
  Current step =0
  Current step =0
  Current step =0
  Current step =0
  Current step =0
  Current step =0
  Current step =0
  Current step =0
  Current step =0
  Current step =0
  Current step =0
  Current step =0
  Current step =0
  Current step =0
  Current step =0
  Current step =0
  Current step =0
  Current step =0
  Current step =0
  Current step =0
  Current step =0
  Current step =0
  Current step =0
  Current step =0
  Current step =0
  Current step =0
  Current step =0
  Current step =0
  Current step =0
  Current step =0
  Current step =0
  Current step =0
  Current step =0

Krylov solver
Norm of residual 3.26099e-17 at 21 iterations
Wall charge lower -1.326011117255437e-02 upper  1.326011117255785e-02
Fluid charge      -5.230191280070073e-16 total  2.951631994374537e-15
  Current step =0
  Current step =0
  Current step =0
  Current step =0
  Current step =0
  Current step =0
  Current step =0
  Current step =0
  Current step =0
  Current step =0
  Current step =0
  Current step =0
  Current step =0
  Current step =0
  Current step =0
  Current step =0
  Current step =0
  Current step =0
  Current step =0
  Current step =0
  Current step =0
  Current step =0
  Current step =0
  Current step =0
  Current step =0
  Current step =0
  Current step =0
  Current step =0
  Current step =0
  Current step =0
  Current step =0
  Current step =0
  Current step =0
  Current step =0
  Current step =0
  Current step =0
  Current step =0
  Current step =0
  Current step =0
  Current step =0
  Current step =0
  Current step =0
  Current step =0
  Current step =0
  Current step =0
  Current step =0
  Current step =0
  Current step =0
  Current step =0
  Current step =0

Krylov solver
Norm of residual 3.26099e-17 at 21 iterations
Wall charge lower -1.326044727359831e-02 upper  1.326044727360196e-02
Fluid charge      -5.739766301138260e-16 total  3.082820457245283e-15
  Current step =0
  Current step =0
  Current step =0
  Current step =0
  Current step =0
  Current step =0
  Current step =0
  Current step =0
  Current step =0
  Current step =0
  Current step =0
  Current step =0
  Current step =0
  Current step =0
  Current step =0
  Current step =0
  Current step =0
  Current step =0
  Current step =0
  Current step =0
  Current step =0
  Current step =0
  Current step =0
  Current step =0
  Current step =0
  Current step =0
  Current step =0
  Current step =0
  Current step =0
  Current step =0
  Current step =0
  Current step =0
  Current step =0
  Current step =0
  Current step =0
  Current step =0
  Current step =0
  Current step =0
  Current step =0
  Current step =0
  Current step =0
  Current step =0
  Current step =0
  Current step =0
  Current step =0
  Current step =0
  Current step =0
  Current step =0
  Current step =0
  Current step =0

Krylov solver
Norm of residual 3.26099e-17 at 21 iterations
Wall charge lower -1.326077933341142e-02 upper  1.326077933341502e-02
Fluid charge      -7.459310946700271e-16 total  2.853620117981848e-15
  Current step =0
  Current step =0
  Current step =0
  Current step =0
  Current step =0
  Current step =0
  Current step =0
  Current step =0
  Current step =0
  Current step =0
  Current step =0
  Current step =0
  Current step =0
  Current step =0
  Current step =0
  Current step =0
  Current step =0
  Current step =0
  Current step =0
  Current step =0
  Current step =0
  Current step =0
  Current step =0
  Current step =0
  Current step =0
  Current step =0
  Current step =0
  Current step =0
  Current step =0
  Current step =0
  Current step =0
  Current step =0
  Current step =0
  Current step =0
  Current step =0
  Current step =0
  Current step =0
  Current step =0
  Current step =0
  Current step =0
  Current step =0
  Current step =0
  Current step =0
  Current step =0
  Current step =0
  Current step =0
  Current step =0
  Current step =0
  Current step =0
  Current step =0

Krylov solver
Norm of residual 3.26099e-17 at 21 iterations
Wall charge lower -1.326110740058553e-02 upper  1.326110740058925e-02
Fluid charge      -7.129713486264677e-16 total  3.001071613439876e-15
  Current step =0
  Current step =0
  Current step =0
  Current step =0
  Current step =0
  Current step =0
  Current step =0
  Current step =0
  Current step =0
  Current step =0
  Current step =0
  Current step =0
  Current step =0
  Current step =0
  Current step =0
  Current step =0
  Current step =0
  Current step =0
  Current step =0
  Current step =0
  Current step =0
  Current step =0
  Current step =0
  Current step =0
  Current step =0
  Current step =0
  Current step =0
  Current step =0
  Current step =0
  Current step =0
  Current step =0
  Current step =0
  Current step =0
  Current step =0
  Current step =0
  Current step =0
  Current step =0
  Current step =0
  Current step =0
  Current step =0
  Current step =0
  Current step =0
  Current step =0
  Current step =0
  Current step =0
  Current step =0
  Current step =0
  Current step =0
  Current step =0
  Current step =0

Krylov solver
Norm of residual 3.26099e-17 at 21 iterations
Wall charge lower -1.326143152312874e-02 upper  1.326143152313241e-02
Fluid charge      -6.600622826091751e-16 total  3.008877869081772e-15
  Current step =0
  Current step =0
  Current step =0
  Current step =0
  Current step =0
  Current step =0
  Current step =0
  Current step =0
  Current step =0
  Current step =0
  Current step =0
  Current step =0
  Current step =0
  Current step =0
  Current step =0
  Current step =0
  Current step =0
  Current step =0
  Current step =0
  Current step =0
  Current step =0
  Current step =0
  Current step =0
  Current step =0
  Current step =0
  Current step =0
  Current step =0
  Current step =0
  Current step =0
  Current step =0
  Current step =0
  Current step =0
  Current step =0
  Current step =0
  Current step =0
  Current step =0
  Current step =0
  Current step =0
  Current step =0
  Current step =0
  Current step =0
  Current step =0
  Current step =0
  Current step =0
  Current step =0
  Current step =0
  Current step =0
  Current step =0
  Current step =0
  Current step =0

Krylov solver
Norm of residual 3.26099e-17 at 21 iterations
Wall charge lower -1.326175174847146e-02 upper  1.326175174847504e-02
Fluid charge      -7.025630077706069e-16 total  2.872702076217593e-15
  Current step =0
  Current step =0
  Current step =0
  Current step =0
  Current step =0
  Current step =0
  Current step =0
  Current step =0
  Current step =0
  Current step =0
  Current step =0
  Current step =0
  Current step =0
  Current step =0
  Current step =0
  Current step =0
  Current step =0
  Current step =0
  Current step =0
  Current step =0
  Current step =0
  Current step =0
  Current step =0
  Current step =0
  Current step =0
  Current step =0
  Current step =0
  Current step =0
  Current step =0
  Current step =0
  Current step =0
  Current step =0
  Current step =0
  Current step =0
  Current step =0
  Current step =0
  Current step =0
  Current step =0
  Current step =0
  Current step =0
  Current step =0
  Current step =0
  Current step =0
  Current step =0
  Current step =0
  Current step =0
  Current step =0
  Current step =0
  Current step =0
  Current step =0

Krylov solver
Norm of residual 3.26099e-17 at 21 iterations
Wall charge lower -1.326206812347389e-02 upper  1.326206812347752e-02
Fluid charge      -7.077671781985373e-16 total  2.914335439641036e-15
  Current step =0
  Current step =0
  Current step =0
  Current step =0
  Current step =0
  Current step =0
  Current step =0
  Current step =0
  Current step =0
  Current step =0
  Current step =0
  Current step =0
  Current step =0
  Current step =0
  Current step =0
  Current step =0
  Current step =0
  Current step =0
  Current step =0
  Current step =0
  Current step =0
  Current step =0
  Current step =0
  Current step =0
  Current step =0
  Current step =0
  Current step =0
  Current step =0
  Current step =0
  Current step =0
  Current step =0
  Current step =0
  Current step =0
  Current step =0
  Current step =0
  Current step =0
  Current step =0
  Current step =0
  Current step =0
  Current step =0
  Current step =0
  Current step =0
  Current step =0
  Current step =0
  Current step =0
  Current step =0
  Current step =0
  Current step =0
  Current step =0
  Current step =0

Krylov solver
Norm of residual 3.26099e-17 at 21 iterations
Wall charge lower -1.326238069443288e-02 upper  1.326238069443652e-02
Fluid charge      -6.678685382510707e-16 total  2.973316037824247e-15
  Current step =0
  Current step =0
  Current step =0
  Current step =0
  Current step =0
  Current step =0
  Current step =0
  Current step =0
  Current step =0
  Current step =0
  Current step =0
  Current step =0
  Current step =0
  Current step =0
  Current step =0
  Current step =0
  Current step =0
  Current step =0
  Current step =0
  Current step =0
  Current step =0
  Current step =0
  Current step =0
  Current step =0
  Current step =0
  Current step =0
  Current step =0
  Current step =0
  Current step =0
  Current step =0
  Current step =0
  Current step =0
  Current step =0
  Current step =0
  Current step =0
  Current step =0
  Current step =0
  Current step =0
  Current step =0
  Current step =0
  Current step =0
  Current step =0
  Current step =0
  Current step =0
  Current step =0
  Current step =0
  Current step =0
  Current step =0
  Current step =0
  Current step =0

Krylov solver
Norm of residual 3.26099e-17 at 21 iterations
Wall charge lower -1.326268950708851e-02 upper  1.326268950709193e-02
Fluid charge      -6.281867387381013e-16 total  2.797892126316093e-15
  Current step =0
  Current step =0
  Current step =0
  Current step =0
  Current step =0
  Current step =0
  Current step =0
  Current step =0
  Current step =0
  Current step =0
  Current step =0
  Current step =0
  Current step =0
  Current step =0
  Current step =0
  Current step =0
  Current step =0
  Current step =0
  Current step =0
  Current step =0
  Current step =0
  Current step =0
  Current step =0
  Current step =0
  Current step =0
  Current step =0
  Current step =0
  Current step =0
  Current step =0
  Current step =0
  Current step =0
  Current step =0
  Current step =0
  Current step =0
  Current step =0
  Current step =0
  Current step =0
  Current step =0
  Current step =0
  Current step =0
  Current step =0
  Current step =0
  Current step =0
  Current step =0
  Current step =0
  Current step =0
  Current step =0
  Current step =0
  Current step =0
  Current step =0

Krylov solver
Norm of residual 3.26099e-17 at 21 iterations
Wall charge lower -1.326299460663085e-02 upper  1.326299460663442e-02
Fluid charge      -6.359929943799969e-16 total  2.930598472228318e-15
  Current step =0
  Current step =0
  Current step =0
  Current step =0
  Current step =0
  Current step =0
  Current step =0
  Current step =0
  Current step =0
  Current step =0
  Current step =0
  Current step =0
  Current step =0
  Current step =0
  Current step =0
  Current step =0
  Current step =0
  Current step =0
  Current step =0
  Current step =0
  Current step =0
  Current step =0
  Current step =0
  Current step =0
  Current step =0
  Current step =0
  Current step =0
  Current step =0
  Current step =0
  Current step =0
  Current step =0
  Current step =0
  Current step =0
  Current step =0
  Current step =0
  Current step =0
  Current step =0
  Current step =0
  Current step =0
  Current step =0
  Current step =0
  Current step =0
  Current step =0
  Current step =0
  Current step =0
  Current step =0
  Current step =0
  Current step =0
  Current step =0
  Current step =0

Krylov solver
Norm of residual 3.26099e-17 at 21 iterations
Wall charge lower -1.326329603770655e-02 upper  1.326329603771009e-02
Fluid charge      -6.752411130239722e-16 total  2.861860054492738e-15
  Current step =0
  Current step =0
  Current step =0
  Current step =0
  Current step =0
  Current step =0
  Current step =0
  Current step =0
  Current step =0
  Current step =0
  Current step =0
  Current step =0
  Current step =0
  Current step =0
  Current step =0
  Current step =0
  Current step =0
  Current step =0
  Current step =0
  Current step =0
  Current step =0
  Current step =0
  Current step =0
  Current step =0
  Current step =0
  Current step =0
  Current step =0
  Current step =0
  Current step =0
  Current step =0
  Current step =0
  Current step =0
  Current step =0
  Current step =0
  Current step =0
  Current step =0
  Current step =0
  Current step =0
  Current step =0
  Current step =0
  Current step =0
  Current step =0
  Current step =0
  Current step =0
  Current step =0
  Current step =0
  Current step =0
  Current step =0
  Current step =0
  Current step =0

Krylov solver
Norm of residual 3.26099e-17 at 21 iterations
Wall charge lower -1.326359384442557e-02 upper  1.326359384442899e-02
Fluid charge      -5.273559366969494e-16 total  2.893518757929314e-15
  Current step =0
  Current step =0
  Current step =0
  Current step =0
  Current step =0
  Current step =0
  Current step =0
  Current step =0
  Current step =0
  Current step =0
  Current step =0
  Current step =0
  Current step =0
  Current step =0
  Current step =0
  Current step =0
  Current step =0
  Current step =0
  Current step =0
  Current step =0
  Current step =0
  Current step =0
  Current step =0
  Current step =0
  Current step =0
  Current step =0
  Current step =0
  Current step =0
  Current step =0
  Current step =0
  Current step =0
  Current step =0
  Current step =0
  Current step =0
  Current step =0
  Current step =0
  Current step =0
  Current step =0
  Current step =0
  Current step =0
  Current step =0
  Current step =0
  Current step =0
  Current step =0
  Current step =0
  Current step =0
  Current step =0
  Current step =0
  Current step =0
  Current step =0

Krylov solver
Norm of residual 3.26099e-17 at 21 iterations
Wall charge lower -1.326388807036722e-02 upper  1.326388807037070e-02
Fluid charge      -6.210310043996969e-16 total  2.862293735361732e-15
  Current step =0
  Current step =0
  Current step =0
  Current step =0
  Current step =0
  Current step =0
  Current step =0
  Current step =0
  Current step =0
  Current step =0
  Current step =0
  Current step =0
  Current step =0
  Current step =0
  Current step =0
  Current step =0
  Current step =0
  Current step =0
  Current step =0
  Current step =0
  Current step =0
  Current step =0
  Current step =0
  Current step =0
  Current step =0
  Current step =0
  Current step =0
  Current step =0
  Current step =0
  Current step =0
  Current step =0
  Current step =0
  Current step =0
  Current step =0
  Current step =0
  Current step =0
  Current step =0
  Current step =0
  Current step =0
  Current step =0
  Current step =0
  Current step =0
  Current step =0
  Current step =0
  Current step =0
  Current step =0
  Current step =0
  Current step =0
  Current step =0
  Current step =0

Krylov solver
Norm of residual 3.26099e-17 at 21 iterations
Wall charge lower -1.326417875858720e-02 upper  1.326417875859066e-02
Fluid charge      -5.679050979479072e-16 total  2.892868236625823e-15
  Current step =0
  Current step =0
  Current step =0
  Current step =0
  Current step =0
  Current step =0
  Current step =0
  Current step =0
  Current step =0
  Current step =0
  Current step =0
  Current step =0
  Current step =0
  Current step =0
  Current step =0
  Current step =0
  Current step =0
  Current step =0
  Current step =0
  Current step =0
  Current step =0
  Current step =0
  Current step =0
  Current step =0
  Current step =0
  Current step =0
  Current step =0
  Current step =0
  Current step =0
  Current step =0
  Current step =0
  Current step =0
  Current step =0
  Current step =0
  Current step =0
  Current step =0
  Current step =0
  Current step =0
  Current step =0
  Current step =0
  Current step =0
  Current step =0
  Current step =0
  Current step =0
  Current step =0
  Current step =0
  Current step =0
  Current step =0
  Current step =0
  Current step =0

Krylov solver
Norm of residual 3.26099e-17 at 21 iterations
Wall charge lower -1.326446595162285e-02 upper  1.326446595162635e-02
Fluid charge      -7.418111264145821e-16 total  2.757126124630638e-15
  Current step =0
  Current step =0
  Current step =0
  Current step =0
  Current step =0
  Current step =0
  Current step =0
  Current step =0
  Current step =0
  Current step =0
  Current step =0
  Current step =0
  Current step =0
  Current step =0
  Current step =0
  Current step =0
  Current step =0
  Current step =0
  Current step =0
  Current step =0
  Current step =0
  Current step =0
  Current step =0
  Current step =0
  Current step =0
  Current step =0
  Current step =0
  Current step =0
  Current step =0
  Current step =0
  Current step =0
  Current step =0
  Current step =0
  Current step =0
  Current step =0
  Current step =0
  Current step =0
  Current step =0
  Current step =0
  Current step =0
  Current step =0
  Current step =0
  Current step =0
  Current step =0
  Current step =0
  Current step =0
  Current step =0
  Current step =0
  Current step =0
  Current step =0

Krylov solver
Norm of residual 3.26099e-17 at 21 iterations
Wall charge lower -1.326474969150081e-02 upper  1.326474969150444e-02
Fluid charge      -7.173081573164097e-16 total  2.918672248330978e-15
  Current step =0
  Current step =0
  Current step =0
  Current step =0
  Current step =0
  Current step =0
  Current step =0
  Current step =0
  Current step =0
  Current step =0
  Current step =0
  Current step =0
  Current step =0
  Current step =0
  Current step =0
  Current step =0
  Current step =0
  Current step =0
  Current step =0
  Current step =0
  Current step =0
  Current step =0
  Current step =0
  Current step =0
  Current step =0
  Current step =0
  Current step =0
  Current step =0
  Current step =0
  Current step =0
  Current step =0
  Current step =0
  Current step =0
  Current step =0
  Current step =0
  Current step =0
  Current step =0
  Current step =0
  Current step =0
  Current step =0
  Current step =0
  Current step =0
  Current step =0
  Current step =0
  Current step =0
  Current step =0
  Current step =0
  Current step =0
  Current step =0
  Current step =0

Krylov solver
Norm of residual 3.26099e-17 at 21 iterations
Wall charge lower -1.326503001974174e-02 upper  1.326503001974538e-02
Fluid charge      -6.702537830305388e-16 total  2.970930793044779e-15
  Current step =0
  Current step =0
  Current step =0
  Current step =0
  Current step =0
  Current step =0
  Current step =0
  Current step =0
  Current step =0
  Current step =0
  Current step =0
  Current step =0
  Current step =0
  Current step =0
  Current step =0
  Current step =0
  Current step =0
  Current step =0
  Current step =0
  Current step =0
  Current step =0
  Current step =0
  Current step =0
  Current step =0
  Current step =0
  Current step =0
  Current step =0
  Current step =0
  Current step =0
  Current step =0
  Current step =0
  Current step =0
  Current step =0
  Current step =0
  Current step =0
  Current step =0
  Current step =0
  Current step =0
  Current step =0
  Current step =0
  Current step =0
  Current step =0
  Current step =0
  Current step =0
  Current step =0
  Current step =0
  Current step =0
  Current step =0
  Current step =0
  Current step =0

Krylov solver
Norm of residual 3.26099e-17 at 21 iterations
Wall charge lower -1.326530697736756e-02 upper  1.326530697737105e-02
Fluid charge      -5.969617161705187e-16 total  2.895036640970794e-15
  Current step =0
  Current step =0
  Current step =0
  Current step =0
  Current step =0
  Current step =0
  Current step =0
  Current step =0
  Current step =0
  Current step =0
  Current step =0
  Current step =0
  Current step =0
  Current step =0
  Current step =0
  Current step =0
  Current step =0
  Current step =0
  Current step =0
  Current step =0
  Current step =0
  Current step =0
  Current step =0
  Current step =0
  Current step =0
  Current step =0
  Current step =0
  Current step =0
  Current step =0
  Current step =0
  Current step =0
  Current step =0
  Current step =0
  Current step =0
  Current step =0
  Current step =0
  Current step =0
  Current step =0
  Current step =0
  Current step =0
  Current step =0
  Current step =0
  Current step =0
  Current step =0
  Current step =0
  Current step =0
  Current step =0
  Current step =0
  Current step =0
  Current step =0

Krylov solver
Norm of residual 3.26099e-17 at 21 iterations
Wall charge lower -1.326558060490626e-02 upper  1.326558060490982e-02
Fluid charge      -4.263082942213003e-16 total  3.135079001959085e-15
  Current step =0
  Current step =0
  Current step =0
  Current step =0
  Current step =0
  Current step =0
  Current step =0
  Current step =0
  Current step =0
  Current step =0
  Current step =0
  Current step =0
  Current step =0
  Current step =0
  Current step =0
  Current step =0
  Current step =0
  Current step =0
  Current step =0
  Current step =0
  Current step =0
  Current step =0
  Current step =0
  Current step =0
  Current step =0
  Current step =0
  Current step =0
  Current step =0
  Current step =0
  Current step =0
  Current step =0
  Current step =0
  Current step =0
  Current step =0
  Current step =0
  Current step =0
  Current step =0
  Current step =0
  Current step =0
  Current step =0
  Current step =0
  Current step =0
  Current step =0
  Current step =0
  Current step =0
  Current step =0
  Current step =0
  Current step =0
  Current step =0
  Current step =0

Krylov solver
Norm of residual 3.26099e-17 at 21 iterations
Wall charge lower -1.326585094239906e-02 upper  1.326585094240254e-02
Fluid charge      -5.837344496661956e-16 total  2.899590290095233e-15
  Current step =0
  Current step =0
  Current step =0
  Current step =0
  Current step =0
  Current step =0
  Current step =0
  Current step =0
  Current step =0
  Current step =0
  Current step =0
  Current step =0
  Current step =0
  Current step =0
  Current step =0
  Current step =0
  Current step =0
  Current step =0
  Current step =0
  Current step =0
  Current step =0
  Current step =0
  Current step =0
  Current step =0
  Current step =0
  Current step =0
  Current step =0
  Current step =0
  Current step =0
  Current step =0
  Current step =0
  Current step =0
  Current step =0
  Current step =0
  Current step =0
  Current step =0
  Current step =0
  Current step =0
  Current step =0
  Current step =0
  Current step =0
  Current step =0
  Current step =0
  Current step =0
  Current step =0
  Current step =0
  Current step =0
  Current step =0
  Current step =0
  Current step =0

Krylov solver
Norm of residual 3.261e-17 at 21 iterations
Wall charge lower -1.326611802940558e-02 upper  1.326611802940908e-02
Fluid charge      -5.143455106271233e-16 total  2.982857016942120e-15
  Current step =0
  Current step =0
  Current step =0
  Current step =0
  Current step =0
  Current step =0
  Current step =0
  Current step =0
  Current step =0
  Current step =0
  Current step =0
  Current step =0
  Current step =0
  Current step =0
  Current step =0
  Current step =0
  Current step =0
  Current step =0
  Current step =0
  Current step =0
  Current step =0
  Current step =0
  Current step =0
  Current step =0
  Current step =0
  Current step =0
  Current step =0
  Current step =0
  Current step =0
  Current step =0
  Current step =0
  Current step =0
  Current step =0
  Current step =0
  Current step =0
  Current step =0
  Current step =0
  Current step =0
  Current step =0
  Current step =0
  Current step =0
  Current step =0
  Current step =0
  Current step =0
  Current step =0
  Current step =0
  Current step =0
  Current step =0
  Current step =0
  Current step =0

Krylov solver
Norm of residual 3.261e-17 at 21 iterations
Wall charge lower -1.326638190500970e-02 upper  1.326638190501323e-02
Fluid charge      -6.349087922075114e-16 total  2.891784034453337e-15
  Current step =0
  Current step =0
  Current step =0
  Current step =0
  Current step =0
  Current step =0
  Current step =0
  Current step =0
  Current step =0
  Current step =0
  Current step =0
  Current step =0
  Current step =0
  Current step =0
  Current step =0
  Current step =0
  Current step =0
  Current step =0
  Current step =0
  Current step =0
  Current step =0
  Current step =0
  Current step =0
  Current step =0
  Current step =0
  Current step =0
  Current step =0
  Current step =0
  Current step =0
  Current step =0
  Current step =0
  Current step =0
  Current step =0
  Current step =0
  Current step =0
  Current step =0
  Current step =0
  Current step =0
  Current step =0
  Current step =0
  Current step =0
  Current step =0
  Current step =0
  Current step =0
  Current step =0
  Current step =0
  Current step =0
  Current step =0
  Current step =0
  Current step =0

Krylov solver
Norm of residual 3.261e-17 at 21 iterations
Wall charge lower -1.326664260782539e-02 upper  1.326664260782888e-02
Fluid charge      -7.311859451242242e-16 total  2.760812412017088e-15
  Current step =0
  Current step =0
  Current step =0
  Current step =0
  Current step =0
  Current step =0
  Current step =0
  Current step =0
  Current step =0
  Current step =0
  Current step =0
  Current step =0
  Current step =0
  Current step =0
  Current step =0
  Current step =0
  Current step =0
  Current step =0
  Current step =0
  Current step =0
  Current step =0
  Current step =0
  Current step =0
  Current step =0
  Current step =0
  Current step =0
  Current step =0
  Current step =0
  Current step =0
  Current step =0
  Current step =0
  Current step =0
  Current step =0
  Current step =0
  Current step =0
  Current step =0
  Current step =0
  Current step =0
  Current step =0
  Current step =0
  Current step =0
  Current step =0
  Current step =0
  Current step =0
  Current step =0
  Current step =0
  Current step =0
  Current step =0
  Current step =0
  Current step =0

Krylov solver
Norm of residual 3.261e-17 at 21 iterations
Wall charge lower -1.326690017600227e-02 upper  1.326690017600575e-02
Fluid charge      -5.199833619240479e-16 total  2.959871930885427e-15
  Current step =0
  Current step =0
  Current step =0
  Current step =0
  Current step =0
  Current step =0
  Current step =0
  Current step =0
  Current step =0
  Current step =0
  Current step =0
  Current step =0
  Current step =0
  Current step =0
  Current step =0
  Current step =0
  Current step =0
  Current step =0
  Current step =0
  Current step =0
  Current step =0
  Current step =0
  Current step =0
  Current step =0
  Current step =0
  Current step =0
  Current step =0
  Current step =0
  Current step =0
  Current step =0
  Current step =0
  Current step =0
  Current step =0
  Current step =0
  Current step =0
  Current step =0
  Current step =0
  Current step =0
  Current step =0
  Current step =0
  Current step =0
  Current step =0
  Current step =0
  Current step =0
  Current step =0
  Current step =0
  Current step =0
  Current step =0
  Current step =0
  Current step =0

Krylov solver
Norm of residual 3.261e-17 at 21 iterations
Wall charge lower -1.326715464723136e-02 upper  1.326715464723477e-02
Fluid charge      -6.223320470066795e-16 total  2.782930136335793e-15
  Current step =0
  Current step =0
  Current step =0
  Current step =0
  Current step =0
  Current step =0
  Current step =0
  Current step =0
  Current step =0
  Current step =0
  Current step =0
  Current step =0
  Current step =0
  Current step =0
  Current step =0
  Current step =0
  Current step =0
  Current step =0
  Current step =0
  Current step =0
  Current step =0
  Current step =0
  Current step =0
  Current step =0
  Current step =0
  Current step =0
  Current step =0
  Current step =0
  Current step =0
  Current step =0
  Current step =0
  Current step =0
  Current step =0
  Current step =0
  Current step =0
  Current step =0
  Current step =0
  Current step =0
  Current step =0
  Current step =0
  Current step =0
  Current step =0
  Current step =0
  Current step =0
  Current step =0
  Current step =0
  Current step =0
  Current step =0
  Current step =0
  Current step =0

Krylov solver
Norm of residual 3.261e-17 at 21 iterations
Wall charge lower -1.326740605875019e-02 upper  1.326740605875377e-02
Fluid charge      -7.068998164605489e-16 total  2.871834714479604e-15
  Current step =0
  Current step =0
  Current step =0
  Current step =0
  Current step =0
  Current step =0
  Current step =0
  Current step =0
  Current step =0
  Current step =0
  Current step =0
  Current step =0
  Current step =0
  Current step =0
  Current step =0
  Current step =0
  Current step =0
  Current step =0
  Current step =0
  Current step =0
  Current step =0
  Current step =0
  Current step =0
  Current step =0
  Current step =0
  Current step =0
  Current step =0
  Current step =0
  Current step =0
  Current step =0
  Current step =0
  Current step =0
  Current step =0
  Current step =0
  Current step =0
  Current step =0
  Current step =0
  Current step =0
  Current step =0
  Current step =0
  Current step =0
  Current step =0
  Current step =0
  Current step =0
  Current step =0
  Current step =0
  Current step =0
  Current step =0
  Current step =0
  Current step =0

Krylov solver
Norm of residual 3.261e-17 at 21 iterations
Wall charge lower -1.326765444734893e-02 upper  1.326765444735238e-02
Fluid charge      -7.147060721024445e-16 total  2.735658921615425e-15
  Current step =0
  Current step =0
  Current step =0
  Current step =0
  Current step =0
  Current step =0
  Current step =0
  Current step =0
  Current step =0
  Current step =0
  Current step =0
  Current step =0
  Current step =0
  Current step =0
  Current step =0
  Current step =0
  Current step =0
  Current step =0
  Current step =0
  Current step =0
  Current step =0
  Current step =0
  Current step =0
  Current step =0
  Current step =0
  Current step =0
  Current step =0
  Current step =0
  Current step =0
  Current step =0
  Current step =0
  Current step =0
  Current step =0
  Current step =0
  Current step =0
  Current step =0
  Current step =0
  Current step =0
  Current step =0
  Current step =0
  Current step =0
  Current step =0
  Current step =0
  Current step =0
  Current step =0
  Current step =0
  Current step =0
  Current step =0
  Current step =0
  Current step =0

Krylov solver
Norm of residual 3.261e-17 at 21 iterations
Wall charge lower -1.326789984937493e-02 upper  1.326789984937841e-02
Fluid charge      -7.418111264145821e-16 total  2.734574719442939e-15
  Current step =0
  Current step =0
  Current step =0
  Current step =0
  Current step =0
  Current step =0
  Current step =0
  Current step =0
  Current step =0
  Current step =0
  Current step =0
  Current step =0
  Current step =0
  Current step =0
  Current step =0
  Current step =0
  Current step =0
  Current step =0
  Current step =0
  Current step =0
  Current step =0
  Current step =0
  Current step =0
  Current step =0
  Current step =0
  Current step =0
  Current step =0
  Current step =0
  Current step =0
  Current step =0
  Current step =0
  Current step =0
  Current step =0
  Current step =0
  Current step =0
  Current step =0
  Current step =0
  Current step =0
  Current step =0
  Current step =0
  Current step =0
  Current step =0
  Current step =0
  Current step =0
  Current step =0
  Current step =0
  Current step =0
  Current step =0
  Current step =0
  Current step =0

Krylov solver
Norm of residual 3.261e-17 at 21 iterations
Wall charge lower -1.326814230073897e-02 upper  1.326814230074235e-02
Fluid charge      -5.223686067035160e-16 total  2.855138001023327e-15
  Current step =0
  Current step =0
  Current step =0
  Current step =0
  Current step =0
  Current step =0
  Current step =0
  Current step =0
  Current step =0
  Current step =0
  Current step =0
  Current step =0
  Current step =0
  Current step =0
  Current step =0
  Current step =0
  Current step =0
  Current step =0
  Current step =0
  Current step =0
  Current step =0
  Current step =0
  Current step =0
  Current step =0
  Current step =0
  Current step =0
  Current step =0
  Current step =0
  Current step =0
  Current step =0
  Current step =0
  Current step =0
  Current step =0
  Current step =0
  Current step =0
  Current step =0
  Current step =0
  Current step =0
  Current step =0
  Current step =0
  Current step =0
  Current step =0
  Current step =0
  Current step =0
  Current step =0
  Current step =0
  Current step =0
  Current step =0
  Current step =0
  Current step =0

Krylov solver
Norm of residual 3.261e-17 at 21 iterations
Wall charge lower -1.326838183691950e-02 upper  1.326838183692295e-02
Fluid charge      -6.661338147750939e-16 total  2.785965902418752e-15
  Current step =0
  Current step =0
  Current step =0
  Current step =0
  Current step =0
  Current step =0
  Current step =0
  Current step =0
  Current step =0
  Current step =0
  Current step =0
  Current step =0
  Current step =0
  Current step =0
  Current step =0
  Current step =0
  Current step =0
  Current step =0
  Current step =0
  Current step =0
  Current step =0
  Current step =0
  Current step =0
  Current step =0
  Current step =0
  Current step =0
  Current step =0
  Current step =0
  Current step =0
  Current step =0
  Current step =0
  Current step =0
  Current step =0
  Current step =0
  Current step =0
  Current step =0
  Current step =0
  Current step =0
  Current step =0
  Current step =0
  Current step =0
  Current step =0
  Current step =0
  Current step =0
  Current step =0
  Current step =0
  Current step =0
  Current step =0
  Current step =0
  Current step =0

Krylov solver
Norm of residual 3.261e-17 at 21 iterations
Wall charge lower -1.326861849296887e-02 upper  1.326861849297245e-02
Fluid charge      -6.372940369869795e-16 total  2.939705770477197e-15
  Current step =0
  Current step =0
  Current step =0
  Current step =0
  Current step =0
  Current step =0
  Current step =0
  Current step =0
  Current step =0
  Current step =0
  Current step =0
  Current step =0
  Current step =0
  Current step =0
  Current step =0
  Current step =0
  Current step =0
  Current step =0
  Current step =0
  Current step =0
  Current step =0
  Current step =0
  Current step =0
  Current step =0
  Current step =0
  Current step =0
  Current step =0
  Current step =0
  Current step =0
  Current step =0
  Current step =0
  Current step =0
  Current step =0
  Current step =0
  Current step =0
  Current step =0
  Current step =0
  Current step =0
  Current step =0
  Current step =0
  Current step =0
  Current step =0
  Current step =0
  Current step =0
  Current step =0
  Current step =0
  Current step =0
  Current step =0
  Current step =0
  Current step =0

Krylov solver
Norm of residual 3.261e-17 at 21 iterations
Wall charge lower -1.326885230351777e-02 upper  1.326885230352121e-02
Fluid charge      -7.192597212268836e-16 total  2.725901102063055e-15
  Current step =0
  Current step =0
  Current step =0
  Current step =0
  Current step =0
  Current step =0
  Current step =0
  Current step =0
  Current step =0
  Current step =0
  Current step =0
  Current step =0
  Current step =0
  Current step =0
  Current step =0
  Current step =0
  Current step =0
  Current step =0
  Current step =0
  Current step =0
  Current step =0
  Current step =0
  Current step =0
  Current step =0
  Current step =0
  Current step =0
  Current step =0
  Current step =0
  Current step =0
  Current step =0
  Current step =0
  Current step =0
  Current step =0
  Current step =0
  Current step =0
  Current step =0
  Current step =0
  Current step =0
  Current step =0
  Current step =0
  Current step =0
  Current step =0
  Current step =0
  Current step =0
  Current step =0
  Current step =0
  Current step =0
  Current step =0
  Current step =0
  Current step =0

Krylov solver
Norm of residual 3.261e-17 at 21 iterations
Wall charge lower -1.326908330278020e-02 upper  1.326908330278352e-02
Fluid charge      -6.806621238863997e-16 total  2.636129162181255e-15
  Current step =0
  Current step =0
  Current step =0
  Current step =0
  Current step =0
  Current step =0
  Current step =0
  Current step =0
  Current step =0
  Current step =0
  Current step =0
  Current step =0
  Current step =0
  Current step =0
  Current step =0
  Current step =0
  Current step =0
  Current step =0
  Current step =0
  Current step =0
  Current step =0
  Current step =0
  Current step =0
  Current step =0
  Current step =0
  Current step =0
  Current step =0
  Current step =0
  Current step =0
  Current step =0
  Current step =0
  Current step =0
  Current step =0
  Current step =0
  Current step =0
  Current step =0
  Current step =0
  Current step =0
  Current step =0
  Current step =0
  Current step =0
  Current step =0
  Current step =0
  Current step =0
  Current step =0
  Current step =0
  Current step =0
  Current step =0
  Current step =0
  Current step =0

Krylov solver
Norm of residual 3.261e-17 at 21 iterations
Wall charge lower -1.326931152455893e-02 upper  1.326931152456267e-02
Fluid charge      -6.049848122469115e-16 total  3.136813725435061e-15
  Current step =0
  Current step =0
  Current step =0
  Current step =0
  Current step =0
  Current step =0
  Current step =0
  Current step =0
  Current step =0
  Current step =0
  Current step =0
  Current step =0
  Current step =0
  Current step =0
  Current step =0
  Current step =0
  Current step =0
  Current step =0
  Current step =0
  Current step =0
  Current step =0
  Current step =0
  Current step =0
  Current step =0
  Current step =0
  Current step =0
  Current step =0
  Current step =0
  Current step =0
  Current step =0
  Current step =0
  Current step =0
  Current step =0
  Current step =0
  Current step =0
  Current step =0
  Current step =0
  Current step =0
  Current step =0
  Current step =0
  Current step =0
  Current step =0
  Current step =0
  Current step =0
  Current step =0
  Current step =0
  Current step =0
  Current step =0
  Current step =0
  Current step =0

Krylov solver
Norm of residual 3.261e-17 at 21 iterations
Wall charge lower -1.326953700225081e-02 upper  1.326953700225426e-02
Fluid charge      -6.314393452555578e-16 total  2.822395095414265e-15
  Current step =0
  Current step =0
  Current step =0
  Current step =0
  Current step =0
  Current step =0
  Current step =0
  Current step =0
  Current step =0
  Current step =0
  Current step =0
  Current step =0
  Current step =0
  Current step =0
  Current step =0
  Current step =0
  Current step =0
  Current step =0
  Current step =0
  Current step =0
  Current step =0
  Current step =0
  Current step =0
  Current step =0
  Current step =0
  Current step =0
  Current step =0
  Current step =0
  Current step =0
  Current step =0
  Current step =0
  Current step =0
  Current step =0
  Current step =0
  Current step =0
  Current step =0
  Current step =0
  Current step =0
  Current step =0
  Current step =0
  Current step =0
  Current step =0
  Current step =0
  Current step =0
  Current step =0
  Current step =0
  Current step =0
  Current step =0
  Current step =0
  Current step =0

Krylov solver
Norm of residual 3.261e-17 at 21 iterations
Wall charge lower -1.326975976885021e-02 upper  1.326975976885389e-02
Fluid charge      -6.789274004104229e-16 total  3.002155815612362e-15
  Current step =0
  Current step =0
  Current step =0
  Current step =0
  Current step =0
  Current step =0
  Current step =0
  Current step =0
  Current step =0
  Current step =0
  Current step =0
  Current step =0
  Current step =0
  Current step =0
  Current step =0
  Current step =0
  Current step =0
  Current step =0
  Current step =0
  Current step =0
  Current step =0
  Current step =0
  Current step =0
  Current step =0
  Current step =0
  Current step =0
  Current step =0
  Current step =0
  Current step =0
  Current step =0
  Current step =0
  Current step =0
  Current step =0
  Current step =0
  Current step =0
  Current step =0
  Current step =0
  Current step =0
  Current step =0
  Current step =0
  Current step =0
  Current step =0
  Current step =0
  Current step =0
  Current step =0
  Current step =0
  Current step =0
  Current step =0
  Current step =0
  Current step =0

Krylov solver
Norm of residual 3.261e-17 at 21 iterations
Wall charge lower -1.326997985695554e-02 upper  1.326997985695897e-02
Fluid charge      -6.704706234650359e-16 total  2.750404071161228e-15
  Current step =0
  Current step =0
  Current step =0
  Current step =0
  Current step =0
  Current step =0
  Current step =0
  Current step =0
  Current step =0
  Current step =0
  Current step =0
  Current step =0
  Current step =0
  Current step =0
  Current step =0
  Current step =0
  Current step =0
  Current step =0
  Current step =0
  Current step =0
  Current step =0
  Current step =0
  Current step =0
  Current step =0
  Current step =0
  Current step =0
  Current step =0
  Current step =0
  Current step =0
  Current step =0
  Current step =0
  Current step =0
  Current step =0
  Current step =0
  Current step =0
  Current step =0
  Current step =0
  Current step =0
  Current step =0
  Current step =0
  Current step =0
  Current step =0
  Current step =0
  Current step =0
  Current step =0
  Current step =0
  Current step =0
  Current step =0
  Current step =0
  Current step =0

Krylov solver
Norm of residual 3.261e-17 at 21 iterations
Wall charge lower -1.327019729877269e-02 upper  1.327019729877619e-02
Fluid charge      -6.145257913647839e-16 total  2.882676736204459e-15
  Current step =0
  Current step =0
  Current step =0
  Current step =0
  Current step =0
  Current step =0
  Current step =0
  Current step =0
  Current step =0
  Current step =0
  Current step =0
  Current step =0
  Current step =0
  Current step =0
  Current step =0
  Current step =0
  Current step =0
  Current step =0
  Current step =0
  Current step =0
  Current step =0
  Current step =0
  Current step =0
  Current step =0
  Current step =0
  Current step =0
  Current step =0
  Current step =0
  Current step =0
  Current step =0
  Current step =0
  Current step =0
  Current step =0
  Current step =0
  Current step =0
  Current step =0
  Current step =0
  Current step =0
  Current step =0
  Current step =0
  Current step =0
  Current step =0
  Current step =0
  Current step =0
  Current step =0
  Current step =0
  Current step =0
  Current step =0
  Current step =0
  Current step =0

Krylov solver
Norm of residual 3.261e-17 at 21 iterations
Wall charge lower -1.327041212612049e-02 upper  1.327041212612419e-02
Fluid charge      -6.505213034913027e-16 total  3.058317488147111e-15
  Current step =0
  Current step =0
  Current step =0
  Current step =0
  Current step =0
  Current step =0
  Current step =0
  Current step =0
  Current step =0
  Current step =0
  Current step =0
  Current step =0
  Current step =0
  Current step =0
  Current step =0
  Current step =0
  Current step =0
  Current step =0
  Current step =0
  Current step =0
  Current step =0
  Current step =0
  Current step =0
  Current step =0
  Current step =0
  Current step =0
  Current step =0
  Current step =0
  Current step =0
  Current step =0
  Current step =0
  Current step =0
  Current step =0
  Current step =0
  Current step =0
  Current step =0
  Current step =0
  Current step =0
  Current step =0
  Current step =0
  Current step =0
  Current step =0
  Current step =0
  Current step =0
  Current step =0
  Current step =0
  Current step =0
  Current step =0
  Current step =0
  Current step =0

Krylov solver
Norm of residual 3.261e-17 at 21 iterations
Wall charge lower -1.327062437043541e-02 upper  1.327062437043917e-02
Fluid charge      -8.604228440844963e-16 total  2.896988204881268e-15
  Current step =0
  Current step =0
  Current step =0
  Current step =0
  Current step =0
  Current step =0
  Current step =0
  Current step =0
  Current step =0
  Current step =0
  Current step =0
  Current step =0
  Current step =0
  Current step =0
  Current step =0
  Current step =0
  Current step =0
  Current step =0
  Current step =0
  Current step =0
  Current step =0
  Current step =0
  Current step =0
  Current step =0
  Current step =0
  Current step =0
  Current step =0
  Current step =0
  Current step =0
  Current step =0
  Current step =0
  Current step =0
  Current step =0
  Current step =0
  Current step =0
  Current step =0
  Current step =0
  Current step =0
  Current step =0
  Current step =0
  Current step =0
  Current step =0
  Current step =0
  Current step =0
  Current step =0
  Current step =0
  Current step =0
  Current step =0
  Current step =0
  Current step =0

Krylov solver
Norm of residual 3.261e-17 at 21 iterations
Wall charge lower -1.327083406277551e-02 upper  1.327083406277929e-02
Fluid charge      -7.804087237550661e-16 total  3.003023177350350e-15
  Current step =0
  Current step =0
  Current step =0
  Current step =0
  Current step =0
  Current step =0
  Current step =0
  Current step =0
  Current step =0
  Current step =0
  Current step =0
  Current step =0
  Current step =0
  Current step =0
  Current step =0
  Current step =0
  Current step =0
  Current step =0
  Current step =0
  Current step =0
  Current step =0
  Current step =0
  Current step =0
  Current step =0
  Current step =0
  Current step =0
  Current step =0
  Current step =0
  Current step =0
  Current step =0
  Current step =0
  Current step =0
  Current step =0
  Current step =0
  Current step =0
  Current step =0
  Current step =0
  Current step =0
  Current step =0
  Current step =0
  Current step =0
  Current step =0
  Current step =0
  Current step =0
  Current step =0
  Current step =0
  Current step =0
  Current step =0
  Current step =0
  Current step =0

Krylov solver
Norm of residual 3.261e-17 at 21 iterations
Wall charge lower -1.327104123382594e-02 upper  1.327104123382940e-02
Fluid charge      -7.415942859800850e-16 total  2.724383219021576e-15
  Current step =0
  Current step =0
  Current step =0
  Current step =0
  Current step =0
  Current step =0
  Current step =0
  Current step =0
  Current step =0
  Current step =0
  Current step =0
  Current step =0
  Current step =0
  Current step =0
  Current step =0
  Current step =0
  Current step =0
  Current step =0
  Current step =0
  Current step =0
  Current step =0
  Current step =0
  Current step =0
  Current step =0
  Current step =0
  Current step =0
  Current step =0
  Current step =0
  Current step =0
  Current step =0
  Current step =0
  Current step =0
  Current step =0
  Current step =0
  Current step =0
  Current step =0
  Current step =0
  Current step =0
  Current step =0
  Current step =0
  Current step =0
  Current step =0
  Current step =0
  Current step =0
  Current step =0
  Current step =0
  Current step =0
  Current step =0
  Current step =0
  Current step =0

Krylov solver
Norm of residual 3.261e-17 at 21 iterations
Wall charge lower -1.327124591390208e-02 upper  1.327124591390566e-02
Fluid charge      -6.878178582248040e-16 total  2.890916672715349e-15
  Current step =0
  Current step =0
  Current step =0
  Current step =0
  Current step =0
  Current step =0
  Current step =0
  Current step =0
  Current step =0
  Current step =0
  Current step =0
  Current step =0
  Current step =0
  Current step =0
  Current step =0
  Current step =0
  Current step =0
  Current step =0
  Current step =0
  Current step =0
  Current step =0
  Current step =0
  Current step =0
  Current step =0
  Current step =0
  Current step =0
  Current step =0
  Current step =0
  Current step =0
  Current step =0
  Current step =0
  Current step =0
  Current step =0
  Current step =0
  Current step =0
  Current step =0
  Current step =0
  Current step =0
  Current step =0
  Current step =0
  Current step =0
  Current step =0
  Current step =0
  Current step =0
  Current step =0
  Current step =0
  Current step =0
  Current step =0
  Current step =0
  Current step =0

Krylov solver
Norm of residual 3.261e-17 at 21 iterations
Wall charge lower -1.327144813295551e-02 upper  1.327144813295906e-02
Fluid charge      -6.956241138666996e-16 total  2.853620117981848e-15
  Current step =0
  Current step =0
  Current step =0
  Current step =0
  Current step =0
  Current step =0
  Current step =0
  Current step =0
  Current step =0
  Current step =0
  Current step =0
  Current step =0
  Current step =0
  Current step =0
  Current step =0
  Current step =0
  Current step =0
  Current step =0
  Current step =0
  Current step =0
  Current step =0
  Current step =0
  Current step =0
  Current step =0
  Current step =0
  Current step =0
  Current step =0
  Current step =0
  Current step =0
  Current step =0
  Current step =0
  Current step =0
  Current step =0
  Current step =0
  Current step =0
  Current step =0
  Current step =0
  Current step =0
  Current step =0
  Current step =0
  Current step =0
  Current step =0
  Current step =0
  Current step =0
  Current step =0
  Current step =0
  Current step =0
  Current step =0
  Current step =0
  Current step =0

Krylov solver
Norm of residual 3.261e-17 at 21 iterations
Wall charge lower -1.327164792057738e-02 upper  1.327164792058096e-02
Fluid charge      -8.699638232023688e-16 total  2.712240154689738e-15
  Current step =0
  Current step =0
  Current step =0
  Current step =0
  Current step =0
  Current step =0
  Current step =0
  Current step =0
  Current step =0
  Current step =0
  Current step =0
  Current step =0
  Current step =0
  Current step =0
  Current step =0
  Current step =0
  Current step =0
  Current step =0
  Current step =0
  Current step =0
  Current step =0
  Current step =0
  Current step =0
  Current step =0
  Current step =0
  Current step =0
  Current step =0
  Current step =0
  Current step =0
  Current step =0
  Current step =0
  Current step =0
  Current step =0
  Current step =0
  Current step =0
  Current step =0
  Current step =0
  Current step =0
  Current step =0
  Current step =0
  Current step =0
  Current step =0
  Current step =0
  Current step =0
  Current step =0
  Current step =0
  Current step =0
  Current step =0
  Current step =0
  Current step =0

Krylov solver
Norm of residual 3.261e-17 at 21 iterations
Wall charge lower -1.327184530600295e-02 upper  1.327184530600676e-02
Fluid charge      -9.222223679161701e-16 total  2.880291491424991e-15
  Current step =0
  Current step =0
  Current step =0
  Current step =0
  Current step =0
  Current step =0
  Current step =0
  Current step =0
  Current step =0
  Current step =0
  Current step =0
  Current step =0
  Current step =0
  Current step =0
  Current step =0
  Current step =0
  Current step =0
  Current step =0
  Current step =0
  Current step =0
  Current step =0
  Current step =0
  Current step =0
  Current step =0
  Current step =0
  Current step =0
  Current step =0
  Current step =0
  Current step =0
  Current step =0
  Current step =0
  Current step =0
  Current step =0
  Current step =0
  Current step =0
  Current step =0
  Current step =0
  Current step =0
  Current step =0
  Current step =0
  Current step =0
  Current step =0
  Current step =0
  Current step =0
  Current step =0
  Current step =0
  Current step =0
  Current step =0
  Current step =0
  Current step =0

Krylov solver
Norm of residual 3.261e-17 at 21 iterations
Wall charge lower -1.327204031811632e-02 upper  1.327204031812015e-02
Fluid charge      -8.673617379884035e-16 total  2.966377143920340e-15
  Current step =0
  Current step =0
  Current step =0
  Current step =0
  Current step =0
  Current step =0
  Current step =0
  Current step =0
  Current step =0
  Current step =0
  Current step =0
  Current step =0
  Current step =0
  Current step =0
  Current step =0
  Current step =0
  Current step =0
  Current step =0
  Current step =0
  Current step =0
  Current step =0
  Current step =0
  Current step =0
  Current step =0
  Current step =0
  Current step =0
  Current step =0
  Current step =0
  Current step =0
  Current step =0
  Current step =0
  Current step =0
  Current step =0
  Current step =0
  Current step =0
  Current step =0
  Current step =0
  Current step =0
  Current step =0
  Current step =0
  Current step =0
  Current step =0
  Current step =0
  Current step =0
  Current step =0
  Current step =0
  Current step =0
  Current step =0
  Current step =0
  Current step =0

Krylov solver
Norm of residual 3.261e-17 at 21 iterations
Wall charge lower -1.327223298545406e-02 upper  1.327223298545778e-02
Fluid charge      -8.847089727481716e-16 total  2.834538159746103e-15
  Current step =0
  Current step =0
  Current step =0
  Current step =0
  Current step =0
  Current step =0
  Current step =0
  Current step =0
  Current step =0
  Current step =0
  Current step =0
  Current step =0
  Current step =0
  Current step =0
  Current step =0
  Current step =0
  Current step =0
  Current step =0
  Current step =0
  Current step =0
  Current step =0
  Current step =0
  Current step =0
  Current step =0
  Current step =0
  Current step =0
  Current step =0
  Current step =0
  Current step =0
  Current step =0
  Current step =0
  Current step =0
  Current step =0
  Current step =0
  Current step =0
  Current step =0
  Current step =0
  Current step =0
  Current step =0
  Current step =0
  Current step =0
  Current step =0
  Current step =0
  Current step =0
  Current step =0
  Current step =0
  Current step =0
  Current step =0
  Current step =0
  Current step =0

Krylov solver
Norm of residual 3.261e-17 at 21 iterations
Wall charge lower -1.327242333620912e-02 upper  1.327242333621292e-02
Fluid charge      -7.975391180803371e-16 total  2.999770570832894e-15
  Current step =0
  Current step =0
  Current step =0
  Current step =0
  Current step =0
  Current step =0
  Current step =0
  Current step =0
  Current step =0
  Current step =0
  Current step =0
  Current step =0
  Current step =0
  Current step =0
  Current step =0
  Current step =0
  Current step =0
  Current step =0
  Current step =0
  Current step =0
  Current step =0
  Current step =0
  Current step =0
  Current step =0
  Current step =0
  Current step =0
  Current step =0
  Current step =0
  Current step =0
  Current step =0
  Current step =0
  Current step =0
  Current step =0
  Current step =0
  Current step =0
  Current step =0
  Current step =0
  Current step =0
  Current step =0
  Current step =0
  Current step =0
  Current step =0
  Current step =0
  Current step =0
  Current step =0
  Current step =0
  Current step =0
  Current step =0
  Current step =0
  Current step =0

Krylov solver
Norm of residual 3.261e-17 at 21 iterations
Wall charge lower -1.327261139823642e-02 upper  1.327261139824019e-02
Fluid charge      -9.272096979096034e-16 total  2.844079138863975e-15
  Current step =0
  Current step =0
  Current step =0
  Current step =0
  Current step =0
  Current step =0
  Current step =0
  Current step =0
  Current step =0
  Current step =0
  Current step =0
  Current step =0
  Current step =0
  Current step =0
  Current step =0
  Current step =0
  Current step =0
  Current step =0
  Current step =0
  Current step =0
  Current step =0
  Current step =0
  Current step =0
  Current step =0
  Current step =0
  Current step =0
  Current step =0
  Current step =0
  Current step =0
  Current step =0
  Current step =0
  Current step =0
  Current step =0
  Current step =0
  Current step =0
  Current step =0
  Current step =0
  Current step =0
  Current step =0
  Current step =0
  Current step =0
  Current step =0
  Current step =0
  Current step =0
  Current step =0
  Current step =0
  Current step =0
  Current step =0
  Current step =0
  Current step =0

Krylov solver
Norm of residual 3.261e-17 at 21 iterations
Wall charge lower -1.327279719905481e-02 upper  1.327279719905879e-02
Fluid charge      -9.755651148024569e-16 total  2.998686368660408e-15
  Current step =0
  Current step =0
  Current step =0
  Current step =0
  Current step =0
  Current step =0
  Current step =0
  Current step =0
  Current step =0
  Current step =0
  Current step =0
  Current step =0
  Current step =0
  Current step =0
  Current step =0
  Current step =0
  Current step =0
  Current step =0
  Current step =0
  Current step =0
  Current step =0
  Current step =0
  Current step =0
  Current step =0
  Current step =0
  Current step =0
  Current step =0
  Current step =0
  Current step =0
  Current step =0
  Current step =0
  Current step =0
  Current step =0
  Current step =0
  Current step =0
  Current step =0
  Current step =0
  Current step =0
  Current step =0
  Current step =0
  Current step =0
  Current step =0
  Current step =0
  Current step =0
  Current step =0
  Current step =0
  Current step =0
  Current step =0
  Current step =0
  Current step =0

Krylov solver
Norm of residual 3.261e-17 at 21 iterations
Wall charge lower -1.327298076585371e-02 upper  1.327298076585737e-02
Fluid charge      -8.203073637025327e-16 total  2.841693894084507e-15
  Current step =0
  Current step =0
  Current step =0
  Current step =0
  Current step =0
  Current step =0
  Current step =0
  Current step =0
  Current step =0
  Current step =0
  Current step =0
  Current step =0
  Current step =0
  Current step =0
  Current step =0
  Current step =0
  Current step =0
  Current step =0
  Current step =0
  Current step =0
  Current step =0
  Current step =0
  Current step =0
  Current step =0
  Current step =0
  Current step =0
  Current step =0
  Current step =0
  Current step =0
  Current step =0
  Current step =0
  Current step =0
  Current step =0
  Current step =0
  Current step =0
  Current step =0
  Current step =0
  Current step =0
  Current step =0
  Current step =0
  Current step =0
  Current step =0
  Current step =0
  Current step =0
  Current step =0
  Current step =0
  Current step =0
  Current step =0
  Current step =0
  Current step =0

Krylov solver
Norm of residual 3.261e-17 at 21 iterations
Wall charge lower -1.327316212549409e-02 upper  1.327316212549792e-02
Fluid charge      -8.550018332220688e-16 total  2.970063431306791e-15
  Current step =0
  Current step =0
  Current step =0
  Current step =0
  Current step =0
  Current step =0
  Current step =0
  Current step =0
  Current step =0
  Current step =0
  Current step =0
  Current step =0
  Current step =0
  Current step =0
  Current step =0
  Current step =0
  Current step =0
  Current step =0
  Current step =0
  Current step =0
  Current step =0
  Current step =0
  Current step =0
  Current step =0
  Current step =0
  Current step =0
  Current step =0
  Current step =0
  Current step =0
  Current step =0
  Current step =0
  Current step =0
  Current step =0
  Current step =0
  Current step =0
  Current step =0
  Current step =0
  Current step =0
  Current step =0
  Current step =0
  Current step =0
  Current step =0
  Current step =0
  Current step =0
  Current step =0
  Current step =0
  Current step =0
  Current step =0
  Current step =0
  Current step =0

Krylov solver
Norm of residual 3.261e-17 at 21 iterations
Wall charge lower -1.327334130451512e-02 upper  1.327334130451890e-02
Fluid charge      -1.012211148232467e-15 total  2.771220752872949e-15
  Current step =0
  Current step =0
  Current step =0
  Current step =0
  Current step =0
  Current step =0
  Current step =0
  Current step =0
  Current step =0
  Current step =0
  Current step =0
  Current step =0
  Current step =0
  Current step =0
  Current step =0
  Current step =0
  Current step =0
  Current step =0
  Current step =0
  Current step =0
  Current step =0
  Current step =0
  Current step =0
  Current step =0
  Current step =0
  Current step =0
  Current step =0
  Current step =0
  Current step =0
  Current step =0
  Current step =0
  Current step =0
  Current step =0
  Current step =0
  Current step =0
  Current step =0
  Current step =0
  Current step =0
  Current step =0
  Current step =0
  Current step =0
  Current step =0
  Current step =0
  Current step =0
  Current step =0
  Current step =0
  Current step =0
  Current step =0
  Current step =0
  Current step =0

Krylov solver
Norm of residual 3.261e-17 at 21 iterations
Wall charge lower -1.327351832913602e-02 upper  1.327351832913975e-02
Fluid charge      -1.034762553420165e-15 total  2.700097090357900e-15
  Current step =0
  Current step =0
  Current step =0
  Current step =0
  Current step =0
  Current step =0
  Current step =0
  Current step =0
  Current step =0
  Current step =0
  Current step =0
  Current step =0
  Current step =0
  Current step =0
  Current step =0
  Current step =0
  Current step =0
  Current step =0
  Current step =0
  Current step =0
  Current step =0
  Current step =0
  Current step =0
  Current step =0
  Current step =0
  Current step =0
  Current step =0
  Current step =0
  Current step =0
  Current step =0
  Current step =0
  Current step =0
  Current step =0
  Current step =0
  Current step =0
  Current step =0
  Current step =0
  Current step =0
  Current step =0
  Current step =0
  Current step =0
  Current step =0
  Current step =0
  Current step =0
  Current step =0
  Current step =0
  Current step =0
  Current step =0
  Current step =0
  Current step =0

Krylov solver
Norm of residual 3.261e-17 at 21 iterations
Wall charge lower -1.327369322526100e-02 upper  1.327369322526483e-02
Fluid charge      -8.396061623727746e-16 total  2.985459102156085e-15
  Current step =0
  Current step =0
  Current step =0
  Current step =0
  Current step =0
  Current step =0
  Current step =0
  Current step =0
  Current step =0
  Current step =0
  Current step =0
  Current step =0
  Current step =0
  Current step =0
  Current step =0
  Current step =0
  Current step =0
  Current step =0
  Current step =0
  Current step =0
  Current step =0
  Current step =0
  Current step =0
  Current step =0
  Current step =0
  Current step =0
  Current step =0
  Current step =0
  Current step =0
  Current step =0
  Current step =0
  Current step =0
  Current step =0
  Current step =0
  Current step =0
  Current step =0
  Current step =0
  Current step =0
  Current step =0
  Current step =0
  Current step =0
  Current step =0
  Current step =0
  Current step =0
  Current step =0
  Current step =0
  Current step =0
  Current step =0
  Current step =0
  Current step =0

Krylov solver
Norm of residual 3.261e-17 at 21 iterations
Wall charge lower -1.327386601848322e-02 upper  1.327386601848715e-02
Fluid charge      -9.478095391868280e-16 total  2.977869686948686e-15
  Current step =0
  Current step =0
  Current step =0
  Current step =0
  Current step =0
  Current step =0
  Current step =0
  Current step =0
  Current step =0
  Current step =0
  Current step =0
  Current step =0
  Current step =0
  Current step =0
  Current step =0
  Current step =0
  Current step =0
  Current step =0
  Current step =0
  Current step =0
  Current step =0
  Current step =0
  Current step =0
  Current step =0
  Current step =0
  Current step =0
  Current step =0
  Current step =0
  Current step =0
  Current step =0
  Current step =0
  Current step =0
  Current step =0
  Current step =0
  Current step =0
  Current step =0
  Current step =0
  Current step =0
  Current step =0
  Current step =0
  Current step =0
  Current step =0
  Current step =0
  Current step =0
  Current step =0
  Current step =0
  Current step =0
  Current step =0
  Current step =0
  Current step =0

Krylov solver
Norm of residual 3.261e-17 at 21 iterations
Wall charge lower -1.327403673408767e-02 upper  1.327403673409161e-02
Fluid charge      -1.005055413894063e-15 total  2.931032153097313e-15
  Current step =0
  Current step =0
  Current step =0
  Current step =0
  Current step =0
  Current step =0
  Current step =0
  Current step =0
  Current step =0
  Current step =0
  Current step =0
  Current step =0
  Current step =0
  Current step =0
  Current step =0
  Current step =0
  Current step =0
  Current step =0
  Current step =0
  Current step =0
  Current step =0
  Current step =0
  Current step =0
  Current step =0
  Current step =0
  Current step =0
  Current step =0
  Current step =0
  Current step =0
  Current step =0
  Current step =0
  Current step =0
  Current step =0
  Current step =0
  Current step =0
  Current step =0
  Current step =0
  Current step =0
  Current step =0
  Current step =0
  Current step =0
  Current step =0
  Current step =0
  Current step =0
  Current step =0
  Current step =0
  Current step =0
  Current step =0
  Current step =0
  Current step =0

Krylov solver
Norm of residual 3.261e-17 at 21 iterations
Wall charge lower -1.327420539705537e-02 upper  1.327420539705926e-02
Fluid charge      -1.110006184190659e-15 total  2.780978572425319e-15
  Current step =0
  Current step =0
  Current step =0
  Current step =0
  Current step =0
  Current step =0
  Current step =0
  Current step =0
  Current step =0
  Current step =0
  Current step =0
  Current step =0
  Current step =0
  Current step =0
  Current step =0
  Current step =0
  Current step =0
  Current step =0
  Current step =0
  Current step =0
  Current step =0
  Current step =0
  Current step =0
  Current step =0
  Current step =0
  Current step =0
  Current step =0
  Current step =0
  Current step =0
  Current step =0
  Current step =0
  Current step =0
  Current step =0
  Current step =0
  Current step =0
  Current step =0
  Current step =0
  Current step =0
  Current step =0
  Current step =0
  Current step =0
  Current step =0
  Current step =0
  Current step =0
  Current step =0
  Current step =0
  Current step =0
  Current step =0
  Current step =0
  Current step =0

Krylov solver
Norm of residual 3.261e-17 at 21 iterations
Wall charge lower -1.327437203206681e-02 upper  1.327437203207093e-02
Fluid charge      -9.790345617544105e-16 total  3.144403140642460e-15
  Current step =0
  Current step =0
  Current step =0
  Current step =0
  Current step =0
  Current step =0
  Current step =0
  Current step =0
  Current step =0
  Current step =0
  Current step =0
  Current step =0
  Current step =0
  Current step =0
  Current step =0
  Current step =0
  Current step =0
  Current step =0
  Current step =0
  Current step =0
  Current step =0
  Current step =0
  Current step =0
  Current step =0
  Current step =0
  Current step =0
  Current step =0
  Current step =0
  Current step =0
  Current step =0
  Current step =0
  Current step =0
  Current step =0
  Current step =0
  Current step =0
  Current step =0
  Current step =0
  Current step =0
  Current step =0
  Current step =0
  Current step =0
  Current step =0
  Current step =0
  Current step =0
  Current step =0
  Current step =0
  Current step =0
  Current step =0
  Current step =0
  Current step =0

Krylov solver
Norm of residual 3.261e-17 at 21 iterations
Wall charge lower -1.327453666350637e-02 upper  1.327453666351021e-02
Fluid charge      -1.038232000372119e-15 total  2.797241605012601e-15
  Current step =0
  Current step =0
  Current step =0
  Current step =0
  Current step =0
  Current step =0
  Current step =0
  Current step =0
  Current step =0
  Current step =0
  Current step =0
  Current step =0
  Current step =0
  Current step =0
  Current step =0
  Current step =0
  Current step =0
  Current step =0
  Current step =0
  Current step =0
  Current step =0
  Current step =0
  Current step =0
  Current step =0
  Current step =0
  Current step =0
  Current step =0
  Current step =0
  Current step =0
  Current step =0
  Current step =0
  Current step =0
  Current step =0
  Current step =0
  Current step =0
  Current step =0
  Current step =0
  Current step =0
  Current step =0
  Current step =0
  Current step =0
  Current step =0
  Current step =0
  Current step =0
  Current step =0
  Current step =0
  Current step =0
  Current step =0
  Current step =0
  Current step =0

Krylov solver
Norm of residual 3.261e-17 at 21 iterations
Wall charge lower -1.327469931546431e-02 upper  1.327469931546823e-02
Fluid charge      -1.029558382992235e-15 total  2.892651396191326e-15
  Current step =0
  Current step =0
  Current step =0
  Current step =0
  Current step =0
  Current step =0
  Current step =0
  Current step =0
  Current step =0
  Current step =0
  Current step =0
  Current step =0
  Current step =0
  Current step =0
  Current step =0
  Current step =0
  Current step =0
  Current step =0
  Current step =0
  Current step =0
  Current step =0
  Current step =0
  Current step =0
  Current step =0
  Current step =0
  Current step =0
  Current step =0
  Current step =0
  Current step =0
  Current step =0
  Current step =0
  Current step =0
  Current step =0
  Current step =0
  Current step =0
  Current step =0
  Current step =0
  Current step =0
  Current step =0
  Current step =0
  Current step =0
  Current step =0
  Current step =0
  Current step =0
  Current step =0
  Current step =0
  Current step =0
  Current step =0
  Current step =0
  Current step =0

Krylov solver
Norm of residual 3.261e-17 at 21 iterations
Wall charge lower -1.327486001174197e-02 upper  1.327486001174566e-02
Fluid charge      -8.643259719054441e-16 total  2.821961414545271e-15
  Current step =0
  Current step =0
  Current step =0
  Current step =0
  Current step =0
  Current step =0
  Current step =0
  Current step =0
  Current step =0
  Current step =0
  Current step =0
  Current step =0
  Current step =0
  Current step =0
  Current step =0
  Current step =0
  Current step =0
  Current step =0
  Current step =0
  Current step =0
  Current step =0
  Current step =0
  Current step =0
  Current step =0
  Current step =0
  Current step =0
  Current step =0
  Current step =0
  Current step =0
  Current step =0
  Current step =0
  Current step =0
  Current step =0
  Current step =0
  Current step =0
  Current step =0
  Current step =0
  Current step =0
  Current step =0
  Current step =0
  Current step =0
  Current step =0
  Current step =0
  Current step =0
  Current step =0
  Current step =0
  Current step =0
  Current step =0
  Current step =0
  Current step =0

Krylov solver
Norm of residual 3.261e-17 at 21 iterations
Wall charge lower -1.327501877585395e-02 upper  1.327501877585778e-02
Fluid charge      -1.020017403874363e-15 total  2.810252031082427e-15
  Current step =0
  Current step =0
  Current step =0
  Current step =0
  Current step =0
  Current step =0
  Current step =0
  Current step =0
  Current step =0
  Current step =0
  Current step =0
  Current step =0
  Current step =0
  Current step =0
  Current step =0
  Current step =0
  Current step =0
  Current step =0
  Current step =0
  Current step =0
  Current step =0
  Current step =0
  Current step =0
  Current step =0
  Current step =0
  Current step =0
  Current step =0
  Current step =0
  Current step =0
  Current step =0
  Current step =0
  Current step =0
  Current step =0
  Current step =0
  Current step =0
  Current step =0
  Current step =0
  Current step =0
  Current step =0
  Current step =0
  Current step =0
  Current step =0
  Current step =0
  Current step =0
  Current step =0
  Current step =0
  Current step =0
  Current step =0
  Current step =0
  Current step =0

Krylov solver
Norm of residual 3.261e-17 at 21 iterations
Wall charge lower -1.327517563103258e-02 upper  1.327517563103630e-02
Fluid charge      -8.452440136696993e-16 total  2.874003118824575e-15
  Current step =0
  Current step =0
  Current step =0
  Current step =0
  Current step =0
  Current step =0
  Current step =0
  Current step =0
  Current step =0
  Current step =0
  Current step =0
  Current step =0
  Current step =0
  Current step =0
  Current step =0
  Current step =0
  Current step =0
  Current step =0
  Current step =0
  Current step =0
  Current step =0
  Current step =0
  Current step =0
  Current step =0
  Current step =0
  Current step =0
  Current step =0
  Current step =0
  Current step =0
  Current step =0
  Current step =0
  Current step =0
  Current step =0
  Current step =0
  Current step =0
  Current step =0
  Current step =0
  Current step =0
  Current step =0
  Current step =0
  Current step =0
  Current step =0
  Current step =0
  Current step =0
  Current step =0
  Current step =0
  Current step =0
  Current step =0
  Current step =0
  Current step =0

Krylov solver
Norm of residual 3.261e-17 at 21 iterations
Wall charge lower -1.327533060023063e-02 upper  1.327533060023439e-02
Fluid charge      -9.384854005034526e-16 total  2.817190924986335e-15
  Current step =0

Scalars - total mean variance min max
[rho]        1216.00  1.00000000000  0.0000000e+00  1.00000000000  1.00000000000
[psi]  9.7144515e-16 -5.0000000e-02  5.0000000e-02
[rho]  1.7333335e+00  1.3265841e-03  1.4538350e-03
[rho]  1.7333335e+00  1.3265841e-03  1.4538350e-03
[elc] -8.9251523e-16 -1.2725089e-04  1.2725089e-04
[psi]  9.7144515e-16 -5.0000000e-02  5.0000000e-02
[rho]  1.7333335e+00  1.3265841e-03  1.4538350e-03
[rho]  1.7333335e+00  1.3265841e-03  1.4538350e-03
[elc] -8.9251523e-16 -1.2725089e-04  1.2725089e-04

Free energy density - timestep total fluid
[fed]          28000 -2.1053477546e-02 -2.1053477559e-02

Momentum - x y z
[total   ]  0.0000000e+00  0.0000000e+00  0.0000000e+00
[fluid   ]  0.0000000e+00  0.0000000e+00  0.0000000e+00
[walls   ]  0.0000000e+00  0.0000000e+00  0.0000000e+00

Completed cycle 28000
  Current step =0
  Current step =0
  Current step =0
  Current step =0
  Current step =0
  Current step =0
  Current step =0
  Current step =0
  Current step =0
  Current step =0
  Current step =0
  Current step =0
  Current step =0
  Current step =0
  Current step =0
  Current step =0
  Current step =0
  Current step =0
  Current step =0
  Current step =0
  Current step =0
  Current step =0
  Current step =0
  Current step =0
  Current step =0
  Current step =0
  Current step =0
  Current step =0
  Current step =0
  Current step =0
  Current step =0
  Current step =0
  Current step =0
  Current step =0
  Current step =0
  Current step =0
  Current step =0
  Current step =0
  Current step =0
  Current step =0
  Current step =0
  Current step =0
  Current step =0
  Current step =0
  Current step =0
  Current step =0
  Current step =0
  Current step =0
  Current step =0

Krylov solver
Norm of residual 3.261e-17 at 21 iterations
Wall charge lower -1.327548370612477e-02 upper  1.327548370612863e-02
Fluid charge      -8.803721640582296e-16 total  2.982857016942120e-15
  Current step =0
  Current step =0
  Current step =0
  Current step =0
  Current step =0
  Current step =0
  Current step =0
  Current step =0
  Current step =0
  Current step =0
  Current step =0
  Current step =0
  Current step =0
  Current step =0
  Current step =0
  Current step =0
  Current step =0
  Current step =0
  Current step =0
  Current step =0
  Current step =0
  Current step =0
  Current step =0
  Current step =0
  Current step =0
  Current step =0
  Current step =0
  Current step =0
  Current step =0
  Current step =0
  Current step =0
  Current step =0
  Current step =0
  Current step =0
  Current step =0
  Current step =0
  Current step =0
  Current step =0
  Current step =0
  Current step =0
  Current step =0
  Current step =0
  Current step =0
  Current step =0
  Current step =0
  Current step =0
  Current step =0
  Current step =0
  Current step =0
  Current step =0

Krylov solver
Norm of residual 3.261e-17 at 21 iterations
Wall charge lower -1.327563497111920e-02 upper  1.327563497112306e-02
Fluid charge      -7.929854689558979e-16 total  3.065039541616521e-15
  Current step =0
  Current step =0
  Current step =0
  Current step =0
  Current step =0
  Current step =0
  Current step =0
  Current step =0
  Current step =0
  Current step =0
  Current step =0
  Current step =0
  Current step =0
  Current step =0
  Current step =0
  Current step =0
  Current step =0
  Current step =0
  Current step =0
  Current step =0
  Current step =0
  Current step =0
  Current step =0
  Current step =0
  Current step =0
  Current step =0
  Current step =0
  Current step =0
  Current step =0
  Current step =0
  Current step =0
  Current step =0
  Current step =0
  Current step =0
  Current step =0
  Current step =0
  Current step =0
  Current step =0
  Current step =0
  Current step =0
  Current step =0
  Current step =0
  Current step =0
  Current step =0
  Current step =0
  Current step =0
  Current step =0
  Current step =0
  Current step =0
  Current step =0

Krylov solver
Norm of residual 3.261e-17 at 21 iterations
Wall charge lower -1.327578441734875e-02 upper  1.327578441735244e-02
Fluid charge      -7.606762442158299e-16 total  2.930815312662816e-15
  Current step =0
  Current step =0
  Current step =0
  Current step =0
  Current step =0
  Current step =0
  Current step =0
  Current step =0
  Current step =0
  Current step =0
  Current step =0
  Current step =0
  Current step =0
  Current step =0
  Current step =0
  Current step =0
  Current step =0
  Current step =0
  Current step =0
  Current step =0
  Current step =0
  Current step =0
  Current step =0
  Current step =0
  Current step =0
  Current step =0
  Current step =0
  Current step =0
  Current step =0
  Current step =0
  Current step =0
  Current step =0
  Current step =0
  Current step =0
  Current step =0
  Current step =0
  Current step =0
  Current step =0
  Current step =0
  Current step =0
  Current step =0
  Current step =0
  Current step =0
  Current step =0
  Current step =0
  Current step =0
  Current step =0
  Current step =0
  Current step =0
  Current step =0

Krylov solver
Norm of residual 3.261e-17 at 21 iterations
Wall charge lower -1.327593206668173e-02 upper  1.327593206668548e-02
Fluid charge      -7.467984564080155e-16 total  3.005408422129818e-15
  Current step =0
  Current step =0
  Current step =0
  Current step =0
  Current step =0
  Current step =0
  Current step =0
  Current step =0
  Current step =0
  Current step =0
  Current step =0
  Current step =0
  Current step =0
  Current step =0
  Current step =0
  Current step =0
  Current step =0
  Current step =0
  Current step =0
  Current step =0
  Current step =0
  Current step =0
  Current step =0
  Current step =0
  Current step =0
  Current step =0
  Current step =0
  Current step =0
  Current step =0
  Current step =0
  Current step =0
  Current step =0
  Current step =0
  Current step =0
  Current step =0
  Current step =0
  Current step =0
  Current step =0
  Current step =0
  Current step =0
  Current step =0
  Current step =0
  Current step =0
  Current step =0
  Current step =0
  Current step =0
  Current step =0
  Current step =0
  Current step =0
  Current step =0

Krylov solver
Norm of residual 3.261e-17 at 21 iterations
Wall charge lower -1.327607794072394e-02 upper  1.327607794072774e-02
Fluid charge      -7.823602876655400e-16 total  3.025357742103552e-15
  Current step =0
  Current step =0
  Current step =0
  Current step =0
  Current step =0
  Current step =0
  Current step =0
  Current step =0
  Current step =0
  Current step =0
  Current step =0
  Current step =0
  Current step =0
  Current step =0
  Current step =0
  Current step =0
  Current step =0
  Current step =0
  Current step =0
  Current step =0
  Current step =0
  Current step =0
  Current step =0
  Current step =0
  Current step =0
  Current step =0
  Current step =0
  Current step =0
  Current step =0
  Current step =0
  Current step =0
  Current step =0
  Current step =0
  Current step =0
  Current step =0
  Current step =0
  Current step =0
  Current step =0
  Current step =0
  Current step =0
  Current step =0
  Current step =0
  Current step =0
  Current step =0
  Current step =0
  Current step =0
  Current step =0
  Current step =0
  Current step =0
  Current step =0

Krylov solver
Norm of residual 3.261e-17 at 21 iterations
Wall charge lower -1.327622206082127e-02 upper  1.327622206082485e-02
Fluid charge      -6.969251564736823e-16 total  2.883544097942448e-15
  Current step =0
  Current step =0
  Current step =0
  Current step =0
  Current step =0
  Current step =0
  Current step =0
  Current step =0
  Current step =0
  Current step =0
  Current step =0
  Current step =0
  Current step =0
  Current step =0
  Current step =0
  Current step =0
  Current step =0
  Current step =0
  Current step =0
  Current step =0
  Current step =0
  Current step =0
  Current step =0
  Current step =0
  Current step =0
  Current step =0
  Current step =0
  Current step =0
  Current step =0
  Current step =0
  Current step =0
  Current step =0
  Current step =0
  Current step =0
  Current step =0
  Current step =0
  Current step =0
  Current step =0
  Current step =0
  Current step =0
  Current step =0
  Current step =0
  Current step =0
  Current step =0
  Current step =0
  Current step =0
  Current step =0
  Current step =0
  Current step =0
  Current step =0

Krylov solver
Norm of residual 3.261e-17 at 21 iterations
Wall charge lower -1.327636444806291e-02 upper  1.327636444806650e-02
Fluid charge      -7.285838599102590e-16 total  2.869232629265639e-15
  Current step =0
  Current step =0
  Current step =0
  Current step =0
  Current step =0
  Current step =0
  Current step =0
  Current step =0
  Current step =0
  Current step =0
  Current step =0
  Current step =0
  Current step =0
  Current step =0
  Current step =0
  Current step =0
  Current step =0
  Current step =0
  Current step =0
  Current step =0
  Current step =0
  Current step =0
  Current step =0
  Current step =0
  Current step =0
  Current step =0
  Current step =0
  Current step =0
  Current step =0
  Current step =0
  Current step =0
  Current step =0
  Current step =0
  Current step =0
  Current step =0
  Current step =0
  Current step =0
  Current step =0
  Current step =0
  Current step =0
  Current step =0
  Current step =0
  Current step =0
  Current step =0
  Current step =0
  Current step =0
  Current step =0
  Current step =0
  Current step =0
  Current step =0

Krylov solver
Norm of residual 3.261e-17 at 21 iterations
Wall charge lower -1.327650512328423e-02 upper  1.327650512328778e-02
Fluid charge      -6.886852199627924e-16 total  2.864028458837709e-15
  Current step =0
  Current step =0
  Current step =0
  Current step =0
  Current step =0
  Current step =0
  Current step =0
  Current step =0
  Current step =0
  Current step =0
  Current step =0
  Current step =0
  Current step =0
  Current step =0
  Current step =0
  Current step =0
  Current step =0
  Current step =0
  Current step =0
  Current step =0
  Current step =0
  Current step =0
  Current step =0
  Current step =0
  Current step =0
  Current step =0
  Current step =0
  Current step =0
  Current step =0
  Current step =0
  Current step =0
  Current step =0
  Current step =0
  Current step =0
  Current step =0
  Current step =0
  Current step =0
  Current step =0
  Current step =0
  Current step =0
  Current step =0
  Current step =0
  Current step =0
  Current step =0
  Current step =0
  Current step =0
  Current step =0
  Current step =0
  Current step =0
  Current step =0

Krylov solver
Norm of residual 3.261e-17 at 21 iterations
Wall charge lower -1.327664410707044e-02 upper  1.327664410707413e-02
Fluid charge      -8.159705550125906e-16 total  2.873786278390078e-15
  Current step =0
  Current step =0
  Current step =0
  Current step =0
  Current step =0
  Current step =0
  Current step =0
  Current step =0
  Current step =0
  Current step =0
  Current step =0
  Current step =0
  Current step =0
  Current step =0
  Current step =0
  Current step =0
  Current step =0
  Current step =0
  Current step =0
  Current step =0
  Current step =0
  Current step =0
  Current step =0
  Current step =0
  Current step =0
  Current step =0
  Current step =0
  Current step =0
  Current step =0
  Current step =0
  Current step =0
  Current step =0
  Current step =0
  Current step =0
  Current step =0
  Current step =0
  Current step =0
  Current step =0
  Current step =0
  Current step =0
  Current step =0
  Current step =0
  Current step =0
  Current step =0
  Current step =0
  Current step =0
  Current step =0
  Current step =0
  Current step =0
  Current step =0

Krylov solver
Norm of residual 3.261e-17 at 21 iterations
Wall charge lower -1.327678141975907e-02 upper  1.327678141976283e-02
Fluid charge      -7.389922007661198e-16 total  3.018418848199644e-15
  Current step =0
  Current step =0
  Current step =0
  Current step =0
  Current step =0
  Current step =0
  Current step =0
  Current step =0
  Current step =0
  Current step =0
  Current step =0
  Current step =0
  Current step =0
  Current step =0
  Current step =0
  Current step =0
  Current step =0
  Current step =0
  Current step =0
  Current step =0
  Current step =0
  Current step =0
  Current step =0
  Current step =0
  Current step =0
  Current step =0
  Current step =0
  Current step =0
  Current step =0
  Current step =0
  Current step =0
  Current step =0
  Current step =0
  Current step =0
  Current step =0
  Current step =0
  Current step =0
  Current step =0
  Current step =0
  Current step =0
  Current step =0
  Current step =0
  Current step =0
  Current step =0
  Current step =0
  Current step =0
  Current step =0
  Current step =0
  Current step =0
  Current step =0

Krylov solver
Norm of residual 3.261e-17 at 21 iterations
Wall charge lower -1.327691708144321e-02 upper  1.327691708144700e-02
Fluid charge      -8.860100153551542e-16 total  2.907830226606123e-15
  Current step =0
  Current step =0
  Current step =0
  Current step =0
  Current step =0
  Current step =0
  Current step =0
  Current step =0
  Current step =0
  Current step =0
  Current step =0
  Current step =0
  Current step =0
  Current step =0
  Current step =0
  Current step =0
  Current step =0
  Current step =0
  Current step =0
  Current step =0
  Current step =0
  Current step =0
  Current step =0
  Current step =0
  Current step =0
  Current step =0
  Current step =0
  Current step =0
  Current step =0
  Current step =0
  Current step =0
  Current step =0
  Current step =0
  Current step =0
  Current step =0
  Current step =0
  Current step =0
  Current step =0
  Current step =0
  Current step =0
  Current step =0
  Current step =0
  Current step =0
  Current step =0
  Current step =0
  Current step =0
  Current step =0
  Current step =0
  Current step =0
  Current step =0

Krylov solver
Norm of residual 3.261e-17 at 21 iterations
Wall charge lower -1.327705111197440e-02 upper  1.327705111197800e-02
Fluid charge      -8.077306185017008e-16 total  2.788351147198220e-15
  Current step =0
  Current step =0
  Current step =0
  Current step =0
  Current step =0
  Current step =0
  Current step =0
  Current step =0
  Current step =0
  Current step =0
  Current step =0
  Current step =0
  Current step =0
  Current step =0
  Current step =0
  Current step =0
  Current step =0
  Current step =0
  Current step =0
  Current step =0
  Current step =0
  Current step =0
  Current step =0
  Current step =0
  Current step =0
  Current step =0
  Current step =0
  Current step =0
  Current step =0
  Current step =0
  Current step =0
  Current step =0
  Current step =0
  Current step =0
  Current step =0
  Current step =0
  Current step =0
  Current step =0
  Current step =0
  Current step =0
  Current step =0
  Current step =0
  Current step =0
  Current step =0
  Current step =0
  Current step =0
  Current step =0
  Current step =0
  Current step =0
  Current step =0

Krylov solver
Norm of residual 3.261e-17 at 21 iterations
Wall charge lower -1.327718353096488e-02 upper  1.327718353096861e-02
Fluid charge      -8.881784197001252e-16 total  2.844946500601964e-15
  Current step =0
  Current step =0
  Current step =0
  Current step =0
  Current step =0
  Current step =0
  Current step =0
  Current step =0
  Current step =0
  Current step =0
  Current step =0
  Current step =0
  Current step =0
  Current step =0
  Current step =0
  Current step =0
  Current step =0
  Current step =0
  Current step =0
  Current step =0
  Current step =0
  Current step =0
  Current step =0
  Current step =0
  Current step =0
  Current step =0
  Current step =0
  Current step =0
  Current step =0
  Current step =0
  Current step =0
  Current step =0
  Current step =0
  Current step =0
  Current step =0
  Current step =0
  Current step =0
  Current step =0
  Current step =0
  Current step =0
  Current step =0
  Current step =0
  Current step =0
  Current step =0
  Current step =0
  Current step =0
  Current step =0
  Current step =0
  Current step =0
  Current step =0

Krylov solver
Norm of residual 3.261e-17 at 21 iterations
Wall charge lower -1.327731435779197e-02 upper  1.327731435779581e-02
Fluid charge      -8.716985466783456e-16 total  2.967244505658329e-15
  Current step =0
  Current step =0
  Current step =0
  Current step =0
  Current step =0
  Current step =0
  Current step =0
  Current step =0
  Current step =0
  Current step =0
  Current step =0
  Current step =0
  Current step =0
  Current step =0
  Current step =0
  Current step =0
  Current step =0
  Current step =0
  Current step =0
  Current step =0
  Current step =0
  Current step =0
  Current step =0
  Current step =0
  Current step =0
  Current step =0
  Current step =0
  Current step =0
  Current step =0
  Current step =0
  Current step =0
  Current step =0
  Current step =0
  Current step =0
  Current step =0
  Current step =0
  Current step =0
  Current step =0
  Current step =0
  Current step =0
  Current step =0
  Current step =0
  Current step =0
  Current step =0
  Current step =0
  Current step =0
  Current step =0
  Current step =0
  Current step =0
  Current step =0

Krylov solver
Norm of residual 3.261e-17 at 21 iterations
Wall charge lower -1.327744361159955e-02 upper  1.327744361160328e-02
Fluid charge      -7.955875541698632e-16 total  2.927129025276365e-15
  Current step =0
  Current step =0
  Current step =0
  Current step =0
  Current step =0
  Current step =0
  Current step =0
  Current step =0
  Current step =0
  Current step =0
  Current step =0
  Current step =0
  Current step =0
  Current step =0
  Current step =0
  Current step =0
  Current step =0
  Current step =0
  Current step =0
  Current step =0
  Current step =0
  Current step =0
  Current step =0
  Current step =0
  Current step =0
  Current step =0
  Current step =0
  Current step =0
  Current step =0
  Current step =0
  Current step =0
  Current step =0
  Current step =0
  Current step =0
  Current step =0
  Current step =0
  Current step =0
  Current step =0
  Current step =0
  Current step =0
  Current step =0
  Current step =0
  Current step =0
  Current step =0
  Current step =0
  Current step =0
  Current step =0
  Current step =0
  Current step =0
  Current step =0

Krylov solver
Norm of residual 3.261e-17 at 21 iterations
Wall charge lower -1.327757131130110e-02 upper  1.327757131130484e-02
Fluid charge      -9.688430613330468e-16 total  2.776424923300880e-15
  Current step =0
  Current step =0
  Current step =0
  Current step =0
  Current step =0
  Current step =0
  Current step =0
  Current step =0
  Current step =0
  Current step =0
  Current step =0
  Current step =0
  Current step =0
  Current step =0
  Current step =0
  Current step =0
  Current step =0
  Current step =0
  Current step =0
  Current step =0
  Current step =0
  Current step =0
  Current step =0
  Current step =0
  Current step =0
  Current step =0
  Current step =0
  Current step =0
  Current step =0
  Current step =0
  Current step =0
  Current step =0
  Current step =0
  Current step =0
  Current step =0
  Current step =0
  Current step =0
  Current step =0
  Current step =0
  Current step =0
  Current step =0
  Current step =0
  Current step =0
  Current step =0
  Current step =0
  Current step =0
  Current step =0
  Current step =0
  Current step =0
  Current step =0

Krylov solver
Norm of residual 3.261e-17 at 21 iterations
Wall charge lower -1.327769747558323e-02 upper  1.327769747558697e-02
Fluid charge      -6.973588373426765e-16 total  3.042704976863320e-15
  Current step =0
  Current step =0
  Current step =0
  Current step =0
  Current step =0
  Current step =0
  Current step =0
  Current step =0
  Current step =0
  Current step =0
  Current step =0
  Current step =0
  Current step =0
  Current step =0
  Current step =0
  Current step =0
  Current step =0
  Current step =0
  Current step =0
  Current step =0
  Current step =0
  Current step =0
  Current step =0
  Current step =0
  Current step =0
  Current step =0
  Current step =0
  Current step =0
  Current step =0
  Current step =0
  Current step =0
  Current step =0
  Current step =0
  Current step =0
  Current step =0
  Current step =0
  Current step =0
  Current step =0
  Current step =0
  Current step =0
  Current step =0
  Current step =0
  Current step =0
  Current step =0
  Current step =0
  Current step =0
  Current step =0
  Current step =0
  Current step =0
  Current step =0

Krylov solver
Norm of residual 3.261e-17 at 21 iterations
Wall charge lower -1.327782212290726e-02 upper  1.327782212291094e-02
Fluid charge      -8.298483428204051e-16 total  2.849500149726403e-15
  Current step =0
  Current step =0
  Current step =0
  Current step =0
  Current step =0
  Current step =0
  Current step =0
  Current step =0
  Current step =0
  Current step =0
  Current step =0
  Current step =0
  Current step =0
  Current step =0
  Current step =0
  Current step =0
  Current step =0
  Current step =0
  Current step =0
  Current step =0
  Current step =0
  Current step =0
  Current step =0
  Current step =0
  Current step =0
  Current step =0
  Current step =0
  Current step =0
  Current step =0
  Current step =0
  Current step =0
  Current step =0
  Current step =0
  Current step =0
  Current step =0
  Current step =0
  Current step =0
  Current step =0
  Current step =0
  Current step =0
  Current step =0
  Current step =0
  Current step =0
  Current step =0
  Current step =0
  Current step =0
  Current step =0
  Current step =0
  Current step =0
  Current step =0

Krylov solver
Norm of residual 3.261e-17 at 21 iterations
Wall charge lower -1.327794527151297e-02 upper  1.327794527151667e-02
Fluid charge      -7.626278081263038e-16 total  2.942741536560156e-15
  Current step =0
  Current step =0
  Current step =0
  Current step =0
  Current step =0
  Current step =0
  Current step =0
  Current step =0
  Current step =0
  Current step =0
  Current step =0
  Current step =0
  Current step =0
  Current step =0
  Current step =0
  Current step =0
  Current step =0
  Current step =0
  Current step =0
  Current step =0
  Current step =0
  Current step =0
  Current step =0
  Current step =0
  Current step =0
  Current step =0
  Current step =0
  Current step =0
  Current step =0
  Current step =0
  Current step =0
  Current step =0
  Current step =0
  Current step =0
  Current step =0
  Current step =0
  Current step =0
  Current step =0
  Current step =0
  Current step =0
  Current step =0
  Current step =0
  Current step =0
  Current step =0
  Current step =0
  Current step =0
  Current step =0
  Current step =0
  Current step =0
  Current step =0

Krylov solver
Norm of residual 3.261e-17 at 21 iterations
Wall charge lower -1.327806693942075e-02 upper  1.327806693942446e-02
Fluid charge      -9.410874857174178e-16 total  2.769486029396973e-15
  Current step =0
  Current step =0
  Current step =0
  Current step =0
  Current step =0
  Current step =0
  Current step =0
  Current step =0
  Current step =0
  Current step =0
  Current step =0
  Current step =0
  Current step =0
  Current step =0
  Current step =0
  Current step =0
  Current step =0
  Current step =0
  Current step =0
  Current step =0
  Current step =0
  Current step =0
  Current step =0
  Current step =0
  Current step =0
  Current step =0
  Current step =0
  Current step =0
  Current step =0
  Current step =0
  Current step =0
  Current step =0
  Current step =0
  Current step =0
  Current step =0
  Current step =0
  Current step =0
  Current step =0
  Current step =0
  Current step =0
  Current step =0
  Current step =0
  Current step =0
  Current step =0
  Current step =0
  Current step =0
  Current step =0
  Current step =0
  Current step =0
  Current step =0

Krylov solver
Norm of residual 3.261e-17 at 21 iterations
Wall charge lower -1.327818714443387e-02 upper  1.327818714443787e-02
Fluid charge      -9.363169961584816e-16 total  3.062220615968059e-15
  Current step =0
  Current step =0
  Current step =0
  Current step =0
  Current step =0
  Current step =0
  Current step =0
  Current step =0
  Current step =0
  Current step =0
  Current step =0
  Current step =0
  Current step =0
  Current step =0
  Current step =0
  Current step =0
  Current step =0
  Current step =0
  Current step =0
  Current step =0
  Current step =0
  Current step =0
  Current step =0
  Current step =0
  Current step =0
  Current step =0
  Current step =0
  Current step =0
  Current step =0
  Current step =0
  Current step =0
  Current step =0
  Current step =0
  Current step =0
  Current step =0
  Current step =0
  Current step =0
  Current step =0
  Current step =0
  Current step =0
  Current step =0
  Current step =0
  Current step =0
  Current step =0
  Current step =0
  Current step =0
  Current step =0
  Current step =0
  Current step =0
  Current step =0

Krylov solver
Norm of residual 3.261e-17 at 21 iterations
Wall charge lower -1.327830590414246e-02 upper  1.327830590414604e-02
Fluid charge      -1.018282680398386e-15 total  2.558717127065790e-15
  Current step =0
  Current step =0
  Current step =0
  Current step =0
  Current step =0
  Current step =0
  Current step =0
  Current step =0
  Current step =0
  Current step =0
  Current step =0
  Current step =0
  Current step =0
  Current step =0
  Current step =0
  Current step =0
  Current step =0
  Current step =0
  Current step =0
  Current step =0
  Current step =0
  Current step =0
  Current step =0
  Current step =0
  Current step =0
  Current step =0
  Current step =0
  Current step =0
  Current step =0
  Current step =0
  Current step =0
  Current step =0
  Current step =0
  Current step =0
  Current step =0
  Current step =0
  Current step =0
  Current step =0
  Current step =0
  Current step =0
  Current step =0
  Current step =0
  Current step =0
  Current step =0
  Current step =0
  Current step =0
  Current step =0
  Current step =0
  Current step =0
  Current step =0

Krylov solver
Norm of residual 3.261e-17 at 21 iterations
Wall charge lower -1.327842323592422e-02 upper  1.327842323592811e-02
Fluid charge      -8.769027171062760e-16 total  3.008877869081772e-15
  Current step =0
  Current step =0
  Current step =0
  Current step =0
  Current step =0
  Current step =0
  Current step =0
  Current step =0
  Current step =0
  Current step =0
  Current step =0
  Current step =0
  Current step =0
  Current step =0
  Current step =0
  Current step =0
  Current step =0
  Current step =0
  Current step =0
  Current step =0
  Current step =0
  Current step =0
  Current step =0
  Current step =0
  Current step =0
  Current step =0
  Current step =0
  Current step =0
  Current step =0
  Current step =0
  Current step =0
  Current step =0
  Current step =0
  Current step =0
  Current step =0
  Current step =0
  Current step =0
  Current step =0
  Current step =0
  Current step =0
  Current step =0
  Current step =0
  Current step =0
  Current step =0
  Current step =0
  Current step =0
  Current step =0
  Current step =0
  Current step =0
  Current step =0

Krylov solver
Norm of residual 3.261e-17 at 21 iterations
Wall charge lower -1.327853915694838e-02 upper  1.327853915695231e-02
Fluid charge      -7.975391180803371e-16 total  3.136813725435061e-15
  Current step =0
  Current step =0
  Current step =0
  Current step =0
  Current step =0
  Current step =0
  Current step =0
  Current step =0
  Current step =0
  Current step =0
  Current step =0
  Current step =0
  Current step =0
  Current step =0
  Current step =0
  Current step =0
  Current step =0
  Current step =0
  Current step =0
  Current step =0
  Current step =0
  Current step =0
  Current step =0
  Current step =0
  Current step =0
  Current step =0
  Current step =0
  Current step =0
  Current step =0
  Current step =0
  Current step =0
  Current step =0
  Current step =0
  Current step =0
  Current step =0
  Current step =0
  Current step =0
  Current step =0
  Current step =0
  Current step =0
  Current step =0
  Current step =0
  Current step =0
  Current step =0
  Current step =0
  Current step =0
  Current step =0
  Current step =0
  Current step =0
  Current step =0

Krylov solver
Norm of residual 3.261e-17 at 21 iterations
Wall charge lower -1.327865368417767e-02 upper  1.327865368418140e-02
Fluid charge      -9.317633470340425e-16 total  2.796157402840116e-15
  Current step =0
  Current step =0
  Current step =0
  Current step =0
  Current step =0
  Current step =0
  Current step =0
  Current step =0
  Current step =0
  Current step =0
  Current step =0
  Current step =0
  Current step =0
  Current step =0
  Current step =0
  Current step =0
  Current step =0
  Current step =0
  Current step =0
  Current step =0
  Current step =0
  Current step =0
  Current step =0
  Current step =0
  Current step =0
  Current step =0
  Current step =0
  Current step =0
  Current step =0
  Current step =0
  Current step =0
  Current step =0
  Current step =0
  Current step =0
  Current step =0
  Current step =0
  Current step =0
  Current step =0
  Current step =0
  Current step =0
  Current step =0
  Current step =0
  Current step =0
  Current step =0
  Current step =0
  Current step =0
  Current step =0
  Current step =0
  Current step =0
  Current step =0

Krylov solver
Norm of residual 3.261e-17 at 21 iterations
Wall charge lower -1.327876683437051e-02 upper  1.327876683437431e-02
Fluid charge      -9.801187639268960e-16 total  2.824129818890242e-15
  Current step =0
  Current step =0
  Current step =0
  Current step =0
  Current step =0
  Current step =0
  Current step =0
  Current step =0
  Current step =0
  Current step =0
  Current step =0
  Current step =0
  Current step =0
  Current step =0
  Current step =0
  Current step =0
  Current step =0
  Current step =0
  Current step =0
  Current step =0
  Current step =0
  Current step =0
  Current step =0
  Current step =0
  Current step =0
  Current step =0
  Current step =0
  Current step =0
  Current step =0
  Current step =0
  Current step =0
  Current step =0
  Current step =0
  Current step =0
  Current step =0
  Current step =0
  Current step =0
  Current step =0
  Current step =0
  Current step =0
  Current step =0
  Current step =0
  Current step =0
  Current step =0
  Current step =0
  Current step =0
  Current step =0
  Current step =0
  Current step =0
  Current step =0

Krylov solver
Norm of residual 3.261e-17 at 21 iterations
Wall charge lower -1.327887862408433e-02 upper  1.327887862408829e-02
Fluid charge      -1.044303532538038e-15 total  2.921274333544943e-15
  Current step =0
  Current step =0
  Current step =0
  Current step =0
  Current step =0
  Current step =0
  Current step =0
  Current step =0
  Current step =0
  Current step =0
  Current step =0
  Current step =0
  Current step =0
  Current step =0
  Current step =0
  Current step =0
  Current step =0
  Current step =0
  Current step =0
  Current step =0
  Current step =0
  Current step =0
  Current step =0
  Current step =0
  Current step =0
  Current step =0
  Current step =0
  Current step =0
  Current step =0
  Current step =0
  Current step =0
  Current step =0
  Current step =0
  Current step =0
  Current step =0
  Current step =0
  Current step =0
  Current step =0
  Current step =0
  Current step =0
  Current step =0
  Current step =0
  Current step =0
  Current step =0
  Current step =0
  Current step =0
  Current step =0
  Current step =0
  Current step =0
  Current step =0

Krylov solver
Norm of residual 3.261e-17 at 21 iterations
Wall charge lower -1.327898906967740e-02 upper  1.327898906968123e-02
Fluid charge      -9.783840404509192e-16 total  2.851885394505871e-15
  Current step =0
  Current step =0
  Current step =0
  Current step =0
  Current step =0
  Current step =0
  Current step =0
  Current step =0
  Current step =0
  Current step =0
  Current step =0
  Current step =0
  Current step =0
  Current step =0
  Current step =0
  Current step =0
  Current step =0
  Current step =0
  Current step =0
  Current step =0
  Current step =0
  Current step =0
  Current step =0
  Current step =0
  Current step =0
  Current step =0
  Current step =0
  Current step =0
  Current step =0
  Current step =0
  Current step =0
  Current step =0
  Current step =0
  Current step =0
  Current step =0
  Current step =0
  Current step =0
  Current step =0
  Current step =0
  Current step =0
  Current step =0
  Current step =0
  Current step =0
  Current step =0
  Current step =0
  Current step =0
  Current step =0
  Current step =0
  Current step =0
  Current step =0

Krylov solver
Norm of residual 3.261e-17 at 21 iterations
Wall charge lower -1.327909818731103e-02 upper  1.327909818731475e-02
Fluid charge      -8.647596527744383e-16 total  2.854487479719836e-15
  Current step =0
  Current step =0
  Current step =0
  Current step =0
  Current step =0
  Current step =0
  Current step =0
  Current step =0
  Current step =0
  Current step =0
  Current step =0
  Current step =0
  Current step =0
  Current step =0
  Current step =0
  Current step =0
  Current step =0
  Current step =0
  Current step =0
  Current step =0
  Current step =0
  Current step =0
  Current step =0
  Current step =0
  Current step =0
  Current step =0
  Current step =0
  Current step =0
  Current step =0
  Current step =0
  Current step =0
  Current step =0
  Current step =0
  Current step =0
  Current step =0
  Current step =0
  Current step =0
  Current step =0
  Current step =0
  Current step =0
  Current step =0
  Current step =0
  Current step =0
  Current step =0
  Current step =0
  Current step =0
  Current step =0
  Current step =0
  Current step =0
  Current step =0

Krylov solver
Norm of residual 3.261e-17 at 21 iterations
Wall charge lower -1.327920599295222e-02 upper  1.327920599295593e-02
Fluid charge      -8.602060036499992e-16 total  2.845163341036461e-15
  Current step =0
  Current step =0
  Current step =0
  Current step =0
  Current step =0
  Current step =0
  Current step =0
  Current step =0
  Current step =0
  Current step =0
  Current step =0
  Current step =0
  Current step =0
  Current step =0
  Current step =0
  Current step =0
  Current step =0
  Current step =0
  Current step =0
  Current step =0
  Current step =0
  Current step =0
  Current step =0
  Current step =0
  Current step =0
  Current step =0
  Current step =0
  Current step =0
  Current step =0
  Current step =0
  Current step =0
  Current step =0
  Current step =0
  Current step =0
  Current step =0
  Current step =0
  Current step =0
  Current step =0
  Current step =0
  Current step =0
  Current step =0
  Current step =0
  Current step =0
  Current step =0
  Current step =0
  Current step =0
  Current step =0
  Current step =0
  Current step =0
  Current step =0

Krylov solver
Norm of residual 3.261e-17 at 21 iterations
Wall charge lower -1.327931250237622e-02 upper  1.327931250237978e-02
Fluid charge      -7.407269242420966e-16 total  2.825864542366219e-15
  Current step =0
  Current step =0
  Current step =0
  Current step =0
  Current step =0
  Current step =0
  Current step =0
  Current step =0
  Current step =0
  Current step =0
  Current step =0
  Current step =0
  Current step =0
  Current step =0
  Current step =0
  Current step =0
  Current step =0
  Current step =0
  Current step =0
  Current step =0
  Current step =0
  Current step =0
  Current step =0
  Current step =0
  Current step =0
  Current step =0
  Current step =0
  Current step =0
  Current step =0
  Current step =0
  Current step =0
  Current step =0
  Current step =0
  Current step =0
  Current step =0
  Current step =0
  Current step =0
  Current step =0
  Current step =0
  Current step =0
  Current step =0
  Current step =0
  Current step =0
  Current step =0
  Current step =0
  Current step =0
  Current step =0
  Current step =0
  Current step =0
  Current step =0

Krylov solver
Norm of residual 3.261e-17 at 21 iterations
Wall charge lower -1.327941773116839e-02 upper  1.327941773117206e-02
Fluid charge      -9.176687187917310e-16 total  2.754740879851170e-15
  Current step =0
  Current step =0
  Current step =0
  Current step =0
  Current step =0
  Current step =0
  Current step =0
  Current step =0
  Current step =0
  Current step =0
  Current step =0
  Current step =0
  Current step =0
  Current step =0
  Current step =0
  Current step =0
  Current step =0
  Current step =0
  Current step =0
  Current step =0
  Current step =0
  Current step =0
  Current step =0
  Current step =0
  Current step =0
  Current step =0
  Current step =0
  Current step =0
  Current step =0
  Current step =0
  Current step =0
  Current step =0
  Current step =0
  Current step =0
  Current step =0
  Current step =0
  Current step =0
  Current step =0
  Current step =0
  Current step =0
  Current step =0
  Current step =0
  Current step =0
  Current step =0
  Current step =0
  Current step =0
  Current step =0
  Current step =0
  Current step =0
  Current step =0

Krylov solver
Norm of residual 3.261e-17 at 21 iterations
Wall charge lower -1.327952169472672e-02 upper  1.327952169473049e-02
Fluid charge      -8.935994305625528e-16 total  2.875954682735049e-15
  Current step =0
  Current step =0
  Current step =0
  Current step =0
  Current step =0
  Current step =0
  Current step =0
  Current step =0
  Current step =0
  Current step =0
  Current step =0
  Current step =0
  Current step =0
  Current step =0
  Current step =0
  Current step =0
  Current step =0
  Current step =0
  Current step =0
  Current step =0
  Current step =0
  Current step =0
  Current step =0
  Current step =0
  Current step =0
  Current step =0
  Current step =0
  Current step =0
  Current step =0
  Current step =0
  Current step =0
  Current step =0
  Current step =0
  Current step =0
  Current step =0
  Current step =0
  Current step =0
  Current step =0
  Current step =0
  Current step =0
  Current step =0
  Current step =0
  Current step =0
  Current step =0
  Current step =0
  Current step =0
  Current step =0
  Current step =0
  Current step =0
  Current step =0

Krylov solver
Norm of residual 3.261e-17 at 21 iterations
Wall charge lower -1.327962440826430e-02 upper  1.327962440826807e-02
Fluid charge      -8.482797797526587e-16 total  2.921274333544943e-15
  Current step =0
  Current step =0
  Current step =0
  Current step =0
  Current step =0
  Current step =0
  Current step =0
  Current step =0
  Current step =0
  Current step =0
  Current step =0
  Current step =0
  Current step =0
  Current step =0
  Current step =0
  Current step =0
  Current step =0
  Current step =0
  Current step =0
  Current step =0
  Current step =0
  Current step =0
  Current step =0
  Current step =0
  Current step =0
  Current step =0
  Current step =0
  Current step =0
  Current step =0
  Current step =0
  Current step =0
  Current step =0
  Current step =0
  Current step =0
  Current step =0
  Current step =0
  Current step =0
  Current step =0
  Current step =0
  Current step =0
  Current step =0
  Current step =0
  Current step =0
  Current step =0
  Current step =0
  Current step =0
  Current step =0
  Current step =0
  Current step =0
  Current step =0

Krylov solver
Norm of residual 3.261e-17 at 21 iterations
Wall charge lower -1.327972588681098e-02 upper  1.327972588681478e-02
Fluid charge      -8.181389593575616e-16 total  2.980905453031646e-15
  Current step =0
  Current step =0
  Current step =0
  Current step =0
  Current step =0
  Current step =0
  Current step =0
  Current step =0
  Current step =0
  Current step =0
  Current step =0
  Current step =0
  Current step =0
  Current step =0
  Current step =0
  Current step =0
  Current step =0
  Current step =0
  Current step =0
  Current step =0
  Current step =0
  Current step =0
  Current step =0
  Current step =0
  Current step =0
  Current step =0
  Current step =0
  Current step =0
  Current step =0
  Current step =0
  Current step =0
  Current step =0
  Current step =0
  Current step =0
  Current step =0
  Current step =0
  Current step =0
  Current step =0
  Current step =0
  Current step =0
  Current step =0
  Current step =0
  Current step =0
  Current step =0
  Current step =0
  Current step =0
  Current step =0
  Current step =0
  Current step =0
  Current step =0

Krylov solver
Norm of residual 3.261e-17 at 21 iterations
Wall charge lower -1.327982614521594e-02 upper  1.327982614521979e-02
Fluid charge      -9.035740905494194e-16 total  2.940573132215185e-15
  Current step =0
  Current step =0
  Current step =0
  Current step =0
  Current step =0
  Current step =0
  Current step =0
  Current step =0
  Current step =0
  Current step =0
  Current step =0
  Current step =0
  Current step =0
  Current step =0
  Current step =0
  Current step =0
  Current step =0
  Current step =0
  Current step =0
  Current step =0
  Current step =0
  Current step =0
  Current step =0
  Current step =0
  Current step =0
  Current step =0
  Current step =0
  Current step =0
  Current step =0
  Current step =0
  Current step =0
  Current step =0
  Current step =0
  Current step =0
  Current step =0
  Current step =0
  Current step =0
  Current step =0
  Current step =0
  Current step =0
  Current step =0
  Current step =0
  Current step =0
  Current step =0
  Current step =0
  Current step =0
  Current step =0
  Current step =0
  Current step =0
  Current step =0

Krylov solver
Norm of residual 3.261e-17 at 21 iterations
Wall charge lower -1.327992519815029e-02 upper  1.327992519815381e-02
Fluid charge      -8.708311849403572e-16 total  2.648922747816584e-15
  Current step =0
  Current step =0
  Current step =0
  Current step =0
  Current step =0
  Current step =0
  Current step =0
  Current step =0
  Current step =0
  Current step =0
  Current step =0
  Current step =0
  Current step =0
  Current step =0
  Current step =0
  Current step =0
  Current step =0
  Current step =0
  Current step =0
  Current step =0
  Current step =0
  Current step =0
  Current step =0
  Current step =0
  Current step =0
  Current step =0
  Current step =0
  Current step =0
  Current step =0
  Current step =0
  Current step =0
  Current step =0
  Current step =0
  Current step =0
  Current step =0
  Current step =0
  Current step =0
  Current step =0
  Current step =0
  Current step =0
  Current step =0
  Current step =0
  Current step =0
  Current step =0
  Current step =0
  Current step =0
  Current step =0
  Current step =0
  Current step =0
  Current step =0

Krylov solver
Norm of residual 3.261e-17 at 21 iterations
Wall charge lower -1.328002306010775e-02 upper  1.328002306011135e-02
Fluid charge      -8.461113754076877e-16 total  2.753439837244187e-15
  Current step =0
  Current step =0
  Current step =0
  Current step =0
  Current step =0
  Current step =0
  Current step =0
  Current step =0
  Current step =0
  Current step =0
  Current step =0
  Current step =0
  Current step =0
  Current step =0
  Current step =0
  Current step =0
  Current step =0
  Current step =0
  Current step =0
  Current step =0
  Current step =0
  Current step =0
  Current step =0
  Current step =0
  Current step =0
  Current step =0
  Current step =0
  Current step =0
  Current step =0
  Current step =0
  Current step =0
  Current step =0
  Current step =0
  Current step =0
  Current step =0
  Current step =0
  Current step =0
  Current step =0
  Current step =0
  Current step =0
  Current step =0
  Current step =0
  Current step =0
  Current step =0
  Current step =0
  Current step =0
  Current step =0
  Current step =0
  Current step =0
  Current step =0

Krylov solver
Norm of residual 3.261e-17 at 21 iterations
Wall charge lower -1.328011974540869e-02 upper  1.328011974541266e-02
Fluid charge      -8.157537145780935e-16 total  3.149824151504887e-15
  Current step =0
  Current step =0
  Current step =0
  Current step =0
  Current step =0
  Current step =0
  Current step =0
  Current step =0
  Current step =0
  Current step =0
  Current step =0
  Current step =0
  Current step =0
  Current step =0
  Current step =0
  Current step =0
  Current step =0
  Current step =0
  Current step =0
  Current step =0
  Current step =0
  Current step =0
  Current step =0
  Current step =0
  Current step =0
  Current step =0
  Current step =0
  Current step =0
  Current step =0
  Current step =0
  Current step =0
  Current step =0
  Current step =0
  Current step =0
  Current step =0
  Current step =0
  Current step =0
  Current step =0
  Current step =0
  Current step =0
  Current step =0
  Current step =0
  Current step =0
  Current step =0
  Current step =0
  Current step =0
  Current step =0
  Current step =0
  Current step =0
  Current step =0

Krylov solver
Norm of residual 3.261e-17 at 21 iterations
Wall charge lower -1.328021526820099e-02 upper  1.328021526820478e-02
Fluid charge      -9.020562075079397e-16 total  2.893518757929314e-15
  Current step =0
  Current step =0
  Current step =0
  Current step =0
  Current step =0
  Current step =0
  Current step =0
  Current step =0
  Current step =0
  Current step =0
  Current step =0
  Current step =0
  Current step =0
  Current step =0
  Current step =0
  Current step =0
  Current step =0
  Current step =0
  Current step =0
  Current step =0
  Current step =0
  Current step =0
  Current step =0
  Current step =0
  Current step =0
  Current step =0
  Current step =0
  Current step =0
  Current step =0
  Current step =0
  Current step =0
  Current step =0
  Current step =0
  Current step =0
  Current step =0
  Current step =0
  Current step =0
  Current step =0
  Current step =0
  Current step =0
  Current step =0
  Current step =0
  Current step =0
  Current step =0
  Current step =0
  Current step =0
  Current step =0
  Current step =0
  Current step =0
  Current step =0

Krylov solver
Norm of residual 3.261e-17 at 21 iterations
Wall charge lower -1.328030964246239e-02 upper  1.328030964246606e-02
Fluid charge      -8.729995892853282e-16 total  2.790736391977688e-15
  Current step =0
  Current step =0
  Current step =0
  Current step =0
  Current step =0
  Current step =0
  Current step =0
  Current step =0
  Current step =0
  Current step =0
  Current step =0
  Current step =0
  Current step =0
  Current step =0
  Current step =0
  Current step =0
  Current step =0
  Current step =0
  Current step =0
  Current step =0
  Current step =0
  Current step =0
  Current step =0
  Current step =0
  Current step =0
  Current step =0
  Current step =0
  Current step =0
  Current step =0
  Current step =0
  Current step =0
  Current step =0
  Current step =0
  Current step =0
  Current step =0
  Current step =0
  Current step =0
  Current step =0
  Current step =0
  Current step =0
  Current step =0
  Current step =0
  Current step =0
  Current step =0
  Current step =0
  Current step =0
  Current step =0
  Current step =0
  Current step =0
  Current step =0

Krylov solver
Norm of residual 3.261e-17 at 21 iterations
Wall charge lower -1.328040288200226e-02 upper  1.328040288200604e-02
Fluid charge      -7.051650929845721e-16 total  3.074797361168891e-15
  Current step =0
  Current step =0
  Current step =0
  Current step =0
  Current step =0
  Current step =0
  Current step =0
  Current step =0
  Current step =0
  Current step =0
  Current step =0
  Current step =0
  Current step =0
  Current step =0
  Current step =0
  Current step =0
  Current step =0
  Current step =0
  Current step =0
  Current step =0
  Current step =0
  Current step =0
  Current step =0
  Current step =0
  Current step =0
  Current step =0
  Current step =0
  Current step =0
  Current step =0
  Current step =0
  Current step =0
  Current step =0
  Current step =0
  Current step =0
  Current step =0
  Current step =0
  Current step =0
  Current step =0
  Current step =0
  Current step =0
  Current step =0
  Current step =0
  Current step =0
  Current step =0
  Current step =0
  Current step =0
  Current step =0
  Current step =0
  Current step =0
  Current step =0

Krylov solver
Norm of residual 3.261e-17 at 21 iterations
Wall charge lower -1.328049500046456e-02 upper  1.328049500046809e-02
Fluid charge      -8.057790545912269e-16 total  2.722648495545599e-15
  Current step =0
  Current step =0
  Current step =0
  Current step =0
  Current step =0
  Current step =0
  Current step =0
  Current step =0
  Current step =0
  Current step =0
  Current step =0
  Current step =0
  Current step =0
  Current step =0
  Current step =0
  Current step =0
  Current step =0
  Current step =0
  Current step =0
  Current step =0
  Current step =0
  Current step =0
  Current step =0
  Current step =0
  Current step =0
  Current step =0
  Current step =0
  Current step =0
  Current step =0
  Current step =0
  Current step =0
  Current step =0
  Current step =0
  Current step =0
  Current step =0
  Current step =0
  Current step =0
  Current step =0
  Current step =0
  Current step =0
  Current step =0
  Current step =0
  Current step =0
  Current step =0
  Current step =0
  Current step =0
  Current step =0
  Current step =0
  Current step =0
  Current step =0

Krylov solver
Norm of residual 3.261e-17 at 21 iterations
Wall charge lower -1.328058601132851e-02 upper  1.328058601133231e-02
Fluid charge      -1.003103849983589e-15 total  2.789001668501712e-15
  Current step =0
  Current step =0
  Current step =0
  Current step =0
  Current step =0
  Current step =0
  Current step =0
  Current step =0
  Current step =0
  Current step =0
  Current step =0
  Current step =0
  Current step =0
  Current step =0
  Current step =0
  Current step =0
  Current step =0
  Current step =0
  Current step =0
  Current step =0
  Current step =0
  Current step =0
  Current step =0
  Current step =0
  Current step =0
  Current step =0
  Current step =0
  Current step =0
  Current step =0
  Current step =0
  Current step =0
  Current step =0
  Current step =0
  Current step =0
  Current step =0
  Current step =0
  Current step =0
  Current step =0
  Current step =0
  Current step =0
  Current step =0
  Current step =0
  Current step =0
  Current step =0
  Current step =0
  Current step =0
  Current step =0
  Current step =0
  Current step =0
  Current step =0

Krylov solver
Norm of residual 3.261e-17 at 21 iterations
Wall charge lower -1.328067592791199e-02 upper  1.328067592791577e-02
Fluid charge      -7.637120102987893e-16 total  3.011046273426743e-15
  Current step =0
  Current step =0
  Current step =0
  Current step =0
  Current step =0
  Current step =0
  Current step =0
  Current step =0
  Current step =0
  Current step =0
  Current step =0
  Current step =0
  Current step =0
  Current step =0
  Current step =0
  Current step =0
  Current step =0
  Current step =0
  Current step =0
  Current step =0
  Current step =0
  Current step =0
  Current step =0
  Current step =0
  Current step =0
  Current step =0
  Current step =0
  Current step =0
  Current step =0
  Current step =0
  Current step =0
  Current step =0
  Current step =0
  Current step =0
  Current step =0
  Current step =0
  Current step =0
  Current step =0
  Current step =0
  Current step =0
  Current step =0
  Current step =0
  Current step =0
  Current step =0
  Current step =0
  Current step =0
  Current step =0
  Current step =0
  Current step =0
  Current step =0

Krylov solver
Norm of residual 3.261e-17 at 21 iterations
Wall charge lower -1.328076476337204e-02 upper  1.328076476337577e-02
Fluid charge      -7.962380754733545e-16 total  2.933417397876781e-15
  Current step =0
  Current step =0
  Current step =0
  Current step =0
  Current step =0
  Current step =0
  Current step =0
  Current step =0
  Current step =0
  Current step =0
  Current step =0
  Current step =0
  Current step =0
  Current step =0
  Current step =0
  Current step =0
  Current step =0
  Current step =0
  Current step =0
  Current step =0
  Current step =0
  Current step =0
  Current step =0
  Current step =0
  Current step =0
  Current step =0
  Current step =0
  Current step =0
  Current step =0
  Current step =0
  Current step =0
  Current step =0
  Current step =0
  Current step =0
  Current step =0
  Current step =0
  Current step =0
  Current step =0
  Current step =0
  Current step =0
  Current step =0
  Current step =0
  Current step =0
  Current step =0
  Current step =0
  Current step =0
  Current step =0
  Current step =0
  Current step =0
  Current step =0

Krylov solver
Norm of residual 3.261e-17 at 21 iterations
Wall charge lower -1.328085253070819e-02 upper  1.328085253071191e-02
Fluid charge      -8.532671097460920e-16 total  2.865980022748182e-15
  Current step =0
  Current step =0
  Current step =0
  Current step =0
  Current step =0
  Current step =0
  Current step =0
  Current step =0
  Current step =0
  Current step =0
  Current step =0
  Current step =0
  Current step =0
  Current step =0
  Current step =0
  Current step =0
  Current step =0
  Current step =0
  Current step =0
  Current step =0
  Current step =0
  Current step =0
  Current step =0
  Current step =0
  Current step =0
  Current step =0
  Current step =0
  Current step =0
  Current step =0
  Current step =0
  Current step =0
  Current step =0
  Current step =0
  Current step =0
  Current step =0
  Current step =0
  Current step =0
  Current step =0
  Current step =0
  Current step =0
  Current step =0
  Current step =0
  Current step =0
  Current step =0
  Current step =0
  Current step =0
  Current step =0
  Current step =0
  Current step =0
  Current step =0

Krylov solver
Norm of residual 3.261e-17 at 21 iterations
Wall charge lower -1.328093924276273e-02 upper  1.328093924276643e-02
Fluid charge      -9.350159535514990e-16 total  2.759945050279100e-15
  Current step =0
  Current step =0
  Current step =0
  Current step =0
  Current step =0
  Current step =0
  Current step =0
  Current step =0
  Current step =0
  Current step =0
  Current step =0
  Current step =0
  Current step =0
  Current step =0
  Current step =0
  Current step =0
  Current step =0
  Current step =0
  Current step =0
  Current step =0
  Current step =0
  Current step =0
  Current step =0
  Current step =0
  Current step =0
  Current step =0
  Current step =0
  Current step =0
  Current step =0
  Current step =0
  Current step =0
  Current step =0
  Current step =0
  Current step =0
  Current step =0
  Current step =0
  Current step =0
  Current step =0
  Current step =0
  Current step =0
  Current step =0
  Current step =0
  Current step =0
  Current step =0
  Current step =0
  Current step =0
  Current step =0
  Current step =0
  Current step =0
  Current step =0

Krylov solver
Norm of residual 3.261e-17 at 21 iterations
Wall charge lower -1.328102491222465e-02 upper  1.328102491222836e-02
Fluid charge      -8.881784197001252e-16 total  2.820660371938288e-15
  Current step =0
  Current step =0
  Current step =0
  Current step =0
  Current step =0
  Current step =0
  Current step =0
  Current step =0
  Current step =0
  Current step =0
  Current step =0
  Current step =0
  Current step =0
  Current step =0
  Current step =0
  Current step =0
  Current step =0
  Current step =0
  Current step =0
  Current step =0
  Current step =0
  Current step =0
  Current step =0
  Current step =0
  Current step =0
  Current step =0
  Current step =0
  Current step =0
  Current step =0
  Current step =0
  Current step =0
  Current step =0
  Current step =0
  Current step =0
  Current step =0
  Current step =0
  Current step =0
  Current step =0
  Current step =0
  Current step =0
  Current step =0
  Current step =0
  Current step =0
  Current step =0
  Current step =0
  Current step =0
  Current step =0
  Current step =0
  Current step =0
  Current step =0

Krylov solver
Norm of residual 3.261e-17 at 21 iterations
Wall charge lower -1.328110955162943e-02 upper  1.328110955163349e-02
Fluid charge      -8.656270145124267e-16 total  3.191891195797325e-15
  Current step =0
  Current step =0
  Current step =0
  Current step =0
  Current step =0
  Current step =0
  Current step =0
  Current step =0
  Current step =0
  Current step =0
  Current step =0
  Current step =0
  Current step =0
  Current step =0
  Current step =0
  Current step =0
  Current step =0
  Current step =0
  Current step =0
  Current step =0
  Current step =0
  Current step =0
  Current step =0
  Current step =0
  Current step =0
  Current step =0
  Current step =0
  Current step =0
  Current step =0
  Current step =0
  Current step =0
  Current step =0
  Current step =0
  Current step =0
  Current step =0
  Current step =0
  Current step =0
  Current step =0
  Current step =0
  Current step =0
  Current step =0
  Current step =0
  Current step =0
  Current step =0
  Current step =0
  Current step =0
  Current step =0
  Current step =0
  Current step =0
  Current step =0

Krylov solver
Norm of residual 3.261e-17 at 21 iterations
Wall charge lower -1.328119317336278e-02 upper  1.328119317336648e-02
Fluid charge      -9.126813887982976e-16 total  2.784014338508278e-15
  Current step =0
  Current step =0
  Current step =0
  Current step =0
  Current step =0
  Current step =0
  Current step =0
  Current step =0
  Current step =0
  Current step =0
  Current step =0
  Current step =0
  Current step =0
  Current step =0
  Current step =0
  Current step =0
  Current step =0
  Current step =0
  Current step =0
  Current step =0
  Current step =0
  Current step =0
  Current step =0
  Current step =0
  Current step =0
  Current step =0
  Current step =0
  Current step =0
  Current step =0
  Current step =0
  Current step =0
  Current step =0
  Current step =0
  Current step =0
  Current step =0
  Current step =0
  Current step =0
  Current step =0
  Current step =0
  Current step =0
  Current step =0
  Current step =0
  Current step =0
  Current step =0
  Current step =0
  Current step =0
  Current step =0
  Current step =0
  Current step =0
  Current step =0

Krylov solver
Norm of residual 3.261e-17 at 21 iterations
Wall charge lower -1.328127578966019e-02 upper  1.328127578966420e-02
Fluid charge      -8.101158632811689e-16 total  3.200564813177209e-15
  Current step =0
  Current step =0
  Current step =0
  Current step =0
  Current step =0
  Current step =0
  Current step =0
  Current step =0
  Current step =0
  Current step =0
  Current step =0
  Current step =0
  Current step =0
  Current step =0
  Current step =0
  Current step =0
  Current step =0
  Current step =0
  Current step =0
  Current step =0
  Current step =0
  Current step =0
  Current step =0
  Current step =0
  Current step =0
  Current step =0
  Current step =0
  Current step =0
  Current step =0
  Current step =0
  Current step =0
  Current step =0
  Current step =0
  Current step =0
  Current step =0
  Current step =0
  Current step =0
  Current step =0
  Current step =0
  Current step =0
  Current step =0
  Current step =0
  Current step =0
  Current step =0
  Current step =0
  Current step =0
  Current step =0
  Current step =0
  Current step =0
  Current step =0

Krylov solver
Norm of residual 3.261e-17 at 21 iterations
Wall charge lower -1.328135741261145e-02 upper  1.328135741261500e-02
Fluid charge      -7.667477763817487e-16 total  2.785965902418752e-15
  Current step =0
  Current step =0
  Current step =0
  Current step =0
  Current step =0
  Current step =0
  Current step =0
  Current step =0
  Current step =0
  Current step =0
  Current step =0
  Current step =0
  Current step =0
  Current step =0
  Current step =0
  Current step =0
  Current step =0
  Current step =0
  Current step =0
  Current step =0
  Current step =0
  Current step =0
  Current step =0
  Current step =0
  Current step =0
  Current step =0
  Current step =0
  Current step =0
  Current step =0
  Current step =0
  Current step =0
  Current step =0
  Current step =0
  Current step =0
  Current step =0
  Current step =0
  Current step =0
  Current step =0
  Current step =0
  Current step =0
  Current step =0
  Current step =0
  Current step =0
  Current step =0
  Current step =0
  Current step =0
  Current step =0
  Current step =0
  Current step =0
  Current step =0

Krylov solver
Norm of residual 3.261e-17 at 21 iterations
Wall charge lower -1.328143805415959e-02 upper  1.328143805416342e-02
Fluid charge      -8.389556410692833e-16 total  2.986109623459576e-15
  Current step =0
  Current step =0
  Current step =0
  Current step =0
  Current step =0
  Current step =0
  Current step =0
  Current step =0
  Current step =0
  Current step =0
  Current step =0
  Current step =0
  Current step =0
  Current step =0
  Current step =0
  Current step =0
  Current step =0
  Current step =0
  Current step =0
  Current step =0
  Current step =0
  Current step =0
  Current step =0
  Current step =0
  Current step =0
  Current step =0
  Current step =0
  Current step =0
  Current step =0
  Current step =0
  Current step =0
  Current step =0
  Current step =0
  Current step =0
  Current step =0
  Current step =0
  Current step =0
  Current step =0
  Current step =0
  Current step =0
  Current step =0
  Current step =0
  Current step =0
  Current step =0
  Current step =0
  Current step =0
  Current step =0
  Current step =0
  Current step =0
  Current step =0

Krylov solver
Norm of residual 3.261e-17 at 21 iterations
Wall charge lower -1.328151772610530e-02 upper  1.328151772610900e-02
Fluid charge      -8.062127354602211e-16 total  2.895687162274285e-15
  Current step =0
  Current step =0
  Current step =0
  Current step =0
  Current step =0
  Current step =0
  Current step =0
  Current step =0
  Current step =0
  Current step =0
  Current step =0
  Current step =0
  Current step =0
  Current step =0
  Current step =0
  Current step =0
  Current step =0
  Current step =0
  Current step =0
  Current step =0
  Current step =0
  Current step =0
  Current step =0
  Current step =0
  Current step =0
  Current step =0
  Current step =0
  Current step =0
  Current step =0
  Current step =0
  Current step =0
  Current step =0
  Current step =0
  Current step =0
  Current step =0
  Current step =0
  Current step =0
  Current step =0
  Current step =0
  Current step =0
  Current step =0
  Current step =0
  Current step =0
  Current step =0
  Current step =0
  Current step =0
  Current step =0
  Current step =0
  Current step =0
  Current step =0

Krylov solver
Norm of residual 3.261e-17 at 21 iterations
Wall charge lower -1.328159644010654e-02 upper  1.328159644011035e-02
Fluid charge      -7.994906819908110e-16 total  3.016900965158165e-15
  Current step =0
  Current step =0
  Current step =0
  Current step =0
  Current step =0
  Current step =0
  Current step =0
  Current step =0
  Current step =0
  Current step =0
  Current step =0
  Current step =0
  Current step =0
  Current step =0
  Current step =0
  Current step =0
  Current step =0
  Current step =0
  Current step =0
  Current step =0
  Current step =0
  Current step =0
  Current step =0
  Current step =0
  Current step =0
  Current step =0
  Current step =0
  Current step =0
  Current step =0
  Current step =0
  Current step =0
  Current step =0
  Current step =0
  Current step =0
  Current step =0
  Current step =0
  Current step =0
  Current step =0
  Current step =0
  Current step =0
  Current step =0
  Current step =0
  Current step =0
  Current step =0
  Current step =0
  Current step =0
  Current step =0
  Current step =0
  Current step =0
  Current step =0

Krylov solver
Norm of residual 3.261e-17 at 21 iterations
Wall charge lower -1.328167420768159e-02 upper  1.328167420768515e-02
Fluid charge      -9.501947839662961e-16 total  2.612927235690066e-15
  Current step =0
  Current step =0
  Current step =0
  Current step =0
  Current step =0
  Current step =0
  Current step =0
  Current step =0
  Current step =0
  Current step =0
  Current step =0
  Current step =0
  Current step =0
  Current step =0
  Current step =0
  Current step =0
  Current step =0
  Current step =0
  Current step =0
  Current step =0
  Current step =0
  Current step =0
  Current step =0
  Current step =0
  Current step =0
  Current step =0
  Current step =0
  Current step =0
  Current step =0
  Current step =0
  Current step =0
  Current step =0
  Current step =0
  Current step =0
  Current step =0
  Current step =0
  Current step =0
  Current step =0
  Current step =0
  Current step =0
  Current step =0
  Current step =0
  Current step =0
  Current step =0
  Current step =0
  Current step =0
  Current step =0
  Current step =0
  Current step =0
  Current step =0

Krylov solver
Norm of residual 3.261e-17 at 21 iterations
Wall charge lower -1.328175104020955e-02 upper  1.328175104021330e-02
Fluid charge      -8.153200337090993e-16 total  2.935152121352758e-15
  Current step =0
  Current step =0
  Current step =0
  Current step =0
  Current step =0
  Current step =0
  Current step =0
  Current step =0
  Current step =0
  Current step =0
  Current step =0
  Current step =0
  Current step =0
  Current step =0
  Current step =0
  Current step =0
  Current step =0
  Current step =0
  Current step =0
  Current step =0
  Current step =0
  Current step =0
  Current step =0
  Current step =0
  Current step =0
  Current step =0
  Current step =0
  Current step =0
  Current step =0
  Current step =0
  Current step =0
  Current step =0
  Current step =0
  Current step =0
  Current step =0
  Current step =0
  Current step =0
  Current step =0
  Current step =0
  Current step =0
  Current step =0
  Current step =0
  Current step =0
  Current step =0
  Current step =0
  Current step =0
  Current step =0
  Current step =0
  Current step =0
  Current step =0

Krylov solver
Norm of residual 3.261e-17 at 21 iterations
Wall charge lower -1.328182694893365e-02 upper  1.328182694893756e-02
Fluid charge      -8.857931749206571e-16 total  3.027742986883020e-15
  Current step =0
  Current step =0
  Current step =0
  Current step =0
  Current step =0
  Current step =0
  Current step =0
  Current step =0
  Current step =0
  Current step =0
  Current step =0
  Current step =0
  Current step =0
  Current step =0
  Current step =0
  Current step =0
  Current step =0
  Current step =0
  Current step =0
  Current step =0
  Current step =0
  Current step =0
  Current step =0
  Current step =0
  Current step =0
  Current step =0
  Current step =0
  Current step =0
  Current step =0
  Current step =0
  Current step =0
  Current step =0
  Current step =0
  Current step =0
  Current step =0
  Current step =0
  Current step =0
  Current step =0
  Current step =0
  Current step =0
  Current step =0
  Current step =0
  Current step =0
  Current step =0
  Current step =0
  Current step =0
  Current step =0
  Current step =0
  Current step =0
  Current step =0

Krylov solver
Norm of residual 3.261e-17 at 21 iterations
Wall charge lower -1.328190194496126e-02 upper  1.328190194496537e-02
Fluid charge      -9.475926987523309e-16 total  3.170640833216609e-15
  Current step =0
  Current step =0
  Current step =0
  Current step =0
  Current step =0
  Current step =0
  Current step =0
  Current step =0
  Current step =0
  Current step =0
  Current step =0
  Current step =0
  Current step =0
  Current step =0
  Current step =0
  Current step =0
  Current step =0
  Current step =0
  Current step =0
  Current step =0
  Current step =0
  Current step =0
  Current step =0
  Current step =0
  Current step =0
  Current step =0
  Current step =0
  Current step =0
  Current step =0
  Current step =0
  Current step =0
  Current step =0
  Current step =0
  Current step =0
  Current step =0
  Current step =0
  Current step =0
  Current step =0
  Current step =0
  Current step =0
  Current step =0
  Current step =0
  Current step =0
  Current step =0
  Current step =0
  Current step =0
  Current step =0
  Current step =0
  Current step =0
  Current step =0

Krylov solver
Norm of residual 3.261e-17 at 21 iterations
Wall charge lower -1.328197603926663e-02 upper  1.328197603927045e-02
Fluid charge      -9.523631883112671e-16 total  2.858824288409778e-15
  Current step =0
  Current step =0
  Current step =0
  Current step =0
  Current step =0
  Current step =0
  Current step =0
  Current step =0
  Current step =0
  Current step =0
  Current step =0
  Current step =0
  Current step =0
  Current step =0
  Current step =0
  Current step =0
  Current step =0
  Current step =0
  Current step =0
  Current step =0
  Current step =0
  Current step =0
  Current step =0
  Current step =0
  Current step =0
  Current step =0
  Current step =0
  Current step =0
  Current step =0
  Current step =0
  Current step =0
  Current step =0
  Current step =0
  Current step =0
  Current step =0
  Current step =0
  Current step =0
  Current step =0
  Current step =0
  Current step =0
  Current step =0
  Current step =0
  Current step =0
  Current step =0
  Current step =0
  Current step =0
  Current step =0
  Current step =0
  Current step =0
  Current step =0

Krylov solver
Norm of residual 3.261e-17 at 21 iterations
Wall charge lower -1.328204924269151e-02 upper  1.328204924269542e-02
Fluid charge      -9.649399335120989e-16 total  2.943392057863647e-15
  Current step =0
  Current step =0
  Current step =0
  Current step =0
  Current step =0
  Current step =0
  Current step =0
  Current step =0
  Current step =0
  Current step =0
  Current step =0
  Current step =0
  Current step =0
  Current step =0
  Current step =0
  Current step =0
  Current step =0
  Current step =0
  Current step =0
  Current step =0
  Current step =0
  Current step =0
  Current step =0
  Current step =0
  Current step =0
  Current step =0
  Current step =0
  Current step =0
  Current step =0
  Current step =0
  Current step =0
  Current step =0
  Current step =0
  Current step =0
  Current step =0
  Current step =0
  Current step =0
  Current step =0
  Current step =0
  Current step =0
  Current step =0
  Current step =0
  Current step =0
  Current step =0
  Current step =0
  Current step =0
  Current step =0
  Current step =0
  Current step =0
  Current step =0

Krylov solver
Norm of residual 3.261e-17 at 21 iterations
Wall charge lower -1.328212156594765e-02 upper  1.328212156595156e-02
Fluid charge      -9.289444213855802e-16 total  2.981122293466143e-15
  Current step =0
  Current step =0
  Current step =0
  Current step =0
  Current step =0
  Current step =0
  Current step =0
  Current step =0
  Current step =0
  Current step =0
  Current step =0
  Current step =0
  Current step =0
  Current step =0
  Current step =0
  Current step =0
  Current step =0
  Current step =0
  Current step =0
  Current step =0
  Current step =0
  Current step =0
  Current step =0
  Current step =0
  Current step =0
  Current step =0
  Current step =0
  Current step =0
  Current step =0
  Current step =0
  Current step =0
  Current step =0
  Current step =0
  Current step =0
  Current step =0
  Current step =0
  Current step =0
  Current step =0
  Current step =0
  Current step =0
  Current step =0
  Current step =0
  Current step =0
  Current step =0
  Current step =0
  Current step =0
  Current step =0
  Current step =0
  Current step =0
  Current step =0

Krylov solver
Norm of residual 3.261e-17 at 21 iterations
Wall charge lower -1.328219301961821e-02 upper  1.328219301962213e-02
Fluid charge      -1.159879484124993e-15 total  2.760595571582591e-15
  Current step =0
  Current step =0
  Current step =0
  Current step =0
  Current step =0
  Current step =0
  Current step =0
  Current step =0
  Current step =0
  Current step =0
  Current step =0
  Current step =0
  Current step =0
  Current step =0
  Current step =0
  Current step =0
  Current step =0
  Current step =0
  Current step =0
  Current step =0
  Current step =0
  Current step =0
  Current step =0
  Current step =0
  Current step =0
  Current step =0
  Current step =0
  Current step =0
  Current step =0
  Current step =0
  Current step =0
  Current step =0
  Current step =0
  Current step =0
  Current step =0
  Current step =0
  Current step =0
  Current step =0
  Current step =0
  Current step =0
  Current step =0
  Current step =0
  Current step =0
  Current step =0
  Current step =0
  Current step =0
  Current step =0
  Current step =0
  Current step =0
  Current step =0

Krylov solver
Norm of residual 3.261e-17 at 21 iterations
Wall charge lower -1.328226361415858e-02 upper  1.328226361416233e-02
Fluid charge      -1.058181320345852e-15 total  2.688821387764051e-15
  Current step =0
  Current step =0
  Current step =0
  Current step =0
  Current step =0
  Current step =0
  Current step =0
  Current step =0
  Current step =0
  Current step =0
  Current step =0
  Current step =0
  Current step =0
  Current step =0
  Current step =0
  Current step =0
  Current step =0
  Current step =0
  Current step =0
  Current step =0
  Current step =0
  Current step =0
  Current step =0
  Current step =0
  Current step =0
  Current step =0
  Current step =0
  Current step =0
  Current step =0
  Current step =0
  Current step =0
  Current step =0
  Current step =0
  Current step =0
  Current step =0
  Current step =0
  Current step =0
  Current step =0
  Current step =0
  Current step =0
  Current step =0
  Current step =0
  Current step =0
  Current step =0
  Current step =0
  Current step =0
  Current step =0
  Current step =0
  Current step =0
  Current step =0

Krylov solver
Norm of residual 3.261e-17 at 21 iterations
Wall charge lower -1.328233335989861e-02 upper  1.328233335990267e-02
Fluid charge      -1.006790137370039e-15 total  3.050728072939712e-15
  Current step =0
  Current step =0
  Current step =0
  Current step =0
  Current step =0
  Current step =0
  Current step =0
  Current step =0
  Current step =0
  Current step =0
  Current step =0
  Current step =0
  Current step =0
  Current step =0
  Current step =0
  Current step =0
  Current step =0
  Current step =0
  Current step =0
  Current step =0
  Current step =0
  Current step =0
  Current step =0
  Current step =0
  Current step =0
  Current step =0
  Current step =0
  Current step =0
  Current step =0
  Current step =0
  Current step =0
  Current step =0
  Current step =0
  Current step =0
  Current step =0
  Current step =0
  Current step =0
  Current step =0
  Current step =0
  Current step =0
  Current step =0
  Current step =0
  Current step =0
  Current step =0
  Current step =0
  Current step =0
  Current step =0
  Current step =0
  Current step =0
  Current step =0

Krylov solver
Norm of residual 3.261e-17 at 21 iterations
Wall charge lower -1.328240226704431e-02 upper  1.328240226704821e-02
Fluid charge      -1.178527761491743e-15 total  2.724600059456073e-15
  Current step =0
  Current step =0
  Current step =0
  Current step =0
  Current step =0
  Current step =0
  Current step =0
  Current step =0
  Current step =0
  Current step =0
  Current step =0
  Current step =0
  Current step =0
  Current step =0
  Current step =0
  Current step =0
  Current step =0
  Current step =0
  Current step =0
  Current step =0
  Current step =0
  Current step =0
  Current step =0
  Current step =0
  Current step =0
  Current step =0
  Current step =0
  Current step =0
  Current step =0
  Current step =0
  Current step =0
  Current step =0
  Current step =0
  Current step =0
  Current step =0
  Current step =0
  Current step =0
  Current step =0
  Current step =0
  Current step =0
  Current step =0
  Current step =0
  Current step =0
  Current step =0
  Current step =0
  Current step =0
  Current step =0
  Current step =0
  Current step =0
  Current step =0

Krylov solver
Norm of residual 3.261e-17 at 21 iterations
Wall charge lower -1.328247034567852e-02 upper  1.328247034568253e-02
Fluid charge      -1.087888459871955e-15 total  2.922792216586423e-15
  Current step =0
  Current step =0
  Current step =0
  Current step =0
  Current step =0
  Current step =0
  Current step =0
  Current step =0
  Current step =0
  Current step =0
  Current step =0
  Current step =0
  Current step =0
  Current step =0
  Current step =0
  Current step =0
  Current step =0
  Current step =0
  Current step =0
  Current step =0
  Current step =0
  Current step =0
  Current step =0
  Current step =0
  Current step =0
  Current step =0
  Current step =0
  Current step =0
  Current step =0
  Current step =0
  Current step =0
  Current step =0
  Current step =0
  Current step =0
  Current step =0
  Current step =0
  Current step =0
  Current step =0
  Current step =0
  Current step =0
  Current step =0
  Current step =0
  Current step =0
  Current step =0
  Current step =0
  Current step =0
  Current step =0
  Current step =0
  Current step =0
  Current step =0

Krylov solver
Norm of residual 3.261e-17 at 21 iterations
Wall charge lower -1.328253760576313e-02 upper  1.328253760576691e-02
Fluid charge      -1.088538981175446e-15 total  2.691423472978016e-15
  Current step =0
  Current step =0
  Current step =0
  Current step =0
  Current step =0
  Current step =0
  Current step =0
  Current step =0
  Current step =0
  Current step =0
  Current step =0
  Current step =0
  Current step =0
  Current step =0
  Current step =0
  Current step =0
  Current step =0
  Current step =0
  Current step =0
  Current step =0
  Current step =0
  Current step =0
  Current step =0
  Current step =0
  Current step =0
  Current step =0
  Current step =0
  Current step =0
  Current step =0
  Current step =0
  Current step =0
  Current step =0
  Current step =0
  Current step =0
  Current step =0
  Current step =0
  Current step =0
  Current step =0
  Current step =0
  Current step =0
  Current step =0
  Current step =0
  Current step =0
  Current step =0
  Current step =0
  Current step =0
  Current step =0
  Current step =0
  Current step =0
  Current step =0

Krylov solver
Norm of residual 3.261e-17 at 21 iterations
Wall charge lower -1.328260405713978e-02 upper  1.328260405714386e-02
Fluid charge      -1.250735626179278e-15 total  2.827599265842196e-15
  Current step =0
  Current step =0
  Current step =0
  Current step =0
  Current step =0
  Current step =0
  Current step =0
  Current step =0
  Current step =0
  Current step =0
  Current step =0
  Current step =0
  Current step =0
  Current step =0
  Current step =0
  Current step =0
  Current step =0
  Current step =0
  Current step =0
  Current step =0
  Current step =0
  Current step =0
  Current step =0
  Current step =0
  Current step =0
  Current step =0
  Current step =0
  Current step =0
  Current step =0
  Current step =0
  Current step =0
  Current step =0
  Current step =0
  Current step =0
  Current step =0
  Current step =0
  Current step =0
  Current step =0
  Current step =0
  Current step =0
  Current step =0
  Current step =0
  Current step =0
  Current step =0
  Current step =0
  Current step =0
  Current step =0
  Current step =0
  Current step =0
  Current step =0

Krylov solver
Norm of residual 3.261e-17 at 21 iterations
Wall charge lower -1.328266970953270e-02 upper  1.328266970953662e-02
Fluid charge      -1.098730481596810e-15 total  2.823479297586751e-15
  Current step =0
  Current step =0
  Current step =0
  Current step =0
  Current step =0
  Current step =0
  Current step =0
  Current step =0
  Current step =0
  Current step =0
  Current step =0
  Current step =0
  Current step =0
  Current step =0
  Current step =0
  Current step =0
  Current step =0
  Current step =0
  Current step =0
  Current step =0
  Current step =0
  Current step =0
  Current step =0
  Current step =0
  Current step =0
  Current step =0
  Current step =0
  Current step =0
  Current step =0
  Current step =0
  Current step =0
  Current step =0
  Current step =0
  Current step =0
  Current step =0
  Current step =0
  Current step =0
  Current step =0
  Current step =0
  Current step =0
  Current step =0
  Current step =0
  Current step =0
  Current step =0
  Current step =0
  Current step =0
  Current step =0
  Current step =0
  Current step =0
  Current step =0

Krylov solver
Norm of residual 3.261e-17 at 21 iterations
Wall charge lower -1.328273457254828e-02 upper  1.328273457255225e-02
Fluid charge      -1.016114276053415e-15 total  2.956402483933473e-15
  Current step =0
  Current step =0
  Current step =0
  Current step =0
  Current step =0
  Current step =0
  Current step =0
  Current step =0
  Current step =0
  Current step =0
  Current step =0
  Current step =0
  Current step =0
  Current step =0
  Current step =0
  Current step =0
  Current step =0
  Current step =0
  Current step =0
  Current step =0
  Current step =0
  Current step =0
  Current step =0
  Current step =0
  Current step =0
  Current step =0
  Current step =0
  Current step =0
  Current step =0
  Current step =0
  Current step =0
  Current step =0
  Current step =0
  Current step =0
  Current step =0
  Current step =0
  Current step =0
  Current step =0
  Current step =0
  Current step =0
  Current step =0
  Current step =0
  Current step =0
  Current step =0
  Current step =0
  Current step =0
  Current step =0
  Current step =0
  Current step =0
  Current step =0

Krylov solver
Norm of residual 3.261e-17 at 21 iterations
Wall charge lower -1.328279865567769e-02 upper  1.328279865568182e-02
Fluid charge      -1.042568809062061e-15 total  3.093011957666647e-15
  Current step =0
  Current step =0
  Current step =0
  Current step =0
  Current step =0
  Current step =0
  Current step =0
  Current step =0
  Current step =0
  Current step =0
  Current step =0
  Current step =0
  Current step =0
  Current step =0
  Current step =0
  Current step =0
  Current step =0
  Current step =0
  Current step =0
  Current step =0
  Current step =0
  Current step =0
  Current step =0
  Current step =0
  Current step =0
  Current step =0
  Current step =0
  Current step =0
  Current step =0
  Current step =0
  Current step =0
  Current step =0
  Current step =0
  Current step =0
  Current step =0
  Current step =0
  Current step =0
  Current step =0
  Current step =0
  Current step =0
  Current step =0
  Current step =0
  Current step =0
  Current step =0
  Current step =0
  Current step =0
  Current step =0
  Current step =0
  Current step =0
  Current step =0

Krylov solver
Norm of residual 3.261e-17 at 21 iterations
Wall charge lower -1.328286196829850e-02 upper  1.328286196830240e-02
Fluid charge      -1.003971211721577e-15 total  2.899156609226239e-15
  Current step =0
  Current step =0
  Current step =0
  Current step =0
  Current step =0
  Current step =0
  Current step =0
  Current step =0
  Current step =0
  Current step =0
  Current step =0
  Current step =0
  Current step =0
  Current step =0
  Current step =0
  Current step =0
  Current step =0
  Current step =0
  Current step =0
  Current step =0
  Current step =0
  Current step =0
  Current step =0
  Current step =0
  Current step =0
  Current step =0
  Current step =0
  Current step =0
  Current step =0
  Current step =0
  Current step =0
  Current step =0
  Current step =0
  Current step =0
  Current step =0
  Current step =0
  Current step =0
  Current step =0
  Current step =0
  Current step =0
  Current step =0
  Current step =0
  Current step =0
  Current step =0
  Current step =0
  Current step =0
  Current step =0
  Current step =0
  Current step =0
  Current step =0

Krylov solver
Norm of residual 3.261e-17 at 21 iterations
Wall charge lower -1.328292451967454e-02 upper  1.328292451967849e-02
Fluid charge      -1.116728237660070e-15 total  2.828032946711190e-15
  Current step =0
  Current step =0
  Current step =0
  Current step =0
  Current step =0
  Current step =0
  Current step =0
  Current step =0
  Current step =0
  Current step =0
  Current step =0
  Current step =0
  Current step =0
  Current step =0
  Current step =0
  Current step =0
  Current step =0
  Current step =0
  Current step =0
  Current step =0
  Current step =0
  Current step =0
  Current step =0
  Current step =0
  Current step =0
  Current step =0
  Current step =0
  Current step =0
  Current step =0
  Current step =0
  Current step =0
  Current step =0
  Current step =0
  Current step =0
  Current step =0
  Current step =0
  Current step =0
  Current step =0
  Current step =0
  Current step =0
  Current step =0
  Current step =0
  Current step =0
  Current step =0
  Current step =0
  Current step =0
  Current step =0
  Current step =0
  Current step =0
  Current step =0

Krylov solver
Norm of residual 3.261e-17 at 21 iterations
Wall charge lower -1.328298631895902e-02 upper  1.328298631896278e-02
Fluid charge      -9.783840404509192e-16 total  2.782496455466799e-15
  Current step =0
  Current step =0
  Current step =0
  Current step =0
  Current step =0
  Current step =0
  Current step =0
  Current step =0
  Current step =0
  Current step =0
  Current step =0
  Current step =0
  Current step =0
  Current step =0
  Current step =0
  Current step =0
  Current step =0
  Current step =0
  Current step =0
  Current step =0
  Current step =0
  Current step =0
  Current step =0
  Current step =0
  Current step =0
  Current step =0
  Current step =0
  Current step =0
  Current step =0
  Current step =0
  Current step =0
  Current step =0
  Current step =0
  Current step =0
  Current step =0
  Current step =0
  Current step =0
  Current step =0
  Current step =0
  Current step =0
  Current step =0
  Current step =0
  Current step =0
  Current step =0
  Current step =0
  Current step =0
  Current step =0
  Current step =0
  Current step =0
  Current step =0

Krylov solver
Norm of residual 3.261e-17 at 21 iterations
Wall charge lower -1.328304737519472e-02 upper  1.328304737519876e-02
Fluid charge      -1.034762553420165e-15 total  3.010612592557749e-15
  Current step =0
  Current step =0
  Current step =0
  Current step =0
  Current step =0
  Current step =0
  Current step =0
  Current step =0
  Current step =0
  Current step =0
  Current step =0
  Current step =0
  Current step =0
  Current step =0
  Current step =0
  Current step =0
  Current step =0
  Current step =0
  Current step =0
  Current step =0
  Current step =0
  Current step =0
  Current step =0
  Current step =0
  Current step =0
  Current step =0
  Current step =0
  Current step =0
  Current step =0
  Current step =0
  Current step =0
  Current step =0
  Current step =0
  Current step =0
  Current step =0
  Current step =0
  Current step =0
  Current step =0
  Current step =0
  Current step =0
  Current step =0
  Current step =0
  Current step =0
  Current step =0
  Current step =0
  Current step =0
  Current step =0
  Current step =0
  Current step =0
  Current step =0

Krylov solver
Norm of residual 3.261e-17 at 21 iterations
Wall charge lower -1.328310769731608e-02 upper  1.328310769731998e-02
Fluid charge      -1.131256546771375e-15 total  2.773605997652417e-15
  Current step =0
  Current step =0
  Current step =0
  Current step =0
  Current step =0
  Current step =0
  Current step =0
  Current step =0
  Current step =0
  Current step =0
  Current step =0
  Current step =0
  Current step =0
  Current step =0
  Current step =0
  Current step =0
  Current step =0
  Current step =0
  Current step =0
  Current step =0
  Current step =0
  Current step =0
  Current step =0
  Current step =0
  Current step =0
  Current step =0
  Current step =0
  Current step =0
  Current step =0
  Current step =0
  Current step =0
  Current step =0
  Current step =0
  Current step =0
  Current step =0
  Current step =0
  Current step =0
  Current step =0
  Current step =0
  Current step =0
  Current step =0
  Current step =0
  Current step =0
  Current step =0
  Current step =0
  Current step =0
  Current step =0
  Current step =0
  Current step =0
  Current step =0

Krylov solver
Norm of residual 3.261e-17 at 21 iterations
Wall charge lower -1.328316729414965e-02 upper  1.328316729415345e-02
Fluid charge      -8.977193988179977e-16 total  2.899590290095233e-15
  Current step =0
  Current step =0
  Current step =0
  Current step =0
  Current step =0
  Current step =0
  Current step =0
  Current step =0
  Current step =0
  Current step =0
  Current step =0
  Current step =0
  Current step =0
  Current step =0
  Current step =0
  Current step =0
  Current step =0
  Current step =0
  Current step =0
  Current step =0
  Current step =0
  Current step =0
  Current step =0
  Current step =0
  Current step =0
  Current step =0
  Current step =0
  Current step =0
  Current step =0
  Current step =0
  Current step =0
  Current step =0
  Current step =0
  Current step =0
  Current step =0
  Current step =0
  Current step =0
  Current step =0
  Current step =0
  Current step =0
  Current step =0
  Current step =0
  Current step =0
  Current step =0
  Current step =0
  Current step =0
  Current step =0
  Current step =0
  Current step =0
  Current step =0

Krylov solver
Norm of residual 3.261e-17 at 21 iterations
Wall charge lower -1.328322617441612e-02 upper  1.328322617442000e-02
Fluid charge      -9.775166787129308e-16 total  2.904794460523163e-15
  Current step =0
Writing distribution output at step 32000!
MPIIO wrote to dist-000032000.001-001
-       dist aggregated   0.569 MB in   0.004 seconds
-       dist wrote        0.569 MB in   0.001 seconds
-       dist rate         0.883 GB per second
Writing electrokinetic data at step 32000!
MPIIO wrote to psi-000032000.001-001
-        psi aggregated   0.030 MB in   0.000 seconds
-        psi wrote        0.030 MB in   0.000 seconds
-        psi rate         0.126 GB per second
MPIIO wrote to qsi-000032000.001-001
-        qsi aggregated   0.059 MB in   0.001 seconds
-        qsi wrote        0.059 MB in   0.000 seconds
-        qsi rate         0.275 GB per second
MPIIO wrote to efield-000032000.001-001
-     efield aggregated   0.087 MB in   0.001 seconds
-     efield wrote        0.087 MB in   0.000 seconds
-     efield rate         0.387 GB per second

Scalars - total mean variance min max
[rho]        1216.00  1.00000000000  0.0000000e+00  1.00000000000  1.00000000000
[psi]  6.2400000e+01  6.8098551e-18  1.0000000e-01
[rho]  1.7333335e+00  1.3265444e-03  1.4538792e-03
[rho]  1.7333335e+00  1.3265444e-03  1.4538792e-03
[elc] -9.9312919e-16 -1.2733485e-04  1.2733485e-04
[psi]  6.2400000e+01  6.8098551e-18  1.0000000e-01
[rho]  1.7333335e+00  1.3265444e-03  1.4538792e-03
[rho]  1.7333335e+00  1.3265444e-03  1.4538792e-03
[elc] -9.9312919e-16 -1.2733485e-04  1.2733485e-04

Free energy density - timestep total fluid
[fed]          32000 -2.1053477231e-02 -2.1053477235e-02

Momentum - x y z
[total   ]  0.0000000e+00  0.0000000e+00  0.0000000e+00
[fluid   ]  0.0000000e+00  0.0000000e+00  0.0000000e+00
[walls   ]  0.0000000e+00  0.0000000e+00  0.0000000e+00

Completed cycle 32000

Timer resolution: 1e-09 second

Timer statistics
             Section:       tmin       tmax      total
               Total:    321.049    321.049    321.049 321.049467 (1 call)
      Time step loop:      0.008      0.042    320.906   0.010028 (32000 calls)
       Lattice halos:      0.000      0.003     26.909   0.000420 (64000 calls)
       phi gradients:      0.000      0.000      0.002   0.000000 (32000 calls)
            -> irecv:      0.000      0.000      0.050   0.000000 (160001 calls)
             -> pack:      0.000      0.002      8.262   0.000052 (160001 calls)
            -> isend:      0.000      0.000      0.039   0.000000 (160001 calls)
          -> waitall:      0.000      0.000      0.061   0.000000 (160001 calls)
           -> unpack:      0.000      0.003      7.664   0.000048 (160001 calls)
   Force calculation:      0.000      0.002     18.810   0.000294 (64000 calls)
          phi update:      0.000      0.000      0.002   0.000000 (32000 calls)
    Poisson equation:      0.005      0.019    226.286   0.007071 (32000 calls)
       Nernst Planck:      0.001      0.032     38.137   0.001192 (32000 calls)
Diagnostics / output:      0.000      0.010      0.085   0.000003 (32000 calls)
End time: Thu Oct  1 18:35:00 2026
Ludwig finished normally.
