****************************************************************************
* hwloc 2.7.1 received invalid information from the operating system.
*
* Failed with: intersection without inclusion
* while inserting Group0 (P#8 cpuset 0x000f0000) at L1d (P#8 cpuset 0x00010006)
* coming from: linux:sysfs:cluster
*
* The following FAQ entry in the hwloc documentation may help:
*   What should I do when hwloc reports "operating system" warnings?
* Otherwise please report this error message to the hwloc user's mailing list,
* along with the files generated by the hwloc-gather-topology script.
* 
* hwloc will now ignore this invalid topology information and continue.
****************************************************************************
hwloc/linux: Ignoring PCI device with non-16bit domain.
Pass --enable-32bits-pci-domain to configure to support such devices
(warning: it would break the library ABI, don't enable unless really needed).
Welcome to: Ludwig v0.23.0 (Serial version running on 1 process)
Git commit: fc9e63d966a4686509251e56ab0332c7c7ac04c1

Start time: Thu Oct  1 17:16:42 2026

Compiler:
  name:           NVIDIA nvcc 13.3.73
  version-string: none
  options:        -ccbin=/usr/local/ompi/bin/mpicc -O0 -g -G -DADDR_SOA -DNSIMDVL=4 -arch=sm_89 -x cu -dc -Xcompiler -Wall

Note assertions via standard C assert() are on.

Target thread model: CUDA.
Default threads per block: 128; max. threads per block: 1024.

Read 38 user parameters from input

System details
--------------
System size:    4 4 78
Decomposition:  1 1 1
Local domain:   4 4 78
Periodic:       1 1 1
Halo nhalo:     3
Reorder:        true
Initialised:    1

Free energy details
-------------------

Electrokinetics (single fluid) selected

Parameters:
Electrokinetic species:     2
Boltzmann factor:           1.0000000e+05 (T =  1.0000000e-05)
Unit charge:                1.0000000e+00
Permittivity:               1.0000000e+04
Bjerrum length:             7.9577472e-01
Valency species 0:          1
Diffusivity species 0:      5.0000000e-02
Valency species 1:         -1
Diffusivity species 1:      5.0000000e-02
Solver type:                        petsc
Solver stencil points:                 27
Relative tolerance:         1.0000000e-18
Absolute tolerance:         1.0000000e-18
Max. no. of iterations:             10000
Number of multisteps:       1
Diffusive accuracy in NPE:  0.0000000e+00
Force calculation:      phi_gradmu_correction

System properties
----------------
Mean fluid density:           1.00000e+00
Shear viscosity               1.66667e-01
Bulk viscosity                1.66667e-01
Temperature                   1.00000e-05
External body force density   0.00000e+00  0.00000e+00  0.00000e+00
External E-field amplitude    0.00000e+00  0.00000e+00  0.00000e+00
External E-field frequency    0.00000e+00
External magnetic field       0.00000e+00  0.00000e+00  0.00000e+00

Lattice Boltzmann distributions
-------------------------------
Model:            d3q19 R
SIMD vector len:  4
Number of sets:   1
Halo type:        full halo
Input format:     binary
Output format:    binary
I/O grid:         1 1 1

Lattice Boltzmann collision
---------------------------
Relaxation time scheme:   M10
Hydrodynamic modes:       on
Ghost modes:              on
Isothermal fluctuations:  off
Shear relaxation time:    1.00000e+00
Bulk relaxation time:     1.00000e+00
Ghost relaxation time:    1.00000e+00
[User   ] Random number seed: 8361235

Hydrodynamics
-------------
Hydrodynamics: off

Advection scheme order:  1 (default)

Initial charge densities
------------------------
Initial conditions:         Uniform
Initial condition rho_el:  1.3888890e-03
Debye length:              5.9999998e+00

Porous Media
------------
Wall boundary links allocated:   160
Memory (total, bytes):           2560

Arranging initial charge neutrality.

[DIAG psi_electroneutral] qtot=0.0000000000000000e+00 n_near=0 n_near_global=0 vf=1216 vf_eff=1216 rho_el=1.3888889999999999e-03 rhoi=0.0000000000000000e+00 rhoi_opp=0.0000000000000000e+00 nc=0 nn=1
Initial conditions.

Scalars - total mean variance min max
[rho]        1216.00  1.00000000000  0.0000000e+00  1.00000000000  1.00000000000
[psi]  0.0000000e+00  0.0000000e+00  0.0000000e+00
[rho]  1.7333335e+00  1.3888890e-03  1.3888890e-03
[rho]  1.7333335e+00  1.3888890e-03  1.3888890e-03
[elc]  0.0000000e+00  0.0000000e+00  0.0000000e+00
[psi]  0.0000000e+00  0.0000000e+00  0.0000000e+00
[rho]  1.7333335e+00  1.3888890e-03  1.3888890e-03
[rho]  1.7333335e+00  1.3888890e-03  1.3888890e-03
[elc]  0.0000000e+00  0.0000000e+00  0.0000000e+00

Free energy density - timestep total fluid
[fed]              0 -2.1053477051e-02 -2.1053477051e-02

Momentum - x y z
[total   ]  0.0000000e+00  0.0000000e+00  0.0000000e+00
[fluid   ]  0.0000000e+00  0.0000000e+00  0.0000000e+00
[walls   ]  0.0000000e+00  0.0000000e+00  0.0000000e+00

Starting time step loop.
Per-particle csv output frequency: 1
Kappa calculado: 0.166666673333333
WARNING: could not open particle_Esub.csv for writing
WARNING: could not open particle_force.csv for writing
Using non-Ewald solver

Constant-potential walls (PETSc, Asta et al. 2019)
Wall axis:                              z
Potential lower wall:       0.0000000e+00
Potential upper wall:       1.0000000e-01
  Current step =0
Writing distribution output at step 1!
MPIIO wrote to dist-000000001.001-001
-       dist aggregated   0.569 MB in   0.004 seconds
-       dist wrote        0.569 MB in   0.001 seconds
-       dist rate         0.780 GB per second
Writing electrokinetic data at step 1!
MPIIO wrote to psi-000000001.001-001
-        psi aggregated   0.030 MB in   0.000 seconds
-        psi wrote        0.030 MB in   0.000 seconds
-        psi rate         0.138 GB per second
MPIIO wrote to qsi-000000001.001-001
-        qsi aggregated   0.059 MB in   0.001 seconds
-        qsi wrote        0.059 MB in   0.000 seconds
-        qsi rate         0.268 GB per second
MPIIO wrote to efield-000000001.001-001
-     efield aggregated   0.087 MB in   0.001 seconds
-     efield wrote        0.087 MB in   0.000 seconds
-     efield rate         0.342 GB per second
  Current step =0
  Current step =0
  Current step =0
  Current step =0
  Current step =0
  Current step =0
  Current step =0
  Current step =0
  Current step =0
  Current step =0
  Current step =0
  Current step =0
  Current step =0
  Current step =0
  Current step =0
  Current step =0
  Current step =0
  Current step =0
  Current step =0
  Current step =0
  Current step =0
  Current step =0
  Current step =0
  Current step =0
  Current step =0
  Current step =0
  Current step =0
  Current step =0
  Current step =0
  Current step =0
  Current step =0
  Current step =0
  Current step =0
  Current step =0
  Current step =0
  Current step =0
  Current step =0
  Current step =0
  Current step =0
  Current step =0
  Current step =0
  Current step =0
  Current step =0
  Current step =0
  Current step =0
  Current step =0
  Current step =0
  Current step =0
  Current step =0
  Current step =0
  Current step =0
  Current step =0
  Current step =0
  Current step =0
  Current step =0
  Current step =0
  Current step =0
  Current step =0
  Current step =0
  Current step =0
  Current step =0
  Current step =0
  Current step =0
  Current step =0
  Current step =0
  Current step =0
  Current step =0
  Current step =0
  Current step =0
  Current step =0
  Current step =0
  Current step =0
  Current step =0
  Current step =0
  Current step =0
  Current step =0
  Current step =0
  Current step =0
  Current step =0
  Current step =0
  Current step =0
  Current step =0
  Current step =0
  Current step =0
  Current step =0
  Current step =0
  Current step =0
  Current step =0
  Current step =0
  Current step =0
  Current step =0
  Current step =0
  Current step =0
  Current step =0
  Current step =0
  Current step =0
  Current step =0
  Current step =0
  Current step =0
  Current step =0
  Current step =0
  Current step =0
  Current step =0
  Current step =0
  Current step =0
  Current step =0
  Current step =0
  Current step =0
  Current step =0
  Current step =0
  Current step =0
  Current step =0
  Current step =0
  Current step =0
  Current step =0
  Current step =0
  Current step =0
  Current step =0
  Current step =0
  Current step =0
  Current step =0
  Current step =0
  Current step =0
  Current step =0
  Current step =0
  Current step =0
  Current step =0
  Current step =0
  Current step =0
  Current step =0
  Current step =0
  Current step =0
  Current step =0
  Current step =0
  Current step =0
  Current step =0
  Current step =0
  Current step =0
  Current step =0
  Current step =0
  Current step =0
  Current step =0
  Current step =0
  Current step =0
  Current step =0
  Current step =0
  Current step =0
  Current step =0
  Current step =0
  Current step =0
  Current step =0
  Current step =0
  Current step =0
  Current step =0
  Current step =0
  Current step =0
  Current step =0
  Current step =0
  Current step =0
  Current step =0
  Current step =0
  Current step =0
  Current step =0
  Current step =0
  Current step =0
  Current step =0
  Current step =0
  Current step =0
  Current step =0
  Current step =0
  Current step =0
  Current step =0
  Current step =0
  Current step =0
  Current step =0
  Current step =0
  Current step =0
  Current step =0
  Current step =0
  Current step =0
  Current step =0
  Current step =0
  Current step =0
  Current step =0
  Current step =0
  Current step =0
  Current step =0
  Current step =0
  Current step =0
  Current step =0
  Current step =0
  Current step =0
  Current step =0
  Current step =0
  Current step =0
  Current step =0
  Current step =0
  Current step =0
  Current step =0
  Current step =0
  Current step =0
  Current step =0
  Current step =0
  Current step =0
  Current step =0
  Current step =0
  Current step =0
  Current step =0
  Current step =0
  Current step =0
  Current step =0
  Current step =0
  Current step =0
  Current step =0
  Current step =0
  Current step =0
  Current step =0
  Current step =0
  Current step =0
  Current step =0
  Current step =0
  Current step =0
  Current step =0
  Current step =0
  Current step =0
  Current step =0
  Current step =0
  Current step =0
  Current step =0
  Current step =0
  Current step =0
  Current step =0
  Current step =0
  Current step =0
  Current step =0
  Current step =0
  Current step =0
  Current step =0
  Current step =0
  Current step =0
  Current step =0
  Current step =0
  Current step =0
  Current step =0
  Current step =0
  Current step =0
  Current step =0
  Current step =0
  Current step =0
  Current step =0
  Current step =0
  Current step =0
  Current step =0
  Current step =0
  Current step =0
  Current step =0
  Current step =0
  Current step =0
  Current step =0
  Current step =0
  Current step =0
  Current step =0
  Current step =0
  Current step =0
  Current step =0
  Current step =0
  Current step =0
  Current step =0
  Current step =0
  Current step =0
  Current step =0
  Current step =0
  Current step =0
  Current step =0
  Current step =0
  Current step =0
  Current step =0
  Current step =0
  Current step =0
  Current step =0
  Current step =0
  Current step =0
  Current step =0
  Current step =0
  Current step =0
  Current step =0
  Current step =0
  Current step =0
  Current step =0
  Current step =0
  Current step =0
  Current step =0
  Current step =0
  Current step =0
  Current step =0
  Current step =0
  Current step =0
  Current step =0
  Current step =0
  Current step =0
  Current step =0
  Current step =0
  Current step =0
  Current step =0
  Current step =0
  Current step =0
  Current step =0
  Current step =0
  Current step =0
  Current step =0
  Current step =0
  Current step =0
  Current step =0
  Current step =0
  Current step =0
  Current step =0
  Current step =0
  Current step =0
  Current step =0
  Current step =0
  Current step =0
  Current step =0
  Current step =0
  Current step =0
  Current step =0
  Current step =0
  Current step =0
  Current step =0
  Current step =0
  Current step =0
  Current step =0
  Current step =0
  Current step =0
  Current step =0
  Current step =0
  Current step =0
  Current step =0
  Current step =0
  Current step =0
  Current step =0
  Current step =0
  Current step =0
  Current step =0
  Current step =0
  Current step =0
  Current step =0
  Current step =0
  Current step =0
  Current step =0
  Current step =0
  Current step =0
  Current step =0
  Current step =0
  Current step =0
  Current step =0
  Current step =0
  Current step =0
  Current step =0
  Current step =0
  Current step =0
  Current step =0
  Current step =0
  Current step =0
  Current step =0
  Current step =0
  Current step =0
  Current step =0
  Current step =0
  Current step =0
  Current step =0
  Current step =0
  Current step =0
  Current step =0
  Current step =0
  Current step =0
  Current step =0
  Current step =0
  Current step =0
  Current step =0
  Current step =0
  Current step =0
  Current step =0
  Current step =0
  Current step =0
  Current step =0
  Current step =0
  Current step =0
  Current step =0
  Current step =0
  Current step =0
  Current step =0
  Current step =0
  Current step =0
  Current step =0
  Current step =0
  Current step =0
  Current step =0
  Current step =0
  Current step =0
  Current step =0
  Current step =0
  Current step =0
  Current step =0
  Current step =0
  Current step =0
  Current step =0
  Current step =0
  Current step =0
  Current step =0
  Current step =0
  Current step =0
  Current step =0
  Current step =0
  Current step =0
  Current step =0
  Current step =0
  Current step =0
  Current step =0
  Current step =0
  Current step =0
  Current step =0
  Current step =0
  Current step =0
  Current step =0
  Current step =0
  Current step =0
  Current step =0
  Current step =0
  Current step =0
  Current step =0
  Current step =0
  Current step =0
  Current step =0
  Current step =0
  Current step =0
  Current step =0
  Current step =0
  Current step =0
  Current step =0
  Current step =0
  Current step =0
  Current step =0
  Current step =0
  Current step =0
  Current step =0
  Current step =0
  Current step =0
  Current step =0
  Current step =0
  Current step =0
  Current step =0
  Current step =0
  Current step =0
  Current step =0
  Current step =0
  Current step =0
  Current step =0
  Current step =0
  Current step =0
  Current step =0
  Current step =0
  Current step =0
  Current step =0
  Current step =0
  Current step =0
  Current step =0
  Current step =0
  Current step =0
  Current step =0
  Current step =0
  Current step =0
  Current step =0
  Current step =0
  Current step =0
  Current step =0
  Current step =0
  Current step =0
  Current step =0
  Current step =0
  Current step =0
  Current step =0
  Current step =0
  Current step =0
  Current step =0
  Current step =0
  Current step =0
  Current step =0
  Current step =0
  Current step =0
  Current step =0
  Current step =0
  Current step =0
  Current step =0
  Current step =0
  Current step =0
  Current step =0
  Current step =0
  Current step =0
  Current step =0
  Current step =0
  Current step =0
  Current step =0
  Current step =0
  Current step =0
  Current step =0
  Current step =0
  Current step =0
  Current step =0
  Current step =0
  Current step =0
  Current step =0
  Current step =0
  Current step =0
  Current step =0
  Current step =0
  Current step =0
  Current step =0
  Current step =0
  Current step =0
  Current step =0
  Current step =0
  Current step =0
  Current step =0
  Current step =0
  Current step =0
  Current step =0
  Current step =0
  Current step =0
  Current step =0
  Current step =0
  Current step =0
  Current step =0
  Current step =0
  Current step =0
  Current step =0
  Current step =0
  Current step =0
  Current step =0
  Current step =0
  Current step =0
  Current step =0
  Current step =0
  Current step =0
  Current step =0
  Current step =0
  Current step =0
  Current step =0
  Current step =0
  Current step =0
  Current step =0
  Current step =0
  Current step =0
  Current step =0
  Current step =0
  Current step =0
  Current step =0
  Current step =0
  Current step =0
  Current step =0
  Current step =0
  Current step =0
  Current step =0
  Current step =0
  Current step =0
  Current step =0
  Current step =0
  Current step =0
  Current step =0
  Current step =0
  Current step =0
  Current step =0
  Current step =0
  Current step =0
  Current step =0
  Current step =0
  Current step =0
  Current step =0
  Current step =0
  Current step =0
  Current step =0
  Current step =0
  Current step =0
  Current step =0
  Current step =0
  Current step =0
  Current step =0
  Current step =0
  Current step =0
  Current step =0
  Current step =0
  Current step =0
  Current step =0
  Current step =0
  Current step =0
  Current step =0
  Current step =0
  Current step =0
  Current step =0
  Current step =0
  Current step =0
  Current step =0
  Current step =0
  Current step =0
  Current step =0
  Current step =0
  Current step =0
  Current step =0
  Current step =0
  Current step =0
  Current step =0
  Current step =0
  Current step =0
  Current step =0
  Current step =0
  Current step =0
  Current step =0
  Current step =0
  Current step =0
  Current step =0
  Current step =0
  Current step =0
  Current step =0
  Current step =0
  Current step =0
  Current step =0
  Current step =0
  Current step =0
  Current step =0
  Current step =0
  Current step =0
  Current step =0
  Current step =0
  Current step =0
  Current step =0
  Current step =0
  Current step =0
  Current step =0
  Current step =0
  Current step =0
  Current step =0
  Current step =0
  Current step =0
  Current step =0
  Current step =0
  Current step =0
  Current step =0
  Current step =0
  Current step =0
  Current step =0
  Current step =0
  Current step =0
  Current step =0
  Current step =0
  Current step =0
  Current step =0
  Current step =0
  Current step =0
  Current step =0
  Current step =0
  Current step =0
  Current step =0
  Current step =0
  Current step =0
  Current step =0
  Current step =0
  Current step =0
  Current step =0
  Current step =0
  Current step =0
  Current step =0
  Current step =0
  Current step =0
  Current step =0
  Current step =0
  Current step =0
  Current step =0
  Current step =0
  Current step =0
  Current step =0
  Current step =0
  Current step =0
  Current step =0
  Current step =0
  Current step =0
  Current step =0
  Current step =0
  Current step =0
  Current step =0
  Current step =0
  Current step =0
  Current step =0
  Current step =0
  Current step =0
  Current step =0
  Current step =0
  Current step =0
  Current step =0
  Current step =0
  Current step =0
  Current step =0
  Current step =0
  Current step =0
  Current step =0
  Current step =0
  Current step =0
  Current step =0
  Current step =0
  Current step =0
  Current step =0
  Current step =0
  Current step =0
  Current step =0
  Current step =0
  Current step =0
  Current step =0
  Current step =0
  Current step =0
  Current step =0
  Current step =0
  Current step =0
  Current step =0
  Current step =0
  Current step =0
  Current step =0
  Current step =0
  Current step =0
  Current step =0
  Current step =0
  Current step =0
  Current step =0
  Current step =0
  Current step =0
  Current step =0
  Current step =0
  Current step =0
  Current step =0
  Current step =0
  Current step =0
  Current step =0
  Current step =0
  Current step =0
  Current step =0
  Current step =0
  Current step =0
  Current step =0
  Current step =0
  Current step =0
  Current step =0
  Current step =0
  Current step =0
  Current step =0
  Current step =0
  Current step =0
  Current step =0
  Current step =0
  Current step =0
  Current step =0
  Current step =0
  Current step =0
  Current step =0
  Current step =0
  Current step =0
  Current step =0
  Current step =0
  Current step =0
  Current step =0
  Current step =0
  Current step =0
  Current step =0
  Current step =0
  Current step =0
  Current step =0
  Current step =0
  Current step =0
  Current step =0
  Current step =0
  Current step =0
  Current step =0
  Current step =0
  Current step =0
  Current step =0
  Current step =0
  Current step =0
  Current step =0
  Current step =0
  Current step =0
  Current step =0
  Current step =0
  Current step =0
  Current step =0
  Current step =0
  Current step =0
  Current step =0
  Current step =0
  Current step =0
  Current step =0
  Current step =0
  Current step =0
  Current step =0
  Current step =0
  Current step =0
  Current step =0
  Current step =0
  Current step =0
  Current step =0
  Current step =0
  Current step =0
  Current step =0
  Current step =0
  Current step =0
  Current step =0
  Current step =0
  Current step =0
  Current step =0
  Current step =0
  Current step =0
  Current step =0
  Current step =0
  Current step =0
  Current step =0
  Current step =0
  Current step =0
  Current step =0
  Current step =0
  Current step =0
  Current step =0
  Current step =0
  Current step =0
  Current step =0
  Current step =0
  Current step =0
  Current step =0
  Current step =0
  Current step =0
  Current step =0
  Current step =0
  Current step =0
  Current step =0
  Current step =0
  Current step =0
  Current step =0
  Current step =0
  Current step =0
  Current step =0
  Current step =0
  Current step =0
  Current step =0
  Current step =0
  Current step =0
  Current step =0
  Current step =0
  Current step =0
  Current step =0
  Current step =0
  Current step =0
  Current step =0
  Current step =0
  Current step =0
  Current step =0
  Current step =0
  Current step =0
  Current step =0
  Current step =0
  Current step =0
  Current step =0
  Current step =0
  Current step =0
  Current step =0
  Current step =0
  Current step =0
  Current step =0
  Current step =0
  Current step =0
  Current step =0
  Current step =0
  Current step =0
  Current step =0
  Current step =0
  Current step =0
  Current step =0
  Current step =0
  Current step =0
  Current step =0
  Current step =0
  Current step =0
  Current step =0
  Current step =0
  Current step =0
  Current step =0
  Current step =0
  Current step =0
  Current step =0
  Current step =0
  Current step =0
  Current step =0
  Current step =0
  Current step =0
  Current step =0
  Current step =0
  Current step =0
  Current step =0
  Current step =0
  Current step =0
  Current step =0
  Current step =0
  Current step =0
  Current step =0
  Current step =0
  Current step =0
  Current step =0
  Current step =0
  Current step =0
  Current step =0
  Current step =0
  Current step =0
  Current step =0
  Current step =0
  Current step =0
  Current step =0
  Current step =0
  Current step =0
  Current step =0
  Current step =0
  Current step =0
  Current step =0
  Current step =0
  Current step =0
  Current step =0
  Current step =0
  Current step =0
  Current step =0
  Current step =0
  Current step =0
  Current step =0
  Current step =0
  Current step =0
  Current step =0
  Current step =0
  Current step =0
  Current step =0
  Current step =0
  Current step =0
  Current step =0
  Current step =0
  Current step =0
  Current step =0
  Current step =0
  Current step =0
  Current step =0
  Current step =0
  Current step =0
  Current step =0
  Current step =0
  Current step =0
  Current step =0
  Current step =0
  Current step =0
  Current step =0
  Current step =0
  Current step =0
  Current step =0
  Current step =0
  Current step =0
  Current step =0
  Current step =0
  Current step =0
  Current step =0
  Current step =0
  Current step =0
  Current step =0
  Current step =0
  Current step =0
  Current step =0
  Current step =0
  Current step =0
  Current step =0
  Current step =0
  Current step =0
  Current step =0
  Current step =0
  Current step =0
  Current step =0
  Current step =0
  Current step =0
  Current step =0
  Current step =0
  Current step =0
  Current step =0
  Current step =0
  Current step =0
  Current step =0
  Current step =0
  Current step =0
  Current step =0
  Current step =0
  Current step =0
  Current step =0
  Current step =0
  Current step =0
  Current step =0
  Current step =0
  Current step =0
  Current step =0
  Current step =0
  Current step =0
  Current step =0
  Current step =0
  Current step =0
  Current step =0
  Current step =0
  Current step =0
  Current step =0
  Current step =0
  Current step =0
  Current step =0
  Current step =0
  Current step =0
  Current step =0
  Current step =0
  Current step =0
  Current step =0
  Current step =0
  Current step =0
  Current step =0
  Current step =0
  Current step =0
  Current step =0
  Current step =0
  Current step =0
  Current step =0
  Current step =0
  Current step =0
  Current step =0
  Current step =0
  Current step =0
  Current step =0
  Current step =0
  Current step =0
  Current step =0
  Current step =0
  Current step =0
  Current step =0
  Current step =0
  Current step =0
  Current step =0
  Current step =0
  Current step =0
  Current step =0
  Current step =0
  Current step =0
  Current step =0
  Current step =0
  Current step =0
  Current step =0
  Current step =0
  Current step =0
  Current step =0
  Current step =0
  Current step =0
  Current step =0
  Current step =0
  Current step =0
  Current step =0
  Current step =0
  Current step =0
  Current step =0
  Current step =0
  Current step =0
  Current step =0
  Current step =0
  Current step =0
  Current step =0
  Current step =0
  Current step =0
  Current step =0
  Current step =0
  Current step =0
  Current step =0
  Current step =0
  Current step =0
  Current step =0
  Current step =0
  Current step =0
  Current step =0
  Current step =0
  Current step =0
  Current step =0
  Current step =0
  Current step =0
  Current step =0
  Current step =0
  Current step =0
  Current step =0
  Current step =0
  Current step =0
  Current step =0
  Current step =0
  Current step =0
  Current step =0
  Current step =0
  Current step =0
  Current step =0
  Current step =0
  Current step =0
  Current step =0
  Current step =0
  Current step =0
  Current step =0
  Current step =0
  Current step =0
  Current step =0
  Current step =0
  Current step =0
  Current step =0
  Current step =0
  Current step =0
  Current step =0
  Current step =0
  Current step =0
  Current step =0
  Current step =0
  Current step =0
  Current step =0
  Current step =0
  Current step =0
  Current step =0
  Current step =0
  Current step =0
  Current step =0
  Current step =0
  Current step =0
  Current step =0
  Current step =0
  Current step =0
  Current step =0
  Current step =0
  Current step =0
  Current step =0
  Current step =0
  Current step =0
  Current step =0
  Current step =0
  Current step =0
  Current step =0
  Current step =0
  Current step =0
  Current step =0
  Current step =0
  Current step =0
  Current step =0
  Current step =0
  Current step =0
  Current step =0
  Current step =0
  Current step =0
  Current step =0
  Current step =0
  Current step =0
  Current step =0
  Current step =0
  Current step =0
  Current step =0
  Current step =0
  Current step =0
  Current step =0
  Current step =0
  Current step =0
  Current step =0
  Current step =0
  Current step =0
  Current step =0
  Current step =0
  Current step =0
  Current step =0
  Current step =0
  Current step =0
  Current step =0
  Current step =0
  Current step =0
  Current step =0
  Current step =0
  Current step =0
  Current step =0
  Current step =0
  Current step =0
  Current step =0
  Current step =0
  Current step =0
  Current step =0
  Current step =0
  Current step =0
  Current step =0
  Current step =0
  Current step =0
  Current step =0
  Current step =0
  Current step =0
  Current step =0
  Current step =0
  Current step =0
  Current step =0
  Current step =0
  Current step =0
  Current step =0
  Current step =0
  Current step =0
  Current step =0
  Current step =0
  Current step =0
  Current step =0
  Current step =0
  Current step =0
  Current step =0
  Current step =0
  Current step =0
  Current step =0
  Current step =0
  Current step =0
  Current step =0
  Current step =0
  Current step =0
  Current step =0
  Current step =0
  Current step =0
  Current step =0
  Current step =0
  Current step =0
  Current step =0
  Current step =0
  Current step =0
  Current step =0
  Current step =0
  Current step =0
  Current step =0
  Current step =0
  Current step =0
  Current step =0
  Current step =0
  Current step =0
  Current step =0
  Current step =0
  Current step =0
  Current step =0
  Current step =0
  Current step =0
  Current step =0
  Current step =0
  Current step =0
  Current step =0
  Current step =0
  Current step =0
  Current step =0
  Current step =0
  Current step =0
  Current step =0
  Current step =0
  Current step =0
  Current step =0
  Current step =0
  Current step =0
  Current step =0
  Current step =0
  Current step =0
  Current step =0
  Current step =0
  Current step =0
  Current step =0
  Current step =0
  Current step =0
  Current step =0
  Current step =0
  Current step =0
  Current step =0
  Current step =0
  Current step =0
  Current step =0
  Current step =0
  Current step =0
  Current step =0
  Current step =0
  Current step =0
  Current step =0
  Current step =0
  Current step =0
  Current step =0
  Current step =0
  Current step =0
  Current step =0
  Current step =0
  Current step =0
  Current step =0
  Current step =0
  Current step =0
  Current step =0
  Current step =0
  Current step =0
  Current step =0
  Current step =0
  Current step =0
  Current step =0
  Current step =0
  Current step =0
  Current step =0
  Current step =0
  Current step =0
  Current step =0
  Current step =0
  Current step =0
  Current step =0
  Current step =0
  Current step =0
  Current step =0
  Current step =0
  Current step =0
  Current step =0
  Current step =0
  Current step =0
  Current step =0
  Current step =0
  Current step =0
  Current step =0
  Current step =0
  Current step =0
  Current step =0
  Current step =0
  Current step =0
  Current step =0
  Current step =0
  Current step =0
  Current step =0
  Current step =0
  Current step =0
  Current step =0
  Current step =0
  Current step =0
  Current step =0
  Current step =0
  Current step =0
  Current step =0
  Current step =0
  Current step =0
  Current step =0
  Current step =0
  Current step =0
  Current step =0
  Current step =0
  Current step =0
  Current step =0
  Current step =0
  Current step =0
  Current step =0
  Current step =0
  Current step =0
  Current step =0
  Current step =0
  Current step =0
  Current step =0
  Current step =0
  Current step =0
  Current step =0
  Current step =0
  Current step =0
  Current step =0
  Current step =0
  Current step =0
  Current step =0
  Current step =0
  Current step =0
  Current step =0
  Current step =0
  Current step =0
  Current step =0
  Current step =0
  Current step =0
  Current step =0
  Current step =0
  Current step =0
  Current step =0
  Current step =0
  Current step =0
  Current step =0
  Current step =0
  Current step =0
  Current step =0
  Current step =0
  Current step =0
  Current step =0
  Current step =0
  Current step =0
  Current step =0
  Current step =0
  Current step =0
  Current step =0
  Current step =0
  Current step =0
  Current step =0
  Current step =0
  Current step =0
  Current step =0
  Current step =0
  Current step =0
  Current step =0
  Current step =0
  Current step =0
  Current step =0
  Current step =0
  Current step =0
  Current step =0
  Current step =0
  Current step =0
  Current step =0
  Current step =0
  Current step =0
  Current step =0
  Current step =0
  Current step =0
  Current step =0
  Current step =0
  Current step =0
  Current step =0
  Current step =0
  Current step =0
  Current step =0
  Current step =0
  Current step =0
  Current step =0
  Current step =0
  Current step =0
  Current step =0
  Current step =0
  Current step =0
  Current step =0
  Current step =0
  Current step =0
  Current step =0
  Current step =0
  Current step =0
  Current step =0
  Current step =0
  Current step =0
  Current step =0
  Current step =0
  Current step =0
  Current step =0
  Current step =0
  Current step =0
  Current step =0
  Current step =0
  Current step =0
  Current step =0
  Current step =0
  Current step =0
  Current step =0
  Current step =0
  Current step =0
  Current step =0
  Current step =0
  Current step =0
  Current step =0
  Current step =0
  Current step =0
  Current step =0
  Current step =0
  Current step =0
  Current step =0
  Current step =0
  Current step =0
  Current step =0
  Current step =0
  Current step =0
  Current step =0
  Current step =0
  Current step =0
  Current step =0
  Current step =0
  Current step =0
  Current step =0
  Current step =0
  Current step =0
  Current step =0
  Current step =0
  Current step =0
  Current step =0
  Current step =0
  Current step =0
  Current step =0
  Current step =0
  Current step =0
  Current step =0
  Current step =0
  Current step =0
  Current step =0
  Current step =0
  Current step =0
  Current step =0
  Current step =0
  Current step =0
  Current step =0
  Current step =0
  Current step =0
  Current step =0
  Current step =0
  Current step =0
  Current step =0
  Current step =0
  Current step =0
  Current step =0
  Current step =0
  Current step =0
  Current step =0
  Current step =0
  Current step =0
  Current step =0
  Current step =0
  Current step =0
  Current step =0
  Current step =0
  Current step =0
  Current step =0
  Current step =0
  Current step =0
  Current step =0
  Current step =0
  Current step =0
  Current step =0
  Current step =0
  Current step =0
  Current step =0
  Current step =0
  Current step =0
  Current step =0
  Current step =0
  Current step =0
  Current step =0
  Current step =0
  Current step =0
  Current step =0
  Current step =0
  Current step =0
  Current step =0
  Current step =0
  Current step =0
  Current step =0
  Current step =0
  Current step =0
  Current step =0
  Current step =0
  Current step =0
  Current step =0
  Current step =0
  Current step =0
  Current step =0
  Current step =0
  Current step =0
  Current step =0
  Current step =0
  Current step =0
  Current step =0
  Current step =0
  Current step =0
  Current step =0
  Current step =0
  Current step =0
  Current step =0
  Current step =0
  Current step =0
  Current step =0
  Current step =0
  Current step =0
  Current step =0
  Current step =0
  Current step =0
  Current step =0
  Current step =0
  Current step =0
  Current step =0
  Current step =0
  Current step =0
  Current step =0
  Current step =0
  Current step =0
  Current step =0
  Current step =0
  Current step =0
  Current step =0
  Current step =0
  Current step =0
  Current step =0
  Current step =0
  Current step =0
  Current step =0
  Current step =0
  Current step =0
  Current step =0
  Current step =0
  Current step =0
  Current step =0
  Current step =0
  Current step =0
  Current step =0
  Current step =0
  Current step =0
  Current step =0
  Current step =0
  Current step =0
  Current step =0
  Current step =0
  Current step =0
  Current step =0
  Current step =0
  Current step =0
  Current step =0
  Current step =0
  Current step =0
  Current step =0
  Current step =0
  Current step =0
  Current step =0
  Current step =0
  Current step =0
  Current step =0
  Current step =0
  Current step =0
  Current step =0
  Current step =0
  Current step =0
  Current step =0
  Current step =0
  Current step =0
  Current step =0
  Current step =0
  Current step =0
  Current step =0
  Current step =0
  Current step =0
  Current step =0
  Current step =0
  Current step =0
  Current step =0
  Current step =0
  Current step =0
  Current step =0
  Current step =0
  Current step =0
  Current step =0
  Current step =0
  Current step =0
  Current step =0
  Current step =0
  Current step =0
  Current step =0
  Current step =0
  Current step =0
  Current step =0
  Current step =0
  Current step =0
  Current step =0
  Current step =0
  Current step =0
  Current step =0
  Current step =0
  Current step =0
  Current step =0
  Current step =0
  Current step =0
  Current step =0
  Current step =0
  Current step =0
  Current step =0
  Current step =0
  Current step =0
  Current step =0
  Current step =0
  Current step =0
  Current step =0
  Current step =0
  Current step =0
  Current step =0
  Current step =0
  Current step =0
  Current step =0
  Current step =0
  Current step =0
  Current step =0
  Current step =0
  Current step =0
  Current step =0
  Current step =0
  Current step =0
  Current step =0
  Current step =0
  Current step =0
  Current step =0
  Current step =0
  Current step =0
  Current step =0
  Current step =0
  Current step =0
  Current step =0
  Current step =0
  Current step =0
  Current step =0
  Current step =0
  Current step =0
  Current step =0
  Current step =0
  Current step =0
  Current step =0
  Current step =0
  Current step =0
  Current step =0
  Current step =0
  Current step =0
  Current step =0
  Current step =0
  Current step =0
  Current step =0
  Current step =0
  Current step =0
  Current step =0
  Current step =0
  Current step =0
  Current step =0
  Current step =0
  Current step =0
  Current step =0
  Current step =0
  Current step =0
  Current step =0
  Current step =0
  Current step =0
  Current step =0
  Current step =0
  Current step =0
  Current step =0
  Current step =0
  Current step =0
  Current step =0
  Current step =0
  Current step =0
  Current step =0
  Current step =0
  Current step =0
  Current step =0
  Current step =0
  Current step =0
  Current step =0
  Current step =0
  Current step =0
  Current step =0
  Current step =0
  Current step =0
  Current step =0
  Current step =0
  Current step =0
  Current step =0
  Current step =0
  Current step =0
  Current step =0
  Current step =0
  Current step =0
  Current step =0
  Current step =0
  Current step =0
  Current step =0
  Current step =0
  Current step =0
  Current step =0
  Current step =0
  Current step =0
  Current step =0
  Current step =0
  Current step =0
  Current step =0
  Current step =0
  Current step =0
  Current step =0
  Current step =0
  Current step =0
  Current step =0
  Current step =0
  Current step =0
  Current step =0
  Current step =0
  Current step =0
  Current step =0
  Current step =0
  Current step =0
  Current step =0
  Current step =0
  Current step =0
  Current step =0
  Current step =0
  Current step =0
  Current step =0
  Current step =0
  Current step =0
  Current step =0
  Current step =0
  Current step =0
  Current step =0
  Current step =0
  Current step =0
  Current step =0
  Current step =0
  Current step =0
  Current step =0
  Current step =0
  Current step =0
  Current step =0
  Current step =0
  Current step =0
  Current step =0
  Current step =0
  Current step =0
  Current step =0
  Current step =0
  Current step =0
  Current step =0
  Current step =0
  Current step =0
  Current step =0
  Current step =0
  Current step =0
  Current step =0
  Current step =0
  Current step =0
  Current step =0
  Current step =0
  Current step =0
  Current step =0
  Current step =0
  Current step =0
  Current step =0
  Current step =0
  Current step =0
  Current step =0
  Current step =0
  Current step =0
  Current step =0
  Current step =0
  Current step =0
  Current step =0
  Current step =0
  Current step =0
  Current step =0
  Current step =0
  Current step =0
  Current step =0
  Current step =0
  Current step =0
  Current step =0
  Current step =0
  Current step =0
  Current step =0
  Current step =0
  Current step =0
  Current step =0
  Current step =0
  Current step =0
  Current step =0
  Current step =0
  Current step =0
  Current step =0
  Current step =0
  Current step =0
  Current step =0
  Current step =0
  Current step =0
  Current step =0
  Current step =0
  Current step =0
  Current step =0
  Current step =0
  Current step =0
  Current step =0
  Current step =0
  Current step =0
  Current step =0
  Current step =0
  Current step =0
  Current step =0
  Current step =0
  Current step =0
  Current step =0
  Current step =0
  Current step =0
  Current step =0
  Current step =0
  Current step =0
  Current step =0
  Current step =0
  Current step =0
  Current step =0
  Current step =0
  Current step =0
  Current step =0
  Current step =0
  Current step =0
  Current step =0
  Current step =0
  Current step =0
  Current step =0
  Current step =0
  Current step =0
  Current step =0
  Current step =0
  Current step =0
  Current step =0
  Current step =0
  Current step =0
  Current step =0
  Current step =0
  Current step =0
  Current step =0
  Current step =0
  Current step =0
  Current step =0
  Current step =0
  Current step =0
  Current step =0
  Current step =0
  Current step =0
  Current step =0
  Current step =0
  Current step =0
  Current step =0
  Current step =0
  Current step =0
  Current step =0
  Current step =0
  Current step =0
  Current step =0
  Current step =0
  Current step =0
  Current step =0
  Current step =0
  Current step =0
  Current step =0
  Current step =0
  Current step =0
  Current step =0
  Current step =0
  Current step =0
  Current step =0
  Current step =0
  Current step =0
  Current step =0
  Current step =0
  Current step =0
  Current step =0
  Current step =0
  Current step =0
  Current step =0
  Current step =0
  Current step =0
  Current step =0
  Current step =0
  Current step =0
  Current step =0
  Current step =0
  Current step =0
  Current step =0
  Current step =0
  Current step =0
  Current step =0
  Current step =0
  Current step =0
  Current step =0
  Current step =0
  Current step =0
  Current step =0
  Current step =0
  Current step =0
  Current step =0
  Current step =0
  Current step =0
  Current step =0
  Current step =0
  Current step =0
  Current step =0
  Current step =0
  Current step =0
  Current step =0
  Current step =0
  Current step =0
  Current step =0
  Current step =0
  Current step =0
  Current step =0
  Current step =0
  Current step =0
  Current step =0
  Current step =0
  Current step =0
  Current step =0
  Current step =0
  Current step =0

Krylov solver
Norm of residual 3.26081e-17 at 21 iterations
Wall charge lower -1.271679754211523e-02 upper  1.271679754211851e-02
Fluid charge      -3.376205565119861e-16 total  2.946210983512110e-15
  Current step =0
Writing distribution output at step 2000!
MPIIO wrote to dist-000002000.001-001
-       dist aggregated   0.569 MB in   0.004 seconds
-       dist wrote        0.569 MB in   0.001 seconds
-       dist rate         0.967 GB per second
Writing electrokinetic data at step 2000!
MPIIO wrote to psi-000002000.001-001
-        psi aggregated   0.030 MB in   0.000 seconds
-        psi wrote        0.030 MB in   0.000 seconds
-        psi rate         0.141 GB per second
MPIIO wrote to qsi-000002000.001-001
-        qsi aggregated   0.059 MB in   0.001 seconds
-        qsi wrote        0.059 MB in   0.000 seconds
-        qsi rate         0.301 GB per second
MPIIO wrote to efield-000002000.001-001
-     efield aggregated   0.087 MB in   0.001 seconds
-     efield wrote        0.087 MB in   0.000 seconds
-     efield rate         0.412 GB per second

Scalars - total mean variance min max
[rho]        1216.00  1.00000000000  0.0000000e+00  1.00000000000  1.00000000000
[psi]  6.2400000e+01  3.2856383e-19  1.0000000e-01
[rho]  1.7333335e+00  1.3294066e-03  1.4507266e-03
[rho]  1.7333335e+00  1.3294066e-03  1.4507266e-03
[elc] -3.6537613e-16 -1.2131998e-04  1.2131998e-04
[psi]  6.2400000e+01  3.2856383e-19  1.0000000e-01
[rho]  1.7333335e+00  1.3294066e-03  1.4507266e-03
[rho]  1.7333335e+00  1.3294066e-03  1.4507266e-03
[elc] -3.6537613e-16 -1.2131998e-04  1.2131998e-04

Free energy density - timestep total fluid
[fed]           2000 -2.1053498734e-02 -2.1053499305e-02

Momentum - x y z
[total   ]  0.0000000e+00  0.0000000e+00  0.0000000e+00
[fluid   ]  0.0000000e+00  0.0000000e+00  0.0000000e+00
[walls   ]  0.0000000e+00  0.0000000e+00  0.0000000e+00

Completed cycle 2000
  Current step =0
  Current step =0
  Current step =0
  Current step =0
  Current step =0
  Current step =0
  Current step =0
  Current step =0
  Current step =0
  Current step =0
  Current step =0
  Current step =0
  Current step =0
  Current step =0
  Current step =0
  Current step =0
  Current step =0
  Current step =0
  Current step =0
  Current step =0
  Current step =0
  Current step =0
  Current step =0
  Current step =0
  Current step =0
  Current step =0
  Current step =0
  Current step =0
  Current step =0
  Current step =0
  Current step =0
  Current step =0
  Current step =0
  Current step =0
  Current step =0
  Current step =0
  Current step =0
  Current step =0
  Current step =0
  Current step =0
  Current step =0
  Current step =0
  Current step =0
  Current step =0
  Current step =0
  Current step =0
  Current step =0
  Current step =0
  Current step =0
  Current step =0
  Current step =0
  Current step =0
  Current step =0
  Current step =0
  Current step =0
  Current step =0
  Current step =0
  Current step =0
  Current step =0
  Current step =0
  Current step =0
  Current step =0
  Current step =0
  Current step =0
  Current step =0
  Current step =0
  Current step =0
  Current step =0
  Current step =0
  Current step =0
  Current step =0
  Current step =0
  Current step =0
  Current step =0
  Current step =0
  Current step =0
  Current step =0
  Current step =0
  Current step =0
  Current step =0
  Current step =0
  Current step =0
  Current step =0
  Current step =0
  Current step =0
  Current step =0
  Current step =0
  Current step =0
  Current step =0
  Current step =0
  Current step =0
  Current step =0
  Current step =0
  Current step =0
  Current step =0
  Current step =0
  Current step =0
  Current step =0
  Current step =0
  Current step =0
  Current step =0
  Current step =0
  Current step =0
  Current step =0
  Current step =0
  Current step =0
  Current step =0
  Current step =0
  Current step =0
  Current step =0
  Current step =0
  Current step =0
  Current step =0
  Current step =0
  Current step =0
  Current step =0
  Current step =0
  Current step =0
  Current step =0
  Current step =0
  Current step =0
  Current step =0
  Current step =0
  Current step =0
  Current step =0
  Current step =0
  Current step =0
  Current step =0
  Current step =0
  Current step =0
  Current step =0
  Current step =0
  Current step =0
  Current step =0
  Current step =0
  Current step =0
  Current step =0
  Current step =0
  Current step =0
  Current step =0
  Current step =0
  Current step =0
  Current step =0
  Current step =0
  Current step =0
  Current step =0
  Current step =0
  Current step =0
  Current step =0
  Current step =0
  Current step =0
  Current step =0
  Current step =0
  Current step =0
  Current step =0
  Current step =0
  Current step =0
  Current step =0
  Current step =0
  Current step =0
  Current step =0
  Current step =0
  Current step =0
  Current step =0
  Current step =0
  Current step =0
  Current step =0
  Current step =0
  Current step =0
  Current step =0
  Current step =0
  Current step =0
  Current step =0
  Current step =0
  Current step =0
  Current step =0
  Current step =0
  Current step =0
  Current step =0
  Current step =0
  Current step =0
  Current step =0
  Current step =0
  Current step =0
  Current step =0
  Current step =0
  Current step =0
  Current step =0
  Current step =0
  Current step =0
  Current step =0
  Current step =0
  Current step =0
  Current step =0
  Current step =0
  Current step =0
  Current step =0
  Current step =0
  Current step =0
  Current step =0
  Current step =0
  Current step =0
  Current step =0
  Current step =0
  Current step =0
  Current step =0
  Current step =0
  Current step =0
  Current step =0
  Current step =0
  Current step =0
  Current step =0
  Current step =0
  Current step =0
  Current step =0
  Current step =0
  Current step =0
  Current step =0
  Current step =0
  Current step =0
  Current step =0
  Current step =0
  Current step =0
  Current step =0
  Current step =0
  Current step =0
  Current step =0
  Current step =0
  Current step =0
  Current step =0
  Current step =0
  Current step =0
  Current step =0
  Current step =0
  Current step =0
  Current step =0
  Current step =0
  Current step =0
  Current step =0
  Current step =0
  Current step =0
  Current step =0
  Current step =0
  Current step =0
  Current step =0
  Current step =0
  Current step =0
  Current step =0
  Current step =0
  Current step =0
  Current step =0
  Current step =0
  Current step =0
  Current step =0
  Current step =0
  Current step =0
  Current step =0
  Current step =0
  Current step =0
  Current step =0
  Current step =0
  Current step =0
  Current step =0
  Current step =0
  Current step =0
  Current step =0
  Current step =0
  Current step =0
  Current step =0
  Current step =0
  Current step =0
  Current step =0
  Current step =0
  Current step =0
  Current step =0
  Current step =0
  Current step =0
  Current step =0
  Current step =0
  Current step =0
  Current step =0
  Current step =0
  Current step =0
  Current step =0
  Current step =0
  Current step =0
  Current step =0
  Current step =0
  Current step =0
  Current step =0
  Current step =0
  Current step =0
  Current step =0
  Current step =0
  Current step =0
  Current step =0
  Current step =0
  Current step =0
  Current step =0
  Current step =0
  Current step =0
  Current step =0
  Current step =0
  Current step =0
  Current step =0
  Current step =0
  Current step =0
  Current step =0
  Current step =0
  Current step =0
  Current step =0
  Current step =0
  Current step =0
  Current step =0
  Current step =0
  Current step =0
  Current step =0
  Current step =0
  Current step =0
  Current step =0
  Current step =0
  Current step =0
  Current step =0
  Current step =0
  Current step =0
  Current step =0
  Current step =0
  Current step =0
  Current step =0
  Current step =0
  Current step =0
  Current step =0
  Current step =0
  Current step =0
  Current step =0
  Current step =0
  Current step =0
  Current step =0
  Current step =0
  Current step =0
  Current step =0
  Current step =0
  Current step =0
  Current step =0
  Current step =0
  Current step =0
  Current step =0
  Current step =0
  Current step =0
  Current step =0
  Current step =0
  Current step =0
  Current step =0
  Current step =0
  Current step =0
  Current step =0
  Current step =0
  Current step =0
  Current step =0
  Current step =0
  Current step =0
  Current step =0
  Current step =0
  Current step =0
  Current step =0
  Current step =0
  Current step =0
  Current step =0
  Current step =0
  Current step =0
  Current step =0
  Current step =0
  Current step =0
  Current step =0
  Current step =0
  Current step =0
  Current step =0
  Current step =0
  Current step =0
  Current step =0
  Current step =0
  Current step =0
  Current step =0
  Current step =0
  Current step =0
  Current step =0
  Current step =0
  Current step =0
  Current step =0
  Current step =0
  Current step =0
  Current step =0
  Current step =0
  Current step =0
  Current step =0
  Current step =0
  Current step =0
  Current step =0
  Current step =0
  Current step =0
  Current step =0
  Current step =0
  Current step =0
  Current step =0
  Current step =0
  Current step =0
  Current step =0
  Current step =0
  Current step =0
  Current step =0
  Current step =0
  Current step =0
  Current step =0
  Current step =0
  Current step =0
  Current step =0
  Current step =0
  Current step =0
  Current step =0
  Current step =0
  Current step =0
  Current step =0
  Current step =0
  Current step =0
  Current step =0
  Current step =0
  Current step =0
  Current step =0
  Current step =0
  Current step =0
  Current step =0
  Current step =0
  Current step =0
  Current step =0
  Current step =0
  Current step =0
  Current step =0
  Current step =0
  Current step =0
  Current step =0
  Current step =0
  Current step =0
  Current step =0
  Current step =0
  Current step =0
  Current step =0
  Current step =0
  Current step =0
  Current step =0
  Current step =0
  Current step =0
  Current step =0
  Current step =0
  Current step =0
  Current step =0
  Current step =0
  Current step =0
  Current step =0
  Current step =0
  Current step =0
  Current step =0
  Current step =0
  Current step =0
  Current step =0
  Current step =0
  Current step =0
  Current step =0
  Current step =0
  Current step =0
  Current step =0
  Current step =0
  Current step =0
  Current step =0
  Current step =0
  Current step =0
  Current step =0
  Current step =0
  Current step =0
  Current step =0
  Current step =0
  Current step =0
  Current step =0
  Current step =0
  Current step =0
  Current step =0
  Current step =0
  Current step =0
  Current step =0
  Current step =0
  Current step =0
  Current step =0
  Current step =0
  Current step =0
  Current step =0
  Current step =0
  Current step =0
  Current step =0
  Current step =0
  Current step =0
  Current step =0
  Current step =0
  Current step =0
  Current step =0
  Current step =0
  Current step =0
  Current step =0
  Current step =0
  Current step =0
  Current step =0
  Current step =0
  Current step =0
  Current step =0
  Current step =0
  Current step =0
  Current step =0
  Current step =0
  Current step =0
  Current step =0
  Current step =0
  Current step =0
  Current step =0
  Current step =0
  Current step =0
  Current step =0
  Current step =0
  Current step =0
  Current step =0
  Current step =0
  Current step =0
  Current step =0
  Current step =0
  Current step =0
  Current step =0
  Current step =0
  Current step =0
  Current step =0
  Current step =0
  Current step =0
  Current step =0
  Current step =0
  Current step =0
  Current step =0
  Current step =0
  Current step =0
  Current step =0
  Current step =0
  Current step =0
  Current step =0
  Current step =0
  Current step =0
  Current step =0
  Current step =0
  Current step =0
  Current step =0
  Current step =0
  Current step =0
  Current step =0
  Current step =0
  Current step =0
  Current step =0
  Current step =0
  Current step =0
  Current step =0
  Current step =0
  Current step =0
  Current step =0
  Current step =0
  Current step =0
  Current step =0
  Current step =0
  Current step =0
  Current step =0
  Current step =0
  Current step =0
  Current step =0
  Current step =0
  Current step =0
  Current step =0
  Current step =0
  Current step =0
  Current step =0
  Current step =0
  Current step =0
  Current step =0
  Current step =0
  Current step =0
  Current step =0
  Current step =0
  Current step =0
  Current step =0
  Current step =0
  Current step =0
  Current step =0
  Current step =0
  Current step =0
  Current step =0
  Current step =0
  Current step =0
  Current step =0
  Current step =0
  Current step =0
  Current step =0
  Current step =0
  Current step =0
  Current step =0
  Current step =0
  Current step =0
  Current step =0
  Current step =0
  Current step =0
  Current step =0
  Current step =0
  Current step =0
  Current step =0
  Current step =0
  Current step =0
  Current step =0
  Current step =0
  Current step =0
  Current step =0
  Current step =0
  Current step =0
  Current step =0
  Current step =0
  Current step =0
  Current step =0
  Current step =0
  Current step =0
  Current step =0
  Current step =0
  Current step =0
  Current step =0
  Current step =0
  Current step =0
  Current step =0
  Current step =0
  Current step =0
  Current step =0
  Current step =0
  Current step =0
  Current step =0
  Current step =0
  Current step =0
  Current step =0
  Current step =0
  Current step =0
  Current step =0
  Current step =0
  Current step =0
  Current step =0
  Current step =0
  Current step =0
  Current step =0
  Current step =0
  Current step =0
  Current step =0
  Current step =0
  Current step =0
  Current step =0
  Current step =0
  Current step =0
  Current step =0
  Current step =0
  Current step =0
  Current step =0
  Current step =0
  Current step =0
  Current step =0
  Current step =0
  Current step =0
  Current step =0
  Current step =0
  Current step =0
  Current step =0
  Current step =0
  Current step =0
  Current step =0
  Current step =0
  Current step =0
  Current step =0
  Current step =0
  Current step =0
  Current step =0
  Current step =0
  Current step =0
  Current step =0
  Current step =0
  Current step =0
  Current step =0
  Current step =0
  Current step =0
  Current step =0
  Current step =0
  Current step =0
  Current step =0
  Current step =0
  Current step =0
  Current step =0
  Current step =0
  Current step =0
  Current step =0
  Current step =0
  Current step =0
  Current step =0
  Current step =0
  Current step =0
  Current step =0
  Current step =0
  Current step =0
  Current step =0
  Current step =0
  Current step =0
  Current step =0
  Current step =0
  Current step =0
  Current step =0
  Current step =0
  Current step =0
  Current step =0
  Current step =0
  Current step =0
  Current step =0
  Current step =0
  Current step =0
  Current step =0
  Current step =0
  Current step =0
  Current step =0
  Current step =0
  Current step =0
  Current step =0
  Current step =0
  Current step =0
  Current step =0
  Current step =0
  Current step =0
  Current step =0
  Current step =0
  Current step =0
  Current step =0
  Current step =0
  Current step =0
  Current step =0
  Current step =0
  Current step =0
  Current step =0
  Current step =0
  Current step =0
  Current step =0
  Current step =0
  Current step =0
  Current step =0
  Current step =0
  Current step =0
  Current step =0
  Current step =0
  Current step =0
  Current step =0
  Current step =0
  Current step =0
  Current step =0
  Current step =0
  Current step =0
  Current step =0
  Current step =0
  Current step =0
  Current step =0
  Current step =0
  Current step =0
  Current step =0
  Current step =0
  Current step =0
  Current step =0
  Current step =0
  Current step =0
  Current step =0
  Current step =0
  Current step =0
  Current step =0
  Current step =0
  Current step =0
  Current step =0
  Current step =0
  Current step =0
  Current step =0
  Current step =0
  Current step =0
  Current step =0
  Current step =0
  Current step =0
  Current step =0
  Current step =0
  Current step =0
  Current step =0
  Current step =0
  Current step =0
  Current step =0
  Current step =0
  Current step =0
  Current step =0
  Current step =0
  Current step =0
  Current step =0
  Current step =0
  Current step =0
  Current step =0
  Current step =0
  Current step =0
  Current step =0
  Current step =0
  Current step =0
  Current step =0
  Current step =0
  Current step =0
  Current step =0
  Current step =0
  Current step =0
  Current step =0
  Current step =0
  Current step =0
  Current step =0
  Current step =0
  Current step =0
  Current step =0
  Current step =0
  Current step =0
  Current step =0
  Current step =0
  Current step =0
  Current step =0
  Current step =0
  Current step =0
  Current step =0
  Current step =0
  Current step =0
  Current step =0
  Current step =0
  Current step =0
  Current step =0
  Current step =0
  Current step =0
  Current step =0
  Current step =0
  Current step =0
  Current step =0
  Current step =0
  Current step =0
  Current step =0
  Current step =0
  Current step =0
  Current step =0
  Current step =0
  Current step =0
  Current step =0
  Current step =0
  Current step =0
  Current step =0
  Current step =0
  Current step =0
  Current step =0
  Current step =0
  Current step =0
  Current step =0
  Current step =0
  Current step =0
  Current step =0
  Current step =0
  Current step =0
  Current step =0
  Current step =0
  Current step =0
  Current step =0
  Current step =0
  Current step =0
  Current step =0
  Current step =0
  Current step =0
  Current step =0
  Current step =0
  Current step =0
  Current step =0
  Current step =0
  Current step =0
  Current step =0
  Current step =0
  Current step =0
  Current step =0
  Current step =0
  Current step =0
  Current step =0
  Current step =0
  Current step =0
  Current step =0
  Current step =0
  Current step =0
  Current step =0
  Current step =0
  Current step =0
  Current step =0
  Current step =0
  Current step =0
  Current step =0
  Current step =0
  Current step =0
  Current step =0
  Current step =0
  Current step =0
  Current step =0
  Current step =0
  Current step =0
  Current step =0
  Current step =0
  Current step =0
  Current step =0
  Current step =0
  Current step =0
  Current step =0
  Current step =0
  Current step =0
  Current step =0
  Current step =0
  Current step =0
  Current step =0
  Current step =0
  Current step =0
  Current step =0
  Current step =0
  Current step =0
  Current step =0
  Current step =0
  Current step =0
  Current step =0
  Current step =0
  Current step =0
  Current step =0
  Current step =0
  Current step =0
  Current step =0
  Current step =0
  Current step =0
  Current step =0
  Current step =0
  Current step =0
  Current step =0
  Current step =0
  Current step =0
  Current step =0
  Current step =0
  Current step =0
  Current step =0
  Current step =0
  Current step =0
  Current step =0
  Current step =0
  Current step =0
  Current step =0
  Current step =0
  Current step =0
  Current step =0
  Current step =0
  Current step =0
  Current step =0
  Current step =0
  Current step =0
  Current step =0
  Current step =0
  Current step =0
  Current step =0
  Current step =0
  Current step =0
  Current step =0
  Current step =0
  Current step =0
  Current step =0
  Current step =0
  Current step =0
  Current step =0
  Current step =0
  Current step =0
  Current step =0
  Current step =0
  Current step =0
  Current step =0
  Current step =0
  Current step =0
  Current step =0
  Current step =0
  Current step =0
  Current step =0
  Current step =0
  Current step =0
  Current step =0
  Current step =0
  Current step =0
  Current step =0
  Current step =0
  Current step =0
  Current step =0
  Current step =0
  Current step =0
  Current step =0
  Current step =0
  Current step =0
  Current step =0
  Current step =0
  Current step =0
  Current step =0
  Current step =0
  Current step =0
  Current step =0
  Current step =0
  Current step =0
  Current step =0
  Current step =0
  Current step =0
  Current step =0
  Current step =0
  Current step =0
  Current step =0
  Current step =0
  Current step =0
  Current step =0
  Current step =0
  Current step =0
  Current step =0
  Current step =0
  Current step =0
  Current step =0
  Current step =0
  Current step =0
  Current step =0
  Current step =0
  Current step =0
  Current step =0
  Current step =0
  Current step =0
  Current step =0
  Current step =0
  Current step =0
  Current step =0
  Current step =0
  Current step =0
  Current step =0
  Current step =0
  Current step =0
  Current step =0
  Current step =0
  Current step =0
  Current step =0
  Current step =0
  Current step =0
  Current step =0
  Current step =0
  Current step =0
  Current step =0
  Current step =0
  Current step =0
  Current step =0
  Current step =0
  Current step =0
  Current step =0
  Current step =0
  Current step =0
  Current step =0
  Current step =0
  Current step =0
  Current step =0
  Current step =0
  Current step =0
  Current step =0
  Current step =0
  Current step =0
  Current step =0
  Current step =0
  Current step =0
  Current step =0
  Current step =0
  Current step =0
  Current step =0
  Current step =0
  Current step =0
  Current step =0
  Current step =0
  Current step =0
  Current step =0
  Current step =0
  Current step =0
  Current step =0
  Current step =0
  Current step =0
  Current step =0
  Current step =0
  Current step =0
  Current step =0
  Current step =0
  Current step =0
  Current step =0
  Current step =0
  Current step =0
  Current step =0
  Current step =0
  Current step =0
  Current step =0
  Current step =0
  Current step =0
  Current step =0
  Current step =0
  Current step =0
  Current step =0
  Current step =0
  Current step =0
  Current step =0
  Current step =0
  Current step =0
  Current step =0
  Current step =0
  Current step =0
  Current step =0
  Current step =0
  Current step =0
  Current step =0
  Current step =0
  Current step =0
  Current step =0
  Current step =0
  Current step =0
  Current step =0
  Current step =0
  Current step =0
  Current step =0
  Current step =0
  Current step =0
  Current step =0
  Current step =0
  Current step =0
  Current step =0
  Current step =0
  Current step =0
  Current step =0
  Current step =0
  Current step =0
  Current step =0
  Current step =0
  Current step =0
  Current step =0
  Current step =0
  Current step =0
  Current step =0
  Current step =0
  Current step =0
  Current step =0
  Current step =0
  Current step =0
  Current step =0
  Current step =0
  Current step =0
  Current step =0
  Current step =0
  Current step =0
  Current step =0
  Current step =0
  Current step =0
  Current step =0
  Current step =0
  Current step =0
  Current step =0
  Current step =0
  Current step =0
  Current step =0
  Current step =0
  Current step =0
  Current step =0
  Current step =0
  Current step =0
  Current step =0
  Current step =0
  Current step =0
  Current step =0
  Current step =0
  Current step =0
  Current step =0
  Current step =0
  Current step =0
  Current step =0
  Current step =0
  Current step =0
  Current step =0
  Current step =0
  Current step =0
  Current step =0
  Current step =0
  Current step =0
  Current step =0
  Current step =0
  Current step =0
  Current step =0
  Current step =0
  Current step =0
  Current step =0
  Current step =0
  Current step =0
  Current step =0
  Current step =0
  Current step =0
  Current step =0
  Current step =0
  Current step =0
  Current step =0
  Current step =0
  Current step =0
  Current step =0
  Current step =0
  Current step =0
  Current step =0
  Current step =0
  Current step =0
  Current step =0
  Current step =0
  Current step =0
  Current step =0
  Current step =0
  Current step =0
  Current step =0
  Current step =0
  Current step =0
  Current step =0
  Current step =0
  Current step =0
  Current step =0
  Current step =0
  Current step =0
  Current step =0
  Current step =0
  Current step =0
  Current step =0
  Current step =0
  Current step =0
  Current step =0
  Current step =0
  Current step =0
  Current step =0
  Current step =0
  Current step =0
  Current step =0
  Current step =0
  Current step =0
  Current step =0
  Current step =0
  Current step =0
  Current step =0
  Current step =0
  Current step =0
  Current step =0
  Current step =0
  Current step =0
  Current step =0
  Current step =0
  Current step =0
  Current step =0
  Current step =0
  Current step =0
  Current step =0
  Current step =0
  Current step =0
  Current step =0
  Current step =0
  Current step =0
  Current step =0
  Current step =0
  Current step =0
  Current step =0
  Current step =0
  Current step =0
  Current step =0
  Current step =0
  Current step =0
  Current step =0
  Current step =0
  Current step =0
  Current step =0
  Current step =0
  Current step =0
  Current step =0
  Current step =0
  Current step =0
  Current step =0
  Current step =0
  Current step =0
  Current step =0
  Current step =0
  Current step =0
  Current step =0
  Current step =0
  Current step =0
  Current step =0
  Current step =0
  Current step =0
  Current step =0
  Current step =0
  Current step =0
  Current step =0
  Current step =0
  Current step =0
  Current step =0
  Current step =0
  Current step =0
  Current step =0
  Current step =0
  Current step =0
  Current step =0
  Current step =0
  Current step =0
  Current step =0
  Current step =0
  Current step =0
  Current step =0
  Current step =0
  Current step =0
  Current step =0
  Current step =0
  Current step =0
  Current step =0
  Current step =0
  Current step =0
  Current step =0
  Current step =0
  Current step =0
  Current step =0
  Current step =0
  Current step =0
  Current step =0
  Current step =0
  Current step =0
  Current step =0
  Current step =0
  Current step =0
  Current step =0
  Current step =0
  Current step =0
  Current step =0
  Current step =0
  Current step =0
  Current step =0
  Current step =0
  Current step =0
  Current step =0
  Current step =0
  Current step =0
  Current step =0
  Current step =0
  Current step =0
  Current step =0
  Current step =0
  Current step =0
  Current step =0
  Current step =0
  Current step =0
  Current step =0
  Current step =0
  Current step =0
  Current step =0
  Current step =0
  Current step =0
  Current step =0
  Current step =0
  Current step =0
  Current step =0
  Current step =0
  Current step =0
  Current step =0
  Current step =0
  Current step =0
  Current step =0
  Current step =0
  Current step =0
  Current step =0
  Current step =0
  Current step =0
  Current step =0
  Current step =0
  Current step =0
  Current step =0
  Current step =0
  Current step =0
  Current step =0
  Current step =0
  Current step =0
  Current step =0
  Current step =0
  Current step =0
  Current step =0
  Current step =0
  Current step =0
  Current step =0
  Current step =0
  Current step =0
  Current step =0
  Current step =0
  Current step =0
  Current step =0
  Current step =0
  Current step =0
  Current step =0
  Current step =0
  Current step =0
  Current step =0
  Current step =0
  Current step =0
  Current step =0
  Current step =0
  Current step =0
  Current step =0
  Current step =0
  Current step =0
  Current step =0
  Current step =0
  Current step =0
  Current step =0
  Current step =0
  Current step =0
  Current step =0
  Current step =0
  Current step =0
  Current step =0
  Current step =0
  Current step =0
  Current step =0
  Current step =0
  Current step =0
  Current step =0
  Current step =0
  Current step =0
  Current step =0
  Current step =0
  Current step =0
  Current step =0
  Current step =0
  Current step =0
  Current step =0
  Current step =0
  Current step =0
  Current step =0
  Current step =0
  Current step =0
  Current step =0
  Current step =0
  Current step =0
  Current step =0
  Current step =0
  Current step =0
  Current step =0
  Current step =0
  Current step =0
  Current step =0
  Current step =0
  Current step =0
  Current step =0
  Current step =0
  Current step =0
  Current step =0
  Current step =0
  Current step =0
  Current step =0
  Current step =0
  Current step =0
  Current step =0
  Current step =0
  Current step =0
  Current step =0
  Current step =0
  Current step =0
  Current step =0
  Current step =0
  Current step =0
  Current step =0
  Current step =0
  Current step =0
  Current step =0
  Current step =0
  Current step =0
  Current step =0
  Current step =0
  Current step =0
  Current step =0
  Current step =0
  Current step =0
  Current step =0
  Current step =0
  Current step =0
  Current step =0
  Current step =0
  Current step =0
  Current step =0
  Current step =0
  Current step =0
  Current step =0
  Current step =0
  Current step =0
  Current step =0
  Current step =0
  Current step =0
  Current step =0
  Current step =0
  Current step =0
  Current step =0
  Current step =0
  Current step =0
  Current step =0
  Current step =0
  Current step =0
  Current step =0
  Current step =0
  Current step =0
  Current step =0
  Current step =0
  Current step =0
  Current step =0
  Current step =0
  Current step =0
  Current step =0
  Current step =0
  Current step =0
  Current step =0
  Current step =0
  Current step =0
  Current step =0
  Current step =0
  Current step =0
  Current step =0
  Current step =0
  Current step =0
  Current step =0
  Current step =0
  Current step =0
  Current step =0
  Current step =0
  Current step =0
  Current step =0
  Current step =0
  Current step =0
  Current step =0
  Current step =0
  Current step =0
  Current step =0
  Current step =0
  Current step =0
  Current step =0
  Current step =0
  Current step =0
  Current step =0
  Current step =0
  Current step =0
  Current step =0
  Current step =0
  Current step =0
  Current step =0
  Current step =0
  Current step =0
  Current step =0
  Current step =0
  Current step =0
  Current step =0
  Current step =0
  Current step =0
  Current step =0
  Current step =0
  Current step =0
  Current step =0
  Current step =0
  Current step =0
  Current step =0
  Current step =0
  Current step =0
  Current step =0
  Current step =0
  Current step =0
  Current step =0
  Current step =0
  Current step =0
  Current step =0
  Current step =0
  Current step =0
  Current step =0
  Current step =0
  Current step =0
  Current step =0
  Current step =0
  Current step =0
  Current step =0
  Current step =0
  Current step =0
  Current step =0
  Current step =0
  Current step =0
  Current step =0
  Current step =0
  Current step =0
  Current step =0
  Current step =0
  Current step =0
  Current step =0
  Current step =0
  Current step =0
  Current step =0
  Current step =0
  Current step =0
  Current step =0
  Current step =0
  Current step =0
  Current step =0
  Current step =0
  Current step =0
  Current step =0
  Current step =0
  Current step =0
  Current step =0
  Current step =0
  Current step =0
  Current step =0
  Current step =0
  Current step =0
  Current step =0
  Current step =0
  Current step =0
  Current step =0
  Current step =0
  Current step =0
  Current step =0
  Current step =0
  Current step =0
  Current step =0
  Current step =0
  Current step =0
  Current step =0
  Current step =0
  Current step =0
  Current step =0
  Current step =0
  Current step =0
  Current step =0
  Current step =0
  Current step =0
  Current step =0
  Current step =0
  Current step =0
  Current step =0
  Current step =0
  Current step =0
  Current step =0
  Current step =0
  Current step =0
  Current step =0
  Current step =0
  Current step =0
  Current step =0
  Current step =0
  Current step =0
  Current step =0
  Current step =0
  Current step =0
  Current step =0
  Current step =0
  Current step =0
  Current step =0
  Current step =0
  Current step =0
  Current step =0
  Current step =0
  Current step =0
  Current step =0
  Current step =0
  Current step =0
  Current step =0
  Current step =0
  Current step =0
  Current step =0
  Current step =0
  Current step =0
  Current step =0
  Current step =0
  Current step =0
  Current step =0
  Current step =0
  Current step =0
  Current step =0
  Current step =0
  Current step =0
  Current step =0
  Current step =0
  Current step =0
  Current step =0
  Current step =0
  Current step =0
  Current step =0
  Current step =0
  Current step =0
  Current step =0
  Current step =0
  Current step =0
  Current step =0
  Current step =0
  Current step =0
  Current step =0
  Current step =0
  Current step =0
  Current step =0
  Current step =0
  Current step =0
  Current step =0
  Current step =0
  Current step =0
  Current step =0
  Current step =0
  Current step =0
  Current step =0
  Current step =0
  Current step =0
  Current step =0
  Current step =0
  Current step =0
  Current step =0
  Current step =0
  Current step =0
  Current step =0
  Current step =0
  Current step =0
  Current step =0
  Current step =0
  Current step =0
  Current step =0
  Current step =0
  Current step =0
  Current step =0
  Current step =0
  Current step =0
  Current step =0
  Current step =0
  Current step =0
  Current step =0
  Current step =0
  Current step =0
  Current step =0
  Current step =0
  Current step =0
  Current step =0
  Current step =0
  Current step =0
  Current step =0
  Current step =0
  Current step =0
  Current step =0
  Current step =0
  Current step =0
  Current step =0
  Current step =0
  Current step =0
  Current step =0
  Current step =0
  Current step =0
  Current step =0
  Current step =0
  Current step =0
  Current step =0
  Current step =0
  Current step =0
  Current step =0
  Current step =0
  Current step =0
  Current step =0
  Current step =0
  Current step =0
  Current step =0
  Current step =0
  Current step =0
  Current step =0
  Current step =0
  Current step =0
  Current step =0
  Current step =0
  Current step =0
  Current step =0
  Current step =0
  Current step =0
  Current step =0
  Current step =0
  Current step =0
  Current step =0
  Current step =0
  Current step =0
  Current step =0
  Current step =0
  Current step =0
  Current step =0
  Current step =0
  Current step =0
  Current step =0
  Current step =0
  Current step =0
  Current step =0
  Current step =0
  Current step =0
  Current step =0
  Current step =0
  Current step =0
  Current step =0
  Current step =0
  Current step =0
  Current step =0
  Current step =0
  Current step =0
  Current step =0
  Current step =0
  Current step =0
  Current step =0
  Current step =0
  Current step =0
  Current step =0
  Current step =0
  Current step =0
  Current step =0
  Current step =0
  Current step =0
  Current step =0
  Current step =0
  Current step =0
  Current step =0
  Current step =0
  Current step =0
  Current step =0
  Current step =0
  Current step =0
  Current step =0
  Current step =0
  Current step =0
  Current step =0
  Current step =0
  Current step =0
  Current step =0
  Current step =0
  Current step =0
  Current step =0
  Current step =0
  Current step =0
  Current step =0
  Current step =0
  Current step =0
  Current step =0
  Current step =0
  Current step =0
  Current step =0
  Current step =0
  Current step =0
  Current step =0
  Current step =0
  Current step =0
  Current step =0
  Current step =0
  Current step =0
  Current step =0
  Current step =0
  Current step =0
  Current step =0
  Current step =0
  Current step =0
  Current step =0
  Current step =0
  Current step =0
  Current step =0
  Current step =0
  Current step =0
  Current step =0
  Current step =0
  Current step =0
  Current step =0
  Current step =0
  Current step =0
  Current step =0
  Current step =0
  Current step =0
  Current step =0
  Current step =0
  Current step =0
  Current step =0
  Current step =0
  Current step =0
  Current step =0
  Current step =0
  Current step =0
  Current step =0
  Current step =0
  Current step =0
  Current step =0
  Current step =0
  Current step =0
  Current step =0
  Current step =0
  Current step =0
  Current step =0
  Current step =0
  Current step =0
  Current step =0
  Current step =0
  Current step =0
  Current step =0
  Current step =0
  Current step =0
  Current step =0
  Current step =0
  Current step =0
  Current step =0
  Current step =0
  Current step =0
  Current step =0
  Current step =0
  Current step =0
  Current step =0
  Current step =0
  Current step =0
  Current step =0
  Current step =0
  Current step =0
  Current step =0
  Current step =0
  Current step =0
  Current step =0
  Current step =0
  Current step =0
  Current step =0
  Current step =0
  Current step =0
  Current step =0
  Current step =0
  Current step =0
  Current step =0
  Current step =0
  Current step =0
  Current step =0
  Current step =0
  Current step =0
  Current step =0
  Current step =0
  Current step =0
  Current step =0
  Current step =0
  Current step =0
  Current step =0
  Current step =0
  Current step =0
  Current step =0
  Current step =0
  Current step =0
  Current step =0
  Current step =0
  Current step =0
  Current step =0
  Current step =0
  Current step =0
  Current step =0
  Current step =0
  Current step =0
  Current step =0
  Current step =0
  Current step =0
  Current step =0
  Current step =0
  Current step =0
  Current step =0
  Current step =0
  Current step =0
  Current step =0
  Current step =0
  Current step =0
  Current step =0
  Current step =0
  Current step =0
  Current step =0
  Current step =0
  Current step =0
  Current step =0
  Current step =0
  Current step =0
  Current step =0
  Current step =0
  Current step =0
  Current step =0
  Current step =0
  Current step =0
  Current step =0
  Current step =0
  Current step =0
  Current step =0
  Current step =0
  Current step =0
  Current step =0
  Current step =0
  Current step =0
  Current step =0
  Current step =0
  Current step =0

Krylov solver
Norm of residual 3.26099e-17 at 21 iterations
Wall charge lower -1.325881304500380e-02 upper  1.325881304500774e-02
Fluid charge      -9.749145934989656e-16 total  2.971581314348271e-15
  Current step =0
Writing distribution output at step 4000!
MPIIO wrote to dist-000004000.001-001
-       dist aggregated   0.569 MB in   0.004 seconds
-       dist wrote        0.569 MB in   0.001 seconds
-       dist rate         0.922 GB per second
Writing electrokinetic data at step 4000!
MPIIO wrote to psi-000004000.001-001
-        psi aggregated   0.030 MB in   0.000 seconds
-        psi wrote        0.030 MB in   0.000 seconds
-        psi rate         0.135 GB per second
MPIIO wrote to qsi-000004000.001-001
-        qsi aggregated   0.059 MB in   0.001 seconds
-        qsi wrote        0.059 MB in   0.000 seconds
-        qsi rate         0.287 GB per second
MPIIO wrote to efield-000004000.001-001
-     efield aggregated   0.087 MB in   0.001 seconds
-     efield wrote        0.087 MB in   0.000 seconds
-     efield rate         0.417 GB per second

Scalars - total mean variance min max
[rho]        1216.00  1.00000000000  0.0000000e+00  1.00000000000  1.00000000000
[psi]  6.2400000e+01  3.8730157e-19  1.0000000e-01
[rho]  1.7333335e+00  1.3266670e-03  1.4537427e-03
[rho]  1.7333335e+00  1.3266670e-03  1.4537427e-03
[elc] -9.3154651e-16 -1.2707564e-04  1.2707564e-04
[psi]  6.2400000e+01  3.8730157e-19  1.0000000e-01
[rho]  1.7333335e+00  1.3266670e-03  1.4537427e-03
[rho]  1.7333335e+00  1.3266670e-03  1.4537427e-03
[elc] -9.3154651e-16 -1.2707564e-04  1.2707564e-04

Free energy density - timestep total fluid
[fed]           4000 -2.1053478205e-02 -2.1053478235e-02

Momentum - x y z
[total   ]  0.0000000e+00  0.0000000e+00  0.0000000e+00
[fluid   ]  0.0000000e+00  0.0000000e+00  0.0000000e+00
[walls   ]  0.0000000e+00  0.0000000e+00  0.0000000e+00

Completed cycle 4000
  Current step =0
  Current step =0
  Current step =0
  Current step =0
  Current step =0
  Current step =0
  Current step =0
  Current step =0
  Current step =0
  Current step =0
  Current step =0
  Current step =0
  Current step =0
  Current step =0
  Current step =0
  Current step =0
  Current step =0
  Current step =0
  Current step =0
  Current step =0
  Current step =0
  Current step =0
  Current step =0
  Current step =0
  Current step =0
  Current step =0
  Current step =0
  Current step =0
  Current step =0
  Current step =0
  Current step =0
  Current step =0
  Current step =0
  Current step =0
  Current step =0
  Current step =0
  Current step =0
  Current step =0
  Current step =0
  Current step =0
  Current step =0
  Current step =0
  Current step =0
  Current step =0
  Current step =0
  Current step =0
  Current step =0
  Current step =0
  Current step =0
  Current step =0
  Current step =0
  Current step =0
  Current step =0
  Current step =0
  Current step =0
  Current step =0
  Current step =0
  Current step =0
  Current step =0
  Current step =0
  Current step =0
  Current step =0
  Current step =0
  Current step =0
  Current step =0
  Current step =0
  Current step =0
  Current step =0
  Current step =0
  Current step =0
  Current step =0
  Current step =0
  Current step =0
  Current step =0
  Current step =0
  Current step =0
  Current step =0
  Current step =0
  Current step =0
  Current step =0
  Current step =0
  Current step =0
  Current step =0
  Current step =0
  Current step =0
  Current step =0
  Current step =0
  Current step =0
  Current step =0
  Current step =0
  Current step =0
  Current step =0
  Current step =0
  Current step =0
  Current step =0
  Current step =0
  Current step =0
  Current step =0
  Current step =0
  Current step =0
  Current step =0
  Current step =0
  Current step =0
  Current step =0
  Current step =0
  Current step =0
  Current step =0
  Current step =0
  Current step =0
  Current step =0
  Current step =0
  Current step =0
  Current step =0
  Current step =0
  Current step =0
  Current step =0
  Current step =0
  Current step =0
  Current step =0
  Current step =0
  Current step =0
  Current step =0
  Current step =0
  Current step =0
  Current step =0
  Current step =0
  Current step =0
  Current step =0
  Current step =0
  Current step =0
  Current step =0
  Current step =0
  Current step =0
  Current step =0
  Current step =0
  Current step =0
  Current step =0
  Current step =0
  Current step =0
  Current step =0
  Current step =0
  Current step =0
  Current step =0
  Current step =0
  Current step =0
  Current step =0
  Current step =0
  Current step =0
  Current step =0
  Current step =0
  Current step =0
  Current step =0
  Current step =0
  Current step =0
  Current step =0
  Current step =0
  Current step =0
  Current step =0
  Current step =0
  Current step =0
  Current step =0
  Current step =0
  Current step =0
  Current step =0
  Current step =0
  Current step =0
  Current step =0
  Current step =0
  Current step =0
  Current step =0
  Current step =0
  Current step =0
  Current step =0
  Current step =0
  Current step =0
  Current step =0
  Current step =0
  Current step =0
  Current step =0
  Current step =0
  Current step =0
  Current step =0
  Current step =0
  Current step =0
  Current step =0
  Current step =0
  Current step =0
  Current step =0
  Current step =0
  Current step =0
  Current step =0
  Current step =0
  Current step =0
  Current step =0
  Current step =0
  Current step =0
  Current step =0
  Current step =0
  Current step =0
  Current step =0
  Current step =0
  Current step =0
  Current step =0
  Current step =0
  Current step =0
  Current step =0
  Current step =0
  Current step =0
  Current step =0
  Current step =0
  Current step =0
  Current step =0
  Current step =0
  Current step =0
  Current step =0
  Current step =0
  Current step =0
  Current step =0
  Current step =0
  Current step =0
  Current step =0
  Current step =0
  Current step =0
  Current step =0
  Current step =0
  Current step =0
  Current step =0
  Current step =0
  Current step =0
  Current step =0
  Current step =0
  Current step =0
  Current step =0
  Current step =0
  Current step =0
  Current step =0
  Current step =0
  Current step =0
  Current step =0
  Current step =0
  Current step =0
  Current step =0
  Current step =0
  Current step =0
  Current step =0
  Current step =0
  Current step =0
  Current step =0
  Current step =0
  Current step =0
  Current step =0
  Current step =0
  Current step =0
  Current step =0
  Current step =0
  Current step =0
  Current step =0
  Current step =0
  Current step =0
  Current step =0
  Current step =0
  Current step =0
  Current step =0
  Current step =0
  Current step =0
  Current step =0
  Current step =0
  Current step =0
  Current step =0
  Current step =0
  Current step =0
  Current step =0
  Current step =0
  Current step =0
  Current step =0
  Current step =0
  Current step =0
  Current step =0
  Current step =0
  Current step =0
  Current step =0
  Current step =0
  Current step =0
  Current step =0
  Current step =0
  Current step =0
  Current step =0
  Current step =0
  Current step =0
  Current step =0
  Current step =0
  Current step =0
  Current step =0
  Current step =0
  Current step =0
  Current step =0
  Current step =0
  Current step =0
  Current step =0
  Current step =0
  Current step =0
  Current step =0
  Current step =0
  Current step =0
  Current step =0
  Current step =0
  Current step =0
  Current step =0
  Current step =0
  Current step =0
  Current step =0
  Current step =0
  Current step =0
  Current step =0
  Current step =0
  Current step =0
  Current step =0
  Current step =0
  Current step =0
  Current step =0
  Current step =0
  Current step =0
  Current step =0
  Current step =0
  Current step =0
  Current step =0
  Current step =0
  Current step =0
  Current step =0
  Current step =0
  Current step =0
  Current step =0
  Current step =0
  Current step =0
  Current step =0
  Current step =0
  Current step =0
  Current step =0
  Current step =0
  Current step =0
  Current step =0
  Current step =0
  Current step =0
  Current step =0
  Current step =0
  Current step =0
  Current step =0
  Current step =0
  Current step =0
  Current step =0
  Current step =0
  Current step =0
  Current step =0
  Current step =0
  Current step =0
  Current step =0
  Current step =0
  Current step =0
  Current step =0
  Current step =0
  Current step =0
  Current step =0
  Current step =0
  Current step =0
  Current step =0
  Current step =0
  Current step =0
  Current step =0
  Current step =0
  Current step =0
  Current step =0
  Current step =0
  Current step =0
  Current step =0
  Current step =0
  Current step =0
  Current step =0
  Current step =0
  Current step =0
  Current step =0
  Current step =0
  Current step =0
  Current step =0
  Current step =0
  Current step =0
  Current step =0
  Current step =0
  Current step =0
  Current step =0
  Current step =0
  Current step =0
  Current step =0
  Current step =0
  Current step =0
  Current step =0
  Current step =0
  Current step =0
  Current step =0
  Current step =0
  Current step =0
  Current step =0
  Current step =0
  Current step =0
  Current step =0
  Current step =0
  Current step =0
  Current step =0
  Current step =0
  Current step =0
  Current step =0
  Current step =0
  Current step =0
  Current step =0
  Current step =0
  Current step =0
  Current step =0
  Current step =0
  Current step =0
  Current step =0
  Current step =0
  Current step =0
  Current step =0
  Current step =0
  Current step =0
  Current step =0
  Current step =0
  Current step =0
  Current step =0
  Current step =0
  Current step =0
  Current step =0
  Current step =0
  Current step =0
  Current step =0
  Current step =0
  Current step =0
  Current step =0
  Current step =0
  Current step =0
  Current step =0
  Current step =0
  Current step =0
  Current step =0
  Current step =0
  Current step =0
  Current step =0
  Current step =0
  Current step =0
  Current step =0
  Current step =0
  Current step =0
  Current step =0
  Current step =0
  Current step =0
  Current step =0
  Current step =0
  Current step =0
  Current step =0
  Current step =0
  Current step =0
  Current step =0
  Current step =0
  Current step =0
  Current step =0
  Current step =0
  Current step =0
  Current step =0
  Current step =0
  Current step =0
  Current step =0
  Current step =0
  Current step =0
  Current step =0
  Current step =0
  Current step =0
  Current step =0
  Current step =0
  Current step =0
  Current step =0
  Current step =0
  Current step =0
  Current step =0
  Current step =0
  Current step =0
  Current step =0
  Current step =0
  Current step =0
  Current step =0
  Current step =0
  Current step =0
  Current step =0
  Current step =0
  Current step =0
  Current step =0
  Current step =0
  Current step =0
  Current step =0
  Current step =0
  Current step =0
  Current step =0
  Current step =0
  Current step =0
  Current step =0
  Current step =0
  Current step =0
  Current step =0
  Current step =0
  Current step =0
  Current step =0
  Current step =0
  Current step =0
  Current step =0
  Current step =0
  Current step =0
  Current step =0
  Current step =0
  Current step =0
  Current step =0
  Current step =0
  Current step =0
  Current step =0
  Current step =0
  Current step =0
  Current step =0
  Current step =0
  Current step =0
  Current step =0
  Current step =0
  Current step =0
  Current step =0
  Current step =0
  Current step =0
  Current step =0
  Current step =0
  Current step =0
  Current step =0
  Current step =0
  Current step =0
  Current step =0
  Current step =0
  Current step =0
  Current step =0
  Current step =0
  Current step =0
  Current step =0
  Current step =0
  Current step =0
  Current step =0
  Current step =0
  Current step =0
  Current step =0
  Current step =0
  Current step =0
  Current step =0
  Current step =0
  Current step =0
  Current step =0
  Current step =0
  Current step =0
  Current step =0
  Current step =0
  Current step =0
  Current step =0
  Current step =0
  Current step =0
  Current step =0
  Current step =0
  Current step =0
  Current step =0
  Current step =0
  Current step =0
  Current step =0
  Current step =0
  Current step =0
  Current step =0
  Current step =0
  Current step =0
  Current step =0
  Current step =0
  Current step =0
  Current step =0
  Current step =0
  Current step =0
  Current step =0
  Current step =0
  Current step =0
  Current step =0
  Current step =0
  Current step =0
  Current step =0
  Current step =0
  Current step =0
  Current step =0
  Current step =0
  Current step =0
  Current step =0
  Current step =0
  Current step =0
  Current step =0
  Current step =0
  Current step =0
  Current step =0
  Current step =0
  Current step =0
  Current step =0
  Current step =0
  Current step =0
  Current step =0
  Current step =0
  Current step =0
  Current step =0
  Current step =0
  Current step =0
  Current step =0
  Current step =0
  Current step =0
  Current step =0
  Current step =0
  Current step =0
  Current step =0
  Current step =0
  Current step =0
  Current step =0
  Current step =0
  Current step =0
  Current step =0
  Current step =0
  Current step =0
  Current step =0
  Current step =0
  Current step =0
  Current step =0
  Current step =0
  Current step =0
  Current step =0
  Current step =0
  Current step =0
  Current step =0
  Current step =0
  Current step =0
  Current step =0
  Current step =0
  Current step =0
  Current step =0
  Current step =0
  Current step =0
  Current step =0
  Current step =0
  Current step =0
  Current step =0
  Current step =0
  Current step =0
  Current step =0
  Current step =0
  Current step =0
  Current step =0
  Current step =0
  Current step =0
  Current step =0
  Current step =0
  Current step =0
  Current step =0
  Current step =0
  Current step =0
  Current step =0
  Current step =0
  Current step =0
  Current step =0
  Current step =0
  Current step =0
  Current step =0
  Current step =0
  Current step =0
  Current step =0
  Current step =0
  Current step =0
  Current step =0
  Current step =0
  Current step =0
  Current step =0
  Current step =0
  Current step =0
  Current step =0
  Current step =0
  Current step =0
  Current step =0
  Current step =0
  Current step =0
  Current step =0
  Current step =0
  Current step =0
  Current step =0
  Current step =0
  Current step =0
  Current step =0
  Current step =0
  Current step =0
  Current step =0
  Current step =0
  Current step =0
  Current step =0
  Current step =0
  Current step =0
  Current step =0
  Current step =0
  Current step =0
  Current step =0
  Current step =0
  Current step =0
  Current step =0
  Current step =0
  Current step =0
  Current step =0
  Current step =0
  Current step =0
  Current step =0
  Current step =0
  Current step =0
  Current step =0
  Current step =0
  Current step =0
  Current step =0
  Current step =0
  Current step =0
  Current step =0
  Current step =0
  Current step =0
  Current step =0
  Current step =0
  Current step =0
  Current step =0
  Current step =0
  Current step =0
  Current step =0
  Current step =0
  Current step =0
  Current step =0
  Current step =0
  Current step =0
  Current step =0
  Current step =0
  Current step =0
  Current step =0
  Current step =0
  Current step =0
  Current step =0
  Current step =0
  Current step =0
  Current step =0
  Current step =0
  Current step =0
  Current step =0
  Current step =0
  Current step =0
  Current step =0
  Current step =0
  Current step =0
  Current step =0
  Current step =0
  Current step =0
  Current step =0
  Current step =0
  Current step =0
  Current step =0
  Current step =0
  Current step =0
  Current step =0
  Current step =0
  Current step =0
  Current step =0
  Current step =0
  Current step =0
  Current step =0
  Current step =0
  Current step =0
  Current step =0
  Current step =0
  Current step =0
  Current step =0
  Current step =0
  Current step =0
  Current step =0
  Current step =0
  Current step =0
  Current step =0
  Current step =0
  Current step =0
  Current step =0
  Current step =0
  Current step =0
  Current step =0
  Current step =0
  Current step =0
  Current step =0
  Current step =0
  Current step =0
  Current step =0
  Current step =0
  Current step =0
  Current step =0
  Current step =0
  Current step =0
  Current step =0
  Current step =0
  Current step =0
  Current step =0
  Current step =0
  Current step =0
  Current step =0
  Current step =0
  Current step =0
  Current step =0
  Current step =0
  Current step =0
  Current step =0
  Current step =0
  Current step =0
  Current step =0
  Current step =0
  Current step =0
  Current step =0
  Current step =0
  Current step =0
  Current step =0
  Current step =0
  Current step =0
  Current step =0
  Current step =0
  Current step =0
  Current step =0
  Current step =0
  Current step =0
  Current step =0
  Current step =0
  Current step =0
  Current step =0
  Current step =0
  Current step =0
  Current step =0
  Current step =0
  Current step =0
  Current step =0
  Current step =0
  Current step =0
  Current step =0
  Current step =0
  Current step =0
  Current step =0
  Current step =0
  Current step =0
  Current step =0
  Current step =0
  Current step =0
  Current step =0
  Current step =0
  Current step =0
  Current step =0
  Current step =0
  Current step =0
  Current step =0
  Current step =0
  Current step =0
  Current step =0
  Current step =0
  Current step =0
  Current step =0
  Current step =0
  Current step =0
  Current step =0
  Current step =0
  Current step =0
  Current step =0
  Current step =0
  Current step =0
  Current step =0
  Current step =0
  Current step =0
  Current step =0
  Current step =0
  Current step =0
  Current step =0
  Current step =0
  Current step =0
  Current step =0
  Current step =0
  Current step =0
  Current step =0
  Current step =0
  Current step =0
  Current step =0
  Current step =0
  Current step =0
  Current step =0
  Current step =0
  Current step =0
  Current step =0
  Current step =0
  Current step =0
  Current step =0
  Current step =0
  Current step =0
  Current step =0
  Current step =0
  Current step =0
  Current step =0
  Current step =0
  Current step =0
  Current step =0
  Current step =0
  Current step =0
  Current step =0
  Current step =0
  Current step =0
  Current step =0
  Current step =0
  Current step =0
  Current step =0
  Current step =0
  Current step =0
  Current step =0
  Current step =0
  Current step =0
  Current step =0
  Current step =0
  Current step =0
  Current step =0
  Current step =0
  Current step =0
  Current step =0
  Current step =0
  Current step =0
  Current step =0
  Current step =0
  Current step =0
  Current step =0
  Current step =0
  Current step =0
  Current step =0
  Current step =0
  Current step =0
  Current step =0
  Current step =0
  Current step =0
  Current step =0
  Current step =0
  Current step =0
  Current step =0
  Current step =0
  Current step =0
  Current step =0
  Current step =0
  Current step =0
  Current step =0
  Current step =0
  Current step =0
  Current step =0
  Current step =0
  Current step =0
  Current step =0
  Current step =0
  Current step =0
  Current step =0
  Current step =0
  Current step =0
  Current step =0
  Current step =0
  Current step =0
  Current step =0
  Current step =0
  Current step =0
  Current step =0
  Current step =0
  Current step =0
  Current step =0
  Current step =0
  Current step =0
  Current step =0
  Current step =0
  Current step =0
  Current step =0
  Current step =0
  Current step =0
  Current step =0
  Current step =0
  Current step =0
  Current step =0
  Current step =0
  Current step =0
  Current step =0
  Current step =0
  Current step =0
  Current step =0
  Current step =0
  Current step =0
  Current step =0
  Current step =0
  Current step =0
  Current step =0
  Current step =0
  Current step =0
  Current step =0
  Current step =0
  Current step =0
  Current step =0
  Current step =0
  Current step =0
  Current step =0
  Current step =0
  Current step =0
  Current step =0
  Current step =0
  Current step =0
  Current step =0
  Current step =0
  Current step =0
  Current step =0
  Current step =0
  Current step =0
  Current step =0
  Current step =0
  Current step =0
  Current step =0
  Current step =0
  Current step =0
  Current step =0
  Current step =0
  Current step =0
  Current step =0
  Current step =0
  Current step =0
  Current step =0
  Current step =0
  Current step =0
  Current step =0
  Current step =0
  Current step =0
  Current step =0
  Current step =0
  Current step =0
  Current step =0
  Current step =0
  Current step =0
  Current step =0
  Current step =0
  Current step =0
  Current step =0
  Current step =0
  Current step =0
  Current step =0
  Current step =0
  Current step =0
  Current step =0
  Current step =0
  Current step =0
  Current step =0
  Current step =0
  Current step =0
  Current step =0
  Current step =0
  Current step =0
  Current step =0
  Current step =0
  Current step =0
  Current step =0
  Current step =0
  Current step =0
  Current step =0
  Current step =0
  Current step =0
  Current step =0
  Current step =0
  Current step =0
  Current step =0
  Current step =0
  Current step =0
  Current step =0
  Current step =0
  Current step =0
  Current step =0
  Current step =0
  Current step =0
  Current step =0
  Current step =0
  Current step =0
  Current step =0
  Current step =0
  Current step =0
  Current step =0
  Current step =0
  Current step =0
  Current step =0
  Current step =0
  Current step =0
  Current step =0
  Current step =0
  Current step =0
  Current step =0
  Current step =0
  Current step =0
  Current step =0
  Current step =0
  Current step =0
  Current step =0
  Current step =0
  Current step =0
  Current step =0
  Current step =0
  Current step =0
  Current step =0
  Current step =0
  Current step =0
  Current step =0
  Current step =0
  Current step =0
  Current step =0
  Current step =0
  Current step =0
  Current step =0
  Current step =0
  Current step =0
  Current step =0
  Current step =0
  Current step =0
  Current step =0
  Current step =0
  Current step =0
  Current step =0
  Current step =0
  Current step =0
  Current step =0
  Current step =0
  Current step =0
  Current step =0
  Current step =0
  Current step =0
  Current step =0
  Current step =0
  Current step =0
  Current step =0
  Current step =0
  Current step =0
  Current step =0
  Current step =0
  Current step =0
  Current step =0
  Current step =0
  Current step =0
  Current step =0
  Current step =0
  Current step =0
  Current step =0
  Current step =0
  Current step =0
  Current step =0
  Current step =0
  Current step =0
  Current step =0
  Current step =0
  Current step =0
  Current step =0
  Current step =0
  Current step =0
  Current step =0
  Current step =0
  Current step =0
  Current step =0
  Current step =0
  Current step =0
  Current step =0
  Current step =0
  Current step =0
  Current step =0
  Current step =0
  Current step =0
  Current step =0
  Current step =0
  Current step =0
  Current step =0
  Current step =0
  Current step =0
  Current step =0
  Current step =0
  Current step =0
  Current step =0
  Current step =0
  Current step =0
  Current step =0
  Current step =0
  Current step =0
  Current step =0
  Current step =0
  Current step =0
  Current step =0
  Current step =0
  Current step =0
  Current step =0
  Current step =0
  Current step =0
  Current step =0
  Current step =0
  Current step =0
  Current step =0
  Current step =0
  Current step =0
  Current step =0
  Current step =0
  Current step =0
  Current step =0
  Current step =0
  Current step =0
  Current step =0
  Current step =0
  Current step =0
  Current step =0
  Current step =0
  Current step =0
  Current step =0
  Current step =0
  Current step =0
  Current step =0
  Current step =0
  Current step =0
  Current step =0
  Current step =0
  Current step =0
  Current step =0
  Current step =0
  Current step =0
  Current step =0
  Current step =0
  Current step =0
  Current step =0
  Current step =0
  Current step =0
  Current step =0
  Current step =0
  Current step =0
  Current step =0
  Current step =0
  Current step =0
  Current step =0
  Current step =0
  Current step =0
  Current step =0
  Current step =0
  Current step =0
  Current step =0
  Current step =0
  Current step =0
  Current step =0
  Current step =0
  Current step =0
  Current step =0
  Current step =0
  Current step =0
  Current step =0
  Current step =0
  Current step =0
  Current step =0
  Current step =0
  Current step =0
  Current step =0
  Current step =0
  Current step =0
  Current step =0
  Current step =0
  Current step =0
  Current step =0
  Current step =0
  Current step =0
  Current step =0
  Current step =0
  Current step =0
  Current step =0
  Current step =0
  Current step =0
  Current step =0
  Current step =0
  Current step =0
  Current step =0
  Current step =0
  Current step =0
  Current step =0
  Current step =0
  Current step =0
  Current step =0
  Current step =0
  Current step =0
  Current step =0
  Current step =0
  Current step =0
  Current step =0
  Current step =0
  Current step =0
  Current step =0
  Current step =0
  Current step =0
  Current step =0
  Current step =0
  Current step =0
  Current step =0
  Current step =0
  Current step =0
  Current step =0
  Current step =0
  Current step =0
  Current step =0
  Current step =0
  Current step =0
  Current step =0
  Current step =0
  Current step =0
  Current step =0
  Current step =0
  Current step =0
  Current step =0
  Current step =0
  Current step =0
  Current step =0
  Current step =0
  Current step =0
  Current step =0
  Current step =0
  Current step =0
  Current step =0
  Current step =0
  Current step =0
  Current step =0
  Current step =0
  Current step =0
  Current step =0
  Current step =0
  Current step =0
  Current step =0
  Current step =0
  Current step =0
  Current step =0
  Current step =0
  Current step =0
  Current step =0
  Current step =0
  Current step =0
  Current step =0
  Current step =0
  Current step =0
  Current step =0
  Current step =0
  Current step =0
  Current step =0
  Current step =0
  Current step =0
  Current step =0
  Current step =0
  Current step =0
  Current step =0
  Current step =0
  Current step =0
  Current step =0
  Current step =0
  Current step =0
  Current step =0
  Current step =0
  Current step =0
  Current step =0
  Current step =0
  Current step =0
  Current step =0
  Current step =0
  Current step =0
  Current step =0
  Current step =0
  Current step =0
  Current step =0
  Current step =0
  Current step =0
  Current step =0
  Current step =0
  Current step =0
  Current step =0
  Current step =0
  Current step =0
  Current step =0
  Current step =0
  Current step =0
  Current step =0
  Current step =0
  Current step =0
  Current step =0
  Current step =0
  Current step =0
  Current step =0
  Current step =0
  Current step =0
  Current step =0
  Current step =0
  Current step =0
  Current step =0
  Current step =0
  Current step =0
  Current step =0
  Current step =0
  Current step =0
  Current step =0
  Current step =0
  Current step =0
  Current step =0
  Current step =0
  Current step =0
  Current step =0
  Current step =0
  Current step =0
  Current step =0
  Current step =0
  Current step =0
  Current step =0
  Current step =0
  Current step =0
  Current step =0
  Current step =0
  Current step =0
  Current step =0
  Current step =0
  Current step =0
  Current step =0
  Current step =0
  Current step =0
  Current step =0
  Current step =0
  Current step =0
  Current step =0
  Current step =0
  Current step =0
  Current step =0
  Current step =0
  Current step =0
  Current step =0
  Current step =0
  Current step =0
  Current step =0
  Current step =0
  Current step =0
  Current step =0
  Current step =0
  Current step =0
  Current step =0
  Current step =0
  Current step =0
  Current step =0
  Current step =0
  Current step =0
  Current step =0
  Current step =0
  Current step =0
  Current step =0
  Current step =0
  Current step =0
  Current step =0
  Current step =0
  Current step =0
  Current step =0
  Current step =0
  Current step =0
  Current step =0
  Current step =0
  Current step =0
  Current step =0
  Current step =0
  Current step =0
  Current step =0
  Current step =0
  Current step =0
  Current step =0
  Current step =0
  Current step =0
  Current step =0
  Current step =0
  Current step =0
  Current step =0
  Current step =0
  Current step =0
  Current step =0
  Current step =0
  Current step =0
  Current step =0
  Current step =0
  Current step =0
  Current step =0
  Current step =0
  Current step =0
  Current step =0
  Current step =0
  Current step =0
  Current step =0
  Current step =0
  Current step =0
  Current step =0
  Current step =0
  Current step =0
  Current step =0
  Current step =0
  Current step =0
  Current step =0
  Current step =0
  Current step =0
  Current step =0
  Current step =0
  Current step =0
  Current step =0
  Current step =0
  Current step =0
  Current step =0
  Current step =0
  Current step =0
  Current step =0
  Current step =0
  Current step =0
  Current step =0
  Current step =0
  Current step =0
  Current step =0
  Current step =0
  Current step =0
  Current step =0
  Current step =0
  Current step =0
  Current step =0
  Current step =0
  Current step =0
  Current step =0
  Current step =0
  Current step =0
  Current step =0
  Current step =0
  Current step =0
  Current step =0
  Current step =0
  Current step =0
  Current step =0
  Current step =0
  Current step =0
  Current step =0
  Current step =0
  Current step =0
  Current step =0
  Current step =0
  Current step =0
  Current step =0
  Current step =0
  Current step =0
  Current step =0
  Current step =0
  Current step =0
  Current step =0
  Current step =0
  Current step =0
  Current step =0
  Current step =0
  Current step =0
  Current step =0
  Current step =0
  Current step =0
  Current step =0
  Current step =0
  Current step =0
  Current step =0
  Current step =0
  Current step =0
  Current step =0
  Current step =0
  Current step =0
  Current step =0
  Current step =0
  Current step =0
  Current step =0
  Current step =0
  Current step =0
  Current step =0
  Current step =0
  Current step =0
  Current step =0
  Current step =0
  Current step =0
  Current step =0
  Current step =0
  Current step =0
  Current step =0
  Current step =0
  Current step =0
  Current step =0
  Current step =0
  Current step =0
  Current step =0
  Current step =0
  Current step =0
  Current step =0
  Current step =0
  Current step =0
  Current step =0
  Current step =0
  Current step =0
  Current step =0
  Current step =0
  Current step =0
  Current step =0
  Current step =0
  Current step =0
  Current step =0
  Current step =0
  Current step =0
  Current step =0
  Current step =0
  Current step =0
  Current step =0
  Current step =0
  Current step =0
  Current step =0
  Current step =0
  Current step =0
  Current step =0
  Current step =0
  Current step =0
  Current step =0
  Current step =0
  Current step =0
  Current step =0
  Current step =0
  Current step =0
  Current step =0
  Current step =0
  Current step =0
  Current step =0
  Current step =0
  Current step =0
  Current step =0
  Current step =0
  Current step =0
  Current step =0
  Current step =0
  Current step =0
  Current step =0
  Current step =0
  Current step =0
  Current step =0
  Current step =0
  Current step =0
  Current step =0
  Current step =0
  Current step =0
  Current step =0
  Current step =0
  Current step =0
  Current step =0
  Current step =0
  Current step =0
  Current step =0
  Current step =0
  Current step =0
  Current step =0
  Current step =0
  Current step =0
  Current step =0
  Current step =0
  Current step =0
  Current step =0
  Current step =0
  Current step =0
  Current step =0
  Current step =0
  Current step =0
  Current step =0
  Current step =0
  Current step =0
  Current step =0
  Current step =0
  Current step =0
  Current step =0
  Current step =0
  Current step =0
  Current step =0
  Current step =0
  Current step =0
  Current step =0
  Current step =0
  Current step =0
  Current step =0
  Current step =0
  Current step =0
  Current step =0
  Current step =0
  Current step =0
  Current step =0
  Current step =0
  Current step =0
  Current step =0
  Current step =0
  Current step =0
  Current step =0
  Current step =0
  Current step =0
  Current step =0
  Current step =0
  Current step =0
  Current step =0
  Current step =0
  Current step =0
  Current step =0
  Current step =0
  Current step =0
  Current step =0
  Current step =0
  Current step =0
  Current step =0
  Current step =0
  Current step =0
  Current step =0
  Current step =0
  Current step =0
  Current step =0
  Current step =0
  Current step =0
  Current step =0
  Current step =0
  Current step =0
  Current step =0
  Current step =0
  Current step =0
  Current step =0
  Current step =0
  Current step =0
  Current step =0
  Current step =0
  Current step =0
  Current step =0
  Current step =0
  Current step =0
  Current step =0
  Current step =0
  Current step =0
  Current step =0
  Current step =0
  Current step =0
  Current step =0
  Current step =0
  Current step =0
  Current step =0
  Current step =0
  Current step =0
  Current step =0
  Current step =0
  Current step =0
  Current step =0
  Current step =0
  Current step =0
  Current step =0
  Current step =0
  Current step =0
  Current step =0
  Current step =0
  Current step =0
  Current step =0
  Current step =0
  Current step =0
  Current step =0
  Current step =0
  Current step =0
  Current step =0
  Current step =0
  Current step =0
  Current step =0
  Current step =0
  Current step =0
  Current step =0
  Current step =0
  Current step =0
  Current step =0
  Current step =0
  Current step =0
  Current step =0
  Current step =0
  Current step =0
  Current step =0
  Current step =0
  Current step =0
  Current step =0
  Current step =0
  Current step =0
  Current step =0
  Current step =0
  Current step =0
  Current step =0
  Current step =0
  Current step =0
  Current step =0
  Current step =0
  Current step =0
  Current step =0
  Current step =0
  Current step =0
  Current step =0
  Current step =0
  Current step =0
  Current step =0
  Current step =0
  Current step =0
  Current step =0
  Current step =0
  Current step =0
  Current step =0
  Current step =0
  Current step =0
  Current step =0
  Current step =0
  Current step =0
  Current step =0
  Current step =0
  Current step =0
  Current step =0
  Current step =0
  Current step =0
  Current step =0
  Current step =0
  Current step =0
  Current step =0
  Current step =0
  Current step =0
  Current step =0
  Current step =0
  Current step =0
  Current step =0
  Current step =0
  Current step =0
  Current step =0
  Current step =0
  Current step =0
  Current step =0
  Current step =0
  Current step =0
  Current step =0
  Current step =0
  Current step =0
  Current step =0
  Current step =0
  Current step =0
  Current step =0
  Current step =0
  Current step =0
  Current step =0
  Current step =0
  Current step =0
  Current step =0
  Current step =0
  Current step =0
  Current step =0
  Current step =0
  Current step =0
  Current step =0
  Current step =0
  Current step =0
  Current step =0
  Current step =0
  Current step =0
  Current step =0
  Current step =0
  Current step =0
  Current step =0
  Current step =0
  Current step =0
  Current step =0
  Current step =0
  Current step =0
  Current step =0
  Current step =0
  Current step =0
  Current step =0
  Current step =0
  Current step =0
  Current step =0
  Current step =0
  Current step =0
  Current step =0
  Current step =0
  Current step =0
  Current step =0
  Current step =0
  Current step =0
  Current step =0
  Current step =0
  Current step =0
  Current step =0
  Current step =0
  Current step =0
  Current step =0
  Current step =0
  Current step =0
  Current step =0
  Current step =0
  Current step =0
  Current step =0
  Current step =0
  Current step =0
  Current step =0
  Current step =0
  Current step =0
  Current step =0
  Current step =0
  Current step =0
  Current step =0
  Current step =0
  Current step =0
  Current step =0
  Current step =0
  Current step =0
  Current step =0
  Current step =0
  Current step =0
  Current step =0
  Current step =0
  Current step =0
  Current step =0
  Current step =0
  Current step =0
  Current step =0
  Current step =0
  Current step =0
  Current step =0
  Current step =0
  Current step =0
  Current step =0
  Current step =0
  Current step =0
  Current step =0
  Current step =0
  Current step =0
  Current step =0
  Current step =0
  Current step =0
  Current step =0
  Current step =0
  Current step =0
  Current step =0
  Current step =0
  Current step =0
  Current step =0
  Current step =0
  Current step =0
  Current step =0
  Current step =0
  Current step =0
  Current step =0
  Current step =0
  Current step =0
  Current step =0
  Current step =0
  Current step =0
  Current step =0
  Current step =0
  Current step =0
  Current step =0
  Current step =0
  Current step =0
  Current step =0
  Current step =0
  Current step =0
  Current step =0
  Current step =0
  Current step =0
  Current step =0
  Current step =0
  Current step =0
  Current step =0
  Current step =0
  Current step =0
  Current step =0
  Current step =0
  Current step =0
  Current step =0
  Current step =0
  Current step =0
  Current step =0
  Current step =0
  Current step =0
  Current step =0
  Current step =0
  Current step =0
  Current step =0
  Current step =0
  Current step =0
  Current step =0
  Current step =0
  Current step =0
  Current step =0
  Current step =0
  Current step =0
  Current step =0
  Current step =0
  Current step =0
  Current step =0
  Current step =0
  Current step =0

Krylov solver
Norm of residual 3.261e-17 at 21 iterations
Wall charge lower -1.328656637949747e-02 upper  1.328656637950162e-02
Fluid charge      -1.234255753157498e-15 total  2.906529183999140e-15
  Current step =0
Writing distribution output at step 6000!
MPIIO wrote to dist-000006000.001-001
-       dist aggregated   0.569 MB in   0.004 seconds
-       dist wrote        0.569 MB in   0.001 seconds
-       dist rate         0.940 GB per second
Writing electrokinetic data at step 6000!
MPIIO wrote to psi-000006000.001-001
-        psi aggregated   0.030 MB in   0.000 seconds
-        psi wrote        0.030 MB in   0.000 seconds
-        psi rate         0.139 GB per second
MPIIO wrote to qsi-000006000.001-001
-        qsi aggregated   0.059 MB in   0.001 seconds
-        qsi wrote        0.059 MB in   0.000 seconds
-        qsi rate         0.294 GB per second
MPIIO wrote to efield-000006000.001-001
-     efield aggregated   0.087 MB in   0.001 seconds
-     efield wrote        0.087 MB in   0.000 seconds
-     efield rate         0.407 GB per second

Scalars - total mean variance min max
[rho]        1216.00  1.00000000000  0.0000000e+00  1.00000000000  1.00000000000
[psi]  6.2400000e+01 -1.6958036e-19  1.0000000e-01
[rho]  1.7333335e+00  1.3265276e-03  1.4538980e-03
[rho]  1.7333335e+00  1.3265276e-03  1.4538980e-03
[elc] -1.3212088e-15 -1.2737039e-04  1.2737039e-04
[psi]  6.2400000e+01 -1.6958036e-19  1.0000000e-01
[rho]  1.7333335e+00  1.3265276e-03  1.4538980e-03
[rho]  1.7333335e+00  1.3265276e-03  1.4538980e-03
[elc] -1.3212088e-15 -1.2737039e-04  1.2737039e-04

Free energy density - timestep total fluid
[fed]           6000 -2.1053477097e-02 -2.1053477098e-02

Momentum - x y z
[total   ]  0.0000000e+00  0.0000000e+00  0.0000000e+00
[fluid   ]  0.0000000e+00  0.0000000e+00  0.0000000e+00
[walls   ]  0.0000000e+00  0.0000000e+00  0.0000000e+00

Completed cycle 6000
  Current step =0
  Current step =0
  Current step =0
  Current step =0
  Current step =0
  Current step =0
  Current step =0
  Current step =0
  Current step =0
  Current step =0
  Current step =0
  Current step =0
  Current step =0
  Current step =0
  Current step =0
  Current step =0
  Current step =0
  Current step =0
  Current step =0
  Current step =0
  Current step =0
  Current step =0
  Current step =0
  Current step =0
  Current step =0
  Current step =0
  Current step =0
  Current step =0
  Current step =0
  Current step =0
  Current step =0
  Current step =0
  Current step =0
  Current step =0
  Current step =0
  Current step =0
  Current step =0
  Current step =0
  Current step =0
  Current step =0
  Current step =0
  Current step =0
  Current step =0
  Current step =0
  Current step =0
  Current step =0
  Current step =0
  Current step =0
  Current step =0
  Current step =0
  Current step =0
  Current step =0
  Current step =0
  Current step =0
  Current step =0
  Current step =0
  Current step =0
  Current step =0
  Current step =0
  Current step =0
  Current step =0
  Current step =0
  Current step =0
  Current step =0
  Current step =0
  Current step =0
  Current step =0
  Current step =0
  Current step =0
  Current step =0
  Current step =0
  Current step =0
  Current step =0
  Current step =0
  Current step =0
  Current step =0
  Current step =0
  Current step =0
  Current step =0
  Current step =0
  Current step =0
  Current step =0
  Current step =0
  Current step =0
  Current step =0
  Current step =0
  Current step =0
  Current step =0
  Current step =0
  Current step =0
  Current step =0
  Current step =0
  Current step =0
  Current step =0
  Current step =0
  Current step =0
  Current step =0
  Current step =0
  Current step =0
  Current step =0
  Current step =0
  Current step =0
  Current step =0
  Current step =0
  Current step =0
  Current step =0
  Current step =0
  Current step =0
  Current step =0
  Current step =0
  Current step =0
  Current step =0
  Current step =0
  Current step =0
  Current step =0
  Current step =0
  Current step =0
  Current step =0
  Current step =0
  Current step =0
  Current step =0
  Current step =0
  Current step =0
  Current step =0
  Current step =0
  Current step =0
  Current step =0
  Current step =0
  Current step =0
  Current step =0
  Current step =0
  Current step =0
  Current step =0
  Current step =0
  Current step =0
  Current step =0
  Current step =0
  Current step =0
  Current step =0
  Current step =0
  Current step =0
  Current step =0
  Current step =0
  Current step =0
  Current step =0
  Current step =0
  Current step =0
  Current step =0
  Current step =0
  Current step =0
  Current step =0
  Current step =0
  Current step =0
  Current step =0
  Current step =0
  Current step =0
  Current step =0
  Current step =0
  Current step =0
  Current step =0
  Current step =0
  Current step =0
  Current step =0
  Current step =0
  Current step =0
  Current step =0
  Current step =0
  Current step =0
  Current step =0
  Current step =0
  Current step =0
  Current step =0
  Current step =0
  Current step =0
  Current step =0
  Current step =0
  Current step =0
  Current step =0
  Current step =0
  Current step =0
  Current step =0
  Current step =0
  Current step =0
  Current step =0
  Current step =0
  Current step =0
  Current step =0
  Current step =0
  Current step =0
  Current step =0
  Current step =0
  Current step =0
  Current step =0
  Current step =0
  Current step =0
  Current step =0
  Current step =0
  Current step =0
  Current step =0
  Current step =0
  Current step =0
  Current step =0
  Current step =0
  Current step =0
  Current step =0
  Current step =0
  Current step =0
  Current step =0
  Current step =0
  Current step =0
  Current step =0
  Current step =0
  Current step =0
  Current step =0
  Current step =0
  Current step =0
  Current step =0
  Current step =0
  Current step =0
  Current step =0
  Current step =0
  Current step =0
  Current step =0
  Current step =0
  Current step =0
  Current step =0
  Current step =0
  Current step =0
  Current step =0
  Current step =0
  Current step =0
  Current step =0
  Current step =0
  Current step =0
  Current step =0
  Current step =0
  Current step =0
  Current step =0
  Current step =0
  Current step =0
  Current step =0
  Current step =0
  Current step =0
  Current step =0
  Current step =0
  Current step =0
  Current step =0
  Current step =0
  Current step =0
  Current step =0
  Current step =0
  Current step =0
  Current step =0
  Current step =0
  Current step =0
  Current step =0
  Current step =0
  Current step =0
  Current step =0
  Current step =0
  Current step =0
  Current step =0
  Current step =0
  Current step =0
  Current step =0
  Current step =0
  Current step =0
  Current step =0
  Current step =0
  Current step =0
  Current step =0
  Current step =0
  Current step =0
  Current step =0
  Current step =0
  Current step =0
  Current step =0
  Current step =0
  Current step =0
  Current step =0
  Current step =0
  Current step =0
  Current step =0
  Current step =0
  Current step =0
  Current step =0
  Current step =0
  Current step =0
  Current step =0
  Current step =0
  Current step =0
  Current step =0
  Current step =0
  Current step =0
  Current step =0
  Current step =0
  Current step =0
  Current step =0
  Current step =0
  Current step =0
  Current step =0
  Current step =0
  Current step =0
  Current step =0
  Current step =0
  Current step =0
  Current step =0
  Current step =0
  Current step =0
  Current step =0
  Current step =0
  Current step =0
  Current step =0
  Current step =0
  Current step =0
  Current step =0
  Current step =0
  Current step =0
  Current step =0
  Current step =0
  Current step =0
  Current step =0
  Current step =0
  Current step =0
  Current step =0
  Current step =0
  Current step =0
  Current step =0
  Current step =0
  Current step =0
  Current step =0
  Current step =0
  Current step =0
  Current step =0
  Current step =0
  Current step =0
  Current step =0
  Current step =0
  Current step =0
  Current step =0
  Current step =0
  Current step =0
  Current step =0
  Current step =0
  Current step =0
  Current step =0
  Current step =0
  Current step =0
  Current step =0
  Current step =0
  Current step =0
  Current step =0
  Current step =0
  Current step =0
  Current step =0
  Current step =0
  Current step =0
  Current step =0
  Current step =0
  Current step =0
  Current step =0
  Current step =0
  Current step =0
  Current step =0
  Current step =0
  Current step =0
  Current step =0
  Current step =0
  Current step =0
  Current step =0
  Current step =0
  Current step =0
  Current step =0
  Current step =0
  Current step =0
  Current step =0
  Current step =0
  Current step =0
  Current step =0
  Current step =0
  Current step =0
  Current step =0
  Current step =0
  Current step =0
  Current step =0
  Current step =0
  Current step =0
  Current step =0
  Current step =0
  Current step =0
  Current step =0
  Current step =0
  Current step =0
  Current step =0
  Current step =0
  Current step =0
  Current step =0
  Current step =0
  Current step =0
  Current step =0
  Current step =0
  Current step =0
  Current step =0
  Current step =0
  Current step =0
  Current step =0
  Current step =0
  Current step =0
  Current step =0
  Current step =0
  Current step =0
  Current step =0
  Current step =0
  Current step =0
  Current step =0
  Current step =0
  Current step =0
  Current step =0
  Current step =0
  Current step =0
  Current step =0
  Current step =0
  Current step =0
  Current step =0
  Current step =0
  Current step =0
  Current step =0
  Current step =0
  Current step =0
  Current step =0
  Current step =0
  Current step =0
  Current step =0
  Current step =0
  Current step =0
  Current step =0
  Current step =0
  Current step =0
  Current step =0
  Current step =0
  Current step =0
  Current step =0
  Current step =0
  Current step =0
  Current step =0
  Current step =0
  Current step =0
  Current step =0
  Current step =0
  Current step =0
  Current step =0
  Current step =0
  Current step =0
  Current step =0
  Current step =0
  Current step =0
  Current step =0
  Current step =0
  Current step =0
  Current step =0
  Current step =0
  Current step =0
  Current step =0
  Current step =0
  Current step =0
  Current step =0
  Current step =0
  Current step =0
  Current step =0
  Current step =0
  Current step =0
  Current step =0
  Current step =0
  Current step =0
  Current step =0
  Current step =0
  Current step =0
  Current step =0
  Current step =0
  Current step =0
  Current step =0
  Current step =0
  Current step =0
  Current step =0
  Current step =0
  Current step =0
  Current step =0
  Current step =0
  Current step =0
  Current step =0
  Current step =0
  Current step =0
  Current step =0
  Current step =0
  Current step =0
  Current step =0
  Current step =0
  Current step =0
  Current step =0
  Current step =0
  Current step =0
  Current step =0
  Current step =0
  Current step =0
  Current step =0
  Current step =0
  Current step =0
  Current step =0
  Current step =0
  Current step =0
  Current step =0
  Current step =0
  Current step =0
  Current step =0
  Current step =0
  Current step =0
  Current step =0
  Current step =0
  Current step =0
  Current step =0
  Current step =0
  Current step =0
  Current step =0
  Current step =0
  Current step =0
  Current step =0
  Current step =0
  Current step =0
  Current step =0
  Current step =0
  Current step =0
  Current step =0
  Current step =0
  Current step =0
  Current step =0
  Current step =0
  Current step =0
  Current step =0
  Current step =0
  Current step =0
  Current step =0
  Current step =0
  Current step =0
  Current step =0
  Current step =0
  Current step =0
  Current step =0
  Current step =0
  Current step =0
  Current step =0
  Current step =0
  Current step =0
  Current step =0
  Current step =0
  Current step =0
  Current step =0
  Current step =0
  Current step =0
  Current step =0
  Current step =0
  Current step =0
  Current step =0
  Current step =0
  Current step =0
  Current step =0
  Current step =0
  Current step =0
  Current step =0
  Current step =0
  Current step =0
  Current step =0
  Current step =0
  Current step =0
  Current step =0
  Current step =0
  Current step =0
  Current step =0
  Current step =0
  Current step =0
  Current step =0
  Current step =0
  Current step =0
  Current step =0
  Current step =0
  Current step =0
  Current step =0
  Current step =0
  Current step =0
  Current step =0
  Current step =0
  Current step =0
  Current step =0
  Current step =0
  Current step =0
  Current step =0
  Current step =0
  Current step =0
  Current step =0
  Current step =0
  Current step =0
  Current step =0
  Current step =0
  Current step =0
  Current step =0
  Current step =0
  Current step =0
  Current step =0
  Current step =0
  Current step =0
  Current step =0
  Current step =0
  Current step =0
  Current step =0
  Current step =0
  Current step =0
  Current step =0
  Current step =0
  Current step =0
  Current step =0
  Current step =0
  Current step =0
  Current step =0
  Current step =0
  Current step =0
  Current step =0
  Current step =0
  Current step =0
  Current step =0
  Current step =0
  Current step =0
  Current step =0
  Current step =0
  Current step =0
  Current step =0
  Current step =0
  Current step =0
  Current step =0
  Current step =0
  Current step =0
  Current step =0
  Current step =0
  Current step =0
  Current step =0
  Current step =0
  Current step =0
  Current step =0
  Current step =0
  Current step =0
  Current step =0
  Current step =0
  Current step =0
  Current step =0
  Current step =0
  Current step =0
  Current step =0
  Current step =0
  Current step =0
  Current step =0
  Current step =0
  Current step =0
  Current step =0
  Current step =0
  Current step =0
  Current step =0
  Current step =0
  Current step =0
  Current step =0
  Current step =0
  Current step =0
  Current step =0
  Current step =0
  Current step =0
  Current step =0
  Current step =0
  Current step =0
  Current step =0
  Current step =0
  Current step =0
  Current step =0
  Current step =0
  Current step =0
  Current step =0
  Current step =0
  Current step =0
  Current step =0
  Current step =0
  Current step =0
  Current step =0
  Current step =0
  Current step =0
  Current step =0
  Current step =0
  Current step =0
  Current step =0
  Current step =0
  Current step =0
  Current step =0
  Current step =0
  Current step =0
  Current step =0
  Current step =0
  Current step =0
  Current step =0
  Current step =0
  Current step =0
  Current step =0
  Current step =0
  Current step =0
  Current step =0
  Current step =0
  Current step =0
  Current step =0
  Current step =0
  Current step =0
  Current step =0
  Current step =0
  Current step =0
  Current step =0
  Current step =0
  Current step =0
  Current step =0
  Current step =0
  Current step =0
  Current step =0
  Current step =0
  Current step =0
  Current step =0
  Current step =0
  Current step =0
  Current step =0
  Current step =0
  Current step =0
  Current step =0
  Current step =0
  Current step =0
  Current step =0
  Current step =0
  Current step =0
  Current step =0
  Current step =0
  Current step =0
  Current step =0
  Current step =0
  Current step =0
  Current step =0
  Current step =0
  Current step =0
  Current step =0
  Current step =0
  Current step =0
  Current step =0
  Current step =0
  Current step =0
  Current step =0
  Current step =0
  Current step =0
  Current step =0
  Current step =0
  Current step =0
  Current step =0
  Current step =0
  Current step =0
  Current step =0
  Current step =0
  Current step =0
  Current step =0
  Current step =0
  Current step =0
  Current step =0
  Current step =0
  Current step =0
  Current step =0
  Current step =0
  Current step =0
  Current step =0
  Current step =0
  Current step =0
  Current step =0
  Current step =0
  Current step =0
  Current step =0
  Current step =0
  Current step =0
  Current step =0
  Current step =0
  Current step =0
  Current step =0
  Current step =0
  Current step =0
  Current step =0
  Current step =0
  Current step =0
  Current step =0
  Current step =0
  Current step =0
  Current step =0
  Current step =0
  Current step =0
  Current step =0
  Current step =0
  Current step =0
  Current step =0
  Current step =0
  Current step =0
  Current step =0
  Current step =0
  Current step =0
  Current step =0
  Current step =0
  Current step =0
  Current step =0
  Current step =0
  Current step =0
  Current step =0
  Current step =0
  Current step =0
  Current step =0
  Current step =0
  Current step =0
  Current step =0
  Current step =0
  Current step =0
  Current step =0
  Current step =0
  Current step =0
  Current step =0
  Current step =0
  Current step =0
  Current step =0
  Current step =0
  Current step =0
  Current step =0
  Current step =0
  Current step =0
  Current step =0
  Current step =0
  Current step =0
  Current step =0
  Current step =0
  Current step =0
  Current step =0
  Current step =0
  Current step =0
  Current step =0
  Current step =0
  Current step =0
  Current step =0
  Current step =0
  Current step =0
  Current step =0
  Current step =0
  Current step =0
  Current step =0
  Current step =0
  Current step =0
  Current step =0
  Current step =0
  Current step =0
  Current step =0
  Current step =0
  Current step =0
  Current step =0
  Current step =0
  Current step =0
  Current step =0
  Current step =0
  Current step =0
  Current step =0
  Current step =0
  Current step =0
  Current step =0
  Current step =0
  Current step =0
  Current step =0
  Current step =0
  Current step =0
  Current step =0
  Current step =0
  Current step =0
  Current step =0
  Current step =0
  Current step =0
  Current step =0
  Current step =0
  Current step =0
  Current step =0
  Current step =0
  Current step =0
  Current step =0
  Current step =0
  Current step =0
  Current step =0
  Current step =0
  Current step =0
  Current step =0
  Current step =0
  Current step =0
  Current step =0
  Current step =0
  Current step =0
  Current step =0
  Current step =0
  Current step =0
  Current step =0
  Current step =0
  Current step =0
  Current step =0
  Current step =0
  Current step =0
  Current step =0
  Current step =0
  Current step =0
  Current step =0
  Current step =0
  Current step =0
  Current step =0
  Current step =0
  Current step =0
  Current step =0
  Current step =0
  Current step =0
  Current step =0
  Current step =0
  Current step =0
  Current step =0
  Current step =0
  Current step =0
  Current step =0
  Current step =0
  Current step =0
  Current step =0
  Current step =0
  Current step =0
  Current step =0
  Current step =0
  Current step =0
  Current step =0
  Current step =0
  Current step =0
  Current step =0
  Current step =0
  Current step =0
  Current step =0
  Current step =0
  Current step =0
  Current step =0
  Current step =0
  Current step =0
  Current step =0
  Current step =0
  Current step =0
  Current step =0
  Current step =0
  Current step =0
  Current step =0
  Current step =0
  Current step =0
  Current step =0
  Current step =0
  Current step =0
  Current step =0
  Current step =0
  Current step =0
  Current step =0
  Current step =0
  Current step =0
  Current step =0
  Current step =0
  Current step =0
  Current step =0
  Current step =0
  Current step =0
  Current step =0
  Current step =0
  Current step =0
  Current step =0
  Current step =0
  Current step =0
  Current step =0
  Current step =0
  Current step =0
  Current step =0
  Current step =0
  Current step =0
  Current step =0
  Current step =0
  Current step =0
  Current step =0
  Current step =0
  Current step =0
  Current step =0
  Current step =0
  Current step =0
  Current step =0
  Current step =0
  Current step =0
  Current step =0
  Current step =0
  Current step =0
  Current step =0
  Current step =0
  Current step =0
  Current step =0
  Current step =0
  Current step =0
  Current step =0
  Current step =0
  Current step =0
  Current step =0
  Current step =0
  Current step =0
  Current step =0
  Current step =0
  Current step =0
  Current step =0
  Current step =0
  Current step =0
  Current step =0
  Current step =0
  Current step =0
  Current step =0
  Current step =0
  Current step =0
  Current step =0
  Current step =0
  Current step =0
  Current step =0
  Current step =0
  Current step =0
  Current step =0
  Current step =0
  Current step =0
  Current step =0
  Current step =0
  Current step =0
  Current step =0
  Current step =0
  Current step =0
  Current step =0
  Current step =0
  Current step =0
  Current step =0
  Current step =0
  Current step =0
  Current step =0
  Current step =0
  Current step =0
  Current step =0
  Current step =0
  Current step =0
  Current step =0
  Current step =0
  Current step =0
  Current step =0
  Current step =0
  Current step =0
  Current step =0
  Current step =0
  Current step =0
  Current step =0
  Current step =0
  Current step =0
  Current step =0
  Current step =0
  Current step =0
  Current step =0
  Current step =0
  Current step =0
  Current step =0
  Current step =0
  Current step =0
  Current step =0
  Current step =0
  Current step =0
  Current step =0
  Current step =0
  Current step =0
  Current step =0
  Current step =0
  Current step =0
  Current step =0
  Current step =0
  Current step =0
  Current step =0
  Current step =0
  Current step =0
  Current step =0
  Current step =0
  Current step =0
  Current step =0
  Current step =0
  Current step =0
  Current step =0
  Current step =0
  Current step =0
  Current step =0
  Current step =0
  Current step =0
  Current step =0
  Current step =0
  Current step =0
  Current step =0
  Current step =0
  Current step =0
  Current step =0
  Current step =0
  Current step =0
  Current step =0
  Current step =0
  Current step =0
  Current step =0
  Current step =0
  Current step =0
  Current step =0
  Current step =0
  Current step =0
  Current step =0
  Current step =0
  Current step =0
  Current step =0
  Current step =0
  Current step =0
  Current step =0
  Current step =0
  Current step =0
  Current step =0
  Current step =0
  Current step =0
  Current step =0
  Current step =0
  Current step =0
  Current step =0
  Current step =0
  Current step =0
  Current step =0
  Current step =0
  Current step =0
  Current step =0
  Current step =0
  Current step =0
  Current step =0
  Current step =0
  Current step =0
  Current step =0
  Current step =0
  Current step =0
  Current step =0
  Current step =0
  Current step =0
  Current step =0
  Current step =0
  Current step =0
  Current step =0
  Current step =0
  Current step =0
  Current step =0
  Current step =0
  Current step =0
  Current step =0
  Current step =0
  Current step =0
  Current step =0
  Current step =0
  Current step =0
  Current step =0
  Current step =0
  Current step =0
  Current step =0
  Current step =0
  Current step =0
  Current step =0
  Current step =0
  Current step =0
  Current step =0
  Current step =0
  Current step =0
  Current step =0
  Current step =0
  Current step =0
  Current step =0
  Current step =0
  Current step =0
  Current step =0
  Current step =0
  Current step =0
  Current step =0
  Current step =0
  Current step =0
  Current step =0
  Current step =0
  Current step =0
  Current step =0
  Current step =0
  Current step =0
  Current step =0
  Current step =0
  Current step =0
  Current step =0
  Current step =0
  Current step =0
  Current step =0
  Current step =0
  Current step =0
  Current step =0
  Current step =0
  Current step =0
  Current step =0
  Current step =0
  Current step =0
  Current step =0
  Current step =0
  Current step =0
  Current step =0
  Current step =0
  Current step =0
  Current step =0
  Current step =0
  Current step =0
  Current step =0
  Current step =0
  Current step =0
  Current step =0
  Current step =0
  Current step =0
  Current step =0
  Current step =0
  Current step =0
  Current step =0
  Current step =0
  Current step =0
  Current step =0
  Current step =0
  Current step =0
  Current step =0
  Current step =0
  Current step =0
  Current step =0
  Current step =0
  Current step =0
  Current step =0
  Current step =0
  Current step =0
  Current step =0
  Current step =0
  Current step =0
  Current step =0
  Current step =0
  Current step =0
  Current step =0
  Current step =0
  Current step =0
  Current step =0
  Current step =0
  Current step =0
  Current step =0
  Current step =0
  Current step =0
  Current step =0
  Current step =0
  Current step =0
  Current step =0
  Current step =0
  Current step =0
  Current step =0
  Current step =0
  Current step =0
  Current step =0
  Current step =0
  Current step =0
  Current step =0
  Current step =0
  Current step =0
  Current step =0
  Current step =0
  Current step =0
  Current step =0
  Current step =0
  Current step =0
  Current step =0
  Current step =0
  Current step =0
  Current step =0
  Current step =0
  Current step =0
  Current step =0
  Current step =0
  Current step =0
  Current step =0
  Current step =0
  Current step =0
  Current step =0
  Current step =0
  Current step =0
  Current step =0
  Current step =0
  Current step =0
  Current step =0
  Current step =0
  Current step =0
  Current step =0
  Current step =0
  Current step =0
  Current step =0
  Current step =0
  Current step =0
  Current step =0
  Current step =0
  Current step =0
  Current step =0
  Current step =0
  Current step =0
  Current step =0
  Current step =0
  Current step =0
  Current step =0
  Current step =0
  Current step =0
  Current step =0
  Current step =0
  Current step =0
  Current step =0
  Current step =0
  Current step =0
  Current step =0
  Current step =0
  Current step =0
  Current step =0
  Current step =0
  Current step =0
  Current step =0
  Current step =0
  Current step =0
  Current step =0
  Current step =0
  Current step =0
  Current step =0
  Current step =0
  Current step =0
  Current step =0
  Current step =0
  Current step =0
  Current step =0
  Current step =0
  Current step =0
  Current step =0
  Current step =0
  Current step =0
  Current step =0
  Current step =0
  Current step =0
  Current step =0
  Current step =0
  Current step =0
  Current step =0
  Current step =0
  Current step =0
  Current step =0
  Current step =0
  Current step =0
  Current step =0
  Current step =0
  Current step =0
  Current step =0
  Current step =0
  Current step =0
  Current step =0
  Current step =0
  Current step =0
  Current step =0
  Current step =0
  Current step =0
  Current step =0
  Current step =0
  Current step =0
  Current step =0
  Current step =0
  Current step =0
  Current step =0
  Current step =0
  Current step =0
  Current step =0
  Current step =0
  Current step =0
  Current step =0
  Current step =0
  Current step =0
  Current step =0
  Current step =0
  Current step =0
  Current step =0
  Current step =0
  Current step =0
  Current step =0
  Current step =0
  Current step =0
  Current step =0
  Current step =0
  Current step =0
  Current step =0
  Current step =0
  Current step =0
  Current step =0
  Current step =0
  Current step =0
  Current step =0
  Current step =0
  Current step =0
  Current step =0
  Current step =0
  Current step =0
  Current step =0
  Current step =0
  Current step =0
  Current step =0
  Current step =0
  Current step =0
  Current step =0
  Current step =0
  Current step =0
  Current step =0
  Current step =0
  Current step =0
  Current step =0
  Current step =0
  Current step =0
  Current step =0
  Current step =0
  Current step =0
  Current step =0
  Current step =0
  Current step =0
  Current step =0
  Current step =0
  Current step =0
  Current step =0
  Current step =0
  Current step =0
  Current step =0
  Current step =0
  Current step =0
  Current step =0
  Current step =0
  Current step =0
  Current step =0
  Current step =0
  Current step =0
  Current step =0
  Current step =0
  Current step =0
  Current step =0
  Current step =0
  Current step =0
  Current step =0
  Current step =0
  Current step =0
  Current step =0
  Current step =0
  Current step =0
  Current step =0
  Current step =0
  Current step =0
  Current step =0
  Current step =0
  Current step =0
  Current step =0
  Current step =0
  Current step =0
  Current step =0
  Current step =0
  Current step =0
  Current step =0
  Current step =0
  Current step =0
  Current step =0
  Current step =0
  Current step =0
  Current step =0
  Current step =0
  Current step =0
  Current step =0
  Current step =0
  Current step =0
  Current step =0
  Current step =0
  Current step =0
  Current step =0
  Current step =0
  Current step =0
  Current step =0
  Current step =0
  Current step =0
  Current step =0
  Current step =0
  Current step =0
  Current step =0
  Current step =0
  Current step =0
  Current step =0
  Current step =0
  Current step =0
  Current step =0
  Current step =0
  Current step =0
  Current step =0
  Current step =0
  Current step =0
  Current step =0
  Current step =0
  Current step =0
  Current step =0
  Current step =0
  Current step =0
  Current step =0
  Current step =0
  Current step =0
  Current step =0
  Current step =0
  Current step =0
  Current step =0
  Current step =0
  Current step =0
  Current step =0
  Current step =0
  Current step =0
  Current step =0
  Current step =0
  Current step =0
  Current step =0
  Current step =0
  Current step =0
  Current step =0
  Current step =0
  Current step =0
  Current step =0
  Current step =0
  Current step =0
  Current step =0
  Current step =0
  Current step =0
  Current step =0
  Current step =0
  Current step =0
  Current step =0
  Current step =0
  Current step =0
  Current step =0
  Current step =0
  Current step =0
  Current step =0
  Current step =0
  Current step =0
  Current step =0
  Current step =0
  Current step =0
  Current step =0
  Current step =0
  Current step =0
  Current step =0
  Current step =0
  Current step =0
  Current step =0
  Current step =0
  Current step =0
  Current step =0
  Current step =0
  Current step =0
  Current step =0
  Current step =0
  Current step =0
  Current step =0
  Current step =0
  Current step =0
  Current step =0
  Current step =0
  Current step =0
  Current step =0
  Current step =0
  Current step =0
  Current step =0
  Current step =0
  Current step =0
  Current step =0
  Current step =0
  Current step =0
  Current step =0
  Current step =0
  Current step =0
  Current step =0
  Current step =0
  Current step =0
  Current step =0
  Current step =0
  Current step =0
  Current step =0
  Current step =0
  Current step =0
  Current step =0
  Current step =0
  Current step =0
  Current step =0
  Current step =0
  Current step =0
  Current step =0
  Current step =0
  Current step =0
  Current step =0
  Current step =0
  Current step =0
  Current step =0
  Current step =0
  Current step =0
  Current step =0
  Current step =0
  Current step =0
  Current step =0
  Current step =0
  Current step =0
  Current step =0
  Current step =0
  Current step =0
  Current step =0
  Current step =0
  Current step =0
  Current step =0
  Current step =0
  Current step =0
  Current step =0
  Current step =0
  Current step =0
  Current step =0
  Current step =0
  Current step =0
  Current step =0
  Current step =0
  Current step =0
  Current step =0
  Current step =0
  Current step =0
  Current step =0
  Current step =0
  Current step =0
  Current step =0
  Current step =0
  Current step =0
  Current step =0
  Current step =0
  Current step =0
  Current step =0
  Current step =0
  Current step =0
  Current step =0
  Current step =0
  Current step =0
  Current step =0
  Current step =0
  Current step =0
  Current step =0
  Current step =0
  Current step =0
  Current step =0
  Current step =0
  Current step =0
  Current step =0
  Current step =0
  Current step =0
  Current step =0
  Current step =0
  Current step =0
  Current step =0
  Current step =0
  Current step =0
  Current step =0
  Current step =0
  Current step =0
  Current step =0
  Current step =0
  Current step =0
  Current step =0
  Current step =0
  Current step =0
  Current step =0
  Current step =0
  Current step =0
  Current step =0
  Current step =0
  Current step =0
  Current step =0
  Current step =0
  Current step =0
  Current step =0
  Current step =0
  Current step =0
  Current step =0
  Current step =0
  Current step =0
  Current step =0
  Current step =0
  Current step =0
  Current step =0
  Current step =0
  Current step =0
  Current step =0
  Current step =0
  Current step =0
  Current step =0
  Current step =0
  Current step =0
  Current step =0
  Current step =0
  Current step =0
  Current step =0
  Current step =0
  Current step =0
  Current step =0
  Current step =0
  Current step =0
  Current step =0
  Current step =0
  Current step =0
  Current step =0
  Current step =0
  Current step =0
  Current step =0
  Current step =0
  Current step =0
  Current step =0
  Current step =0
  Current step =0
  Current step =0
  Current step =0
  Current step =0
  Current step =0
  Current step =0
  Current step =0
  Current step =0
  Current step =0
  Current step =0
  Current step =0
  Current step =0
  Current step =0
  Current step =0
  Current step =0
  Current step =0
  Current step =0
  Current step =0
  Current step =0
  Current step =0
  Current step =0
  Current step =0
  Current step =0
  Current step =0
  Current step =0
  Current step =0
  Current step =0
  Current step =0
  Current step =0
  Current step =0
  Current step =0
  Current step =0
  Current step =0
  Current step =0
  Current step =0
  Current step =0
  Current step =0
  Current step =0
  Current step =0
  Current step =0
  Current step =0
  Current step =0
  Current step =0
  Current step =0
  Current step =0
  Current step =0
  Current step =0
  Current step =0
  Current step =0
  Current step =0
  Current step =0
  Current step =0
  Current step =0
  Current step =0
  Current step =0
  Current step =0
  Current step =0
  Current step =0
  Current step =0
  Current step =0
  Current step =0
  Current step =0
  Current step =0
  Current step =0
  Current step =0
  Current step =0
  Current step =0
  Current step =0
  Current step =0
  Current step =0
  Current step =0
  Current step =0
  Current step =0
  Current step =0
  Current step =0
  Current step =0
  Current step =0
  Current step =0
  Current step =0
  Current step =0
  Current step =0
  Current step =0
  Current step =0
  Current step =0
  Current step =0
  Current step =0
  Current step =0
  Current step =0
  Current step =0
  Current step =0
  Current step =0
  Current step =0
  Current step =0
  Current step =0
  Current step =0
  Current step =0
  Current step =0
  Current step =0
  Current step =0
  Current step =0
  Current step =0
  Current step =0
  Current step =0
  Current step =0
  Current step =0
  Current step =0
  Current step =0
  Current step =0
  Current step =0
  Current step =0
  Current step =0
  Current step =0
  Current step =0
  Current step =0
  Current step =0
  Current step =0
  Current step =0
  Current step =0
  Current step =0
  Current step =0
  Current step =0
  Current step =0
  Current step =0
  Current step =0
  Current step =0
  Current step =0
  Current step =0
  Current step =0
  Current step =0
  Current step =0
  Current step =0
  Current step =0
  Current step =0
  Current step =0
  Current step =0
  Current step =0
  Current step =0
  Current step =0
  Current step =0
  Current step =0
  Current step =0
  Current step =0
  Current step =0
  Current step =0
  Current step =0
  Current step =0
  Current step =0
  Current step =0
  Current step =0
  Current step =0
  Current step =0
  Current step =0
  Current step =0
  Current step =0
  Current step =0
  Current step =0
  Current step =0
  Current step =0
  Current step =0
  Current step =0
  Current step =0
  Current step =0
  Current step =0
  Current step =0
  Current step =0
  Current step =0
  Current step =0
  Current step =0
  Current step =0
  Current step =0
  Current step =0
  Current step =0
  Current step =0
  Current step =0
  Current step =0
  Current step =0
  Current step =0
  Current step =0
  Current step =0
  Current step =0
  Current step =0
  Current step =0
  Current step =0
  Current step =0
  Current step =0
  Current step =0
  Current step =0
  Current step =0
  Current step =0
  Current step =0
  Current step =0
  Current step =0
  Current step =0
  Current step =0
  Current step =0
  Current step =0
  Current step =0
  Current step =0
  Current step =0
  Current step =0
  Current step =0
  Current step =0
  Current step =0
  Current step =0
  Current step =0
  Current step =0
  Current step =0
  Current step =0
  Current step =0
  Current step =0
  Current step =0
  Current step =0
  Current step =0
  Current step =0
  Current step =0
  Current step =0
  Current step =0
  Current step =0
  Current step =0
  Current step =0
  Current step =0
  Current step =0
  Current step =0
  Current step =0
  Current step =0
  Current step =0
  Current step =0
  Current step =0
  Current step =0
  Current step =0
  Current step =0
  Current step =0
  Current step =0
  Current step =0
  Current step =0
  Current step =0
  Current step =0
  Current step =0
  Current step =0
  Current step =0
  Current step =0
  Current step =0
  Current step =0
  Current step =0
  Current step =0
  Current step =0
  Current step =0
  Current step =0
  Current step =0
  Current step =0
  Current step =0
  Current step =0
  Current step =0
  Current step =0
  Current step =0
  Current step =0
  Current step =0
  Current step =0
  Current step =0
  Current step =0
  Current step =0
  Current step =0
  Current step =0
  Current step =0
  Current step =0
  Current step =0
  Current step =0
  Current step =0
  Current step =0
  Current step =0
  Current step =0
  Current step =0

Krylov solver
Norm of residual 3.261e-17 at 21 iterations
Wall charge lower -1.328798767367472e-02 upper  1.328798767367935e-02
Fluid charge      -2.060851489460447e-15 total  2.569125467921651e-15
  Current step =0
Writing distribution output at step 8000!
MPIIO wrote to dist-000008000.001-001
-       dist aggregated   0.569 MB in   0.004 seconds
-       dist wrote        0.569 MB in   0.001 seconds
-       dist rate         0.813 GB per second
Writing electrokinetic data at step 8000!
MPIIO wrote to psi-000008000.001-001
-        psi aggregated   0.030 MB in   0.000 seconds
-        psi wrote        0.030 MB in   0.000 seconds
-        psi rate         0.132 GB per second
MPIIO wrote to qsi-000008000.001-001
-        qsi aggregated   0.059 MB in   0.001 seconds
-        qsi wrote        0.059 MB in   0.000 seconds
-        qsi rate         0.288 GB per second
MPIIO wrote to efield-000008000.001-001
-     efield aggregated   0.087 MB in   0.001 seconds
-     efield wrote        0.087 MB in   0.000 seconds
-     efield rate         0.394 GB per second

Scalars - total mean variance min max
[rho]        1216.00  1.00000000000  0.0000000e+00  1.00000000000  1.00000000000
[psi]  6.2400000e+01 -4.1351173e-19  1.0000000e-01
[rho]  1.7333335e+00  1.3265204e-03  1.4539059e-03
[rho]  1.7333335e+00  1.3265204e-03  1.4539059e-03
[elc] -1.9853910e-15 -1.2738549e-04  1.2738549e-04
[psi]  6.2400000e+01 -4.1351173e-19  1.0000000e-01
[rho]  1.7333335e+00  1.3265204e-03  1.4539059e-03
[rho]  1.7333335e+00  1.3265204e-03  1.4539059e-03
[elc] -1.9853910e-15 -1.2738549e-04  1.2738549e-04

Free energy density - timestep total fluid
[fed]           8000 -2.1053477040e-02 -2.1053477040e-02

Momentum - x y z
[total   ]  0.0000000e+00  0.0000000e+00  0.0000000e+00
[fluid   ]  0.0000000e+00  0.0000000e+00  0.0000000e+00
[walls   ]  0.0000000e+00  0.0000000e+00  0.0000000e+00

Completed cycle 8000
  Current step =0
  Current step =0
  Current step =0
  Current step =0
  Current step =0
  Current step =0
  Current step =0
  Current step =0
  Current step =0
  Current step =0
  Current step =0
  Current step =0
  Current step =0
  Current step =0
  Current step =0
  Current step =0
  Current step =0
  Current step =0
  Current step =0
  Current step =0
  Current step =0
  Current step =0
  Current step =0
  Current step =0
  Current step =0
  Current step =0
  Current step =0
  Current step =0
  Current step =0
  Current step =0
  Current step =0
  Current step =0
  Current step =0
  Current step =0
  Current step =0
  Current step =0
  Current step =0
  Current step =0
  Current step =0
  Current step =0
  Current step =0
  Current step =0
  Current step =0
  Current step =0
  Current step =0
  Current step =0
  Current step =0
  Current step =0
  Current step =0
  Current step =0
  Current step =0
  Current step =0
  Current step =0
  Current step =0
  Current step =0
  Current step =0
  Current step =0
  Current step =0
  Current step =0
  Current step =0
  Current step =0
  Current step =0
  Current step =0
  Current step =0
  Current step =0
  Current step =0
  Current step =0
  Current step =0
  Current step =0
  Current step =0
  Current step =0
  Current step =0
  Current step =0
  Current step =0
  Current step =0
  Current step =0
  Current step =0
  Current step =0
  Current step =0
  Current step =0
  Current step =0
  Current step =0
  Current step =0
  Current step =0
  Current step =0
  Current step =0
  Current step =0
  Current step =0
  Current step =0
  Current step =0
  Current step =0
  Current step =0
  Current step =0
  Current step =0
  Current step =0
  Current step =0
  Current step =0
  Current step =0
  Current step =0
  Current step =0
  Current step =0
  Current step =0
  Current step =0
  Current step =0
  Current step =0
  Current step =0
  Current step =0
  Current step =0
  Current step =0
  Current step =0
  Current step =0
  Current step =0
  Current step =0
  Current step =0
  Current step =0
  Current step =0
  Current step =0
  Current step =0
  Current step =0
  Current step =0
  Current step =0
  Current step =0
  Current step =0
  Current step =0
  Current step =0
  Current step =0
  Current step =0
  Current step =0
  Current step =0
  Current step =0
  Current step =0
  Current step =0
  Current step =0
  Current step =0
  Current step =0
  Current step =0
  Current step =0
  Current step =0
  Current step =0
  Current step =0
  Current step =0
  Current step =0
  Current step =0
  Current step =0
  Current step =0
  Current step =0
  Current step =0
  Current step =0
  Current step =0
  Current step =0
  Current step =0
  Current step =0
  Current step =0
  Current step =0
  Current step =0
  Current step =0
  Current step =0
  Current step =0
  Current step =0
  Current step =0
  Current step =0
  Current step =0
  Current step =0
  Current step =0
  Current step =0
  Current step =0
  Current step =0
  Current step =0
  Current step =0
  Current step =0
  Current step =0
  Current step =0
  Current step =0
  Current step =0
  Current step =0
  Current step =0
  Current step =0
  Current step =0
  Current step =0
  Current step =0
  Current step =0
  Current step =0
  Current step =0
  Current step =0
  Current step =0
  Current step =0
  Current step =0
  Current step =0
  Current step =0
  Current step =0
  Current step =0
  Current step =0
  Current step =0
  Current step =0
  Current step =0
  Current step =0
  Current step =0
  Current step =0
  Current step =0
  Current step =0
  Current step =0
  Current step =0
  Current step =0
  Current step =0
  Current step =0
  Current step =0
  Current step =0
  Current step =0
  Current step =0
  Current step =0
  Current step =0
  Current step =0
  Current step =0
  Current step =0
  Current step =0
  Current step =0
  Current step =0
  Current step =0
  Current step =0
  Current step =0
  Current step =0
  Current step =0
  Current step =0
  Current step =0
  Current step =0
  Current step =0
  Current step =0
  Current step =0
  Current step =0
  Current step =0
  Current step =0
  Current step =0
  Current step =0
  Current step =0
  Current step =0
  Current step =0
  Current step =0
  Current step =0
  Current step =0
  Current step =0
  Current step =0
  Current step =0
  Current step =0
  Current step =0
  Current step =0
  Current step =0
  Current step =0
  Current step =0
  Current step =0
  Current step =0
  Current step =0
  Current step =0
  Current step =0
  Current step =0
  Current step =0
  Current step =0
  Current step =0
  Current step =0
  Current step =0
  Current step =0
  Current step =0
  Current step =0
  Current step =0
  Current step =0
  Current step =0
  Current step =0
  Current step =0
  Current step =0
  Current step =0
  Current step =0
  Current step =0
  Current step =0
  Current step =0
  Current step =0
  Current step =0
  Current step =0
  Current step =0
  Current step =0
  Current step =0
  Current step =0
  Current step =0
  Current step =0
  Current step =0
  Current step =0
  Current step =0
  Current step =0
  Current step =0
  Current step =0
  Current step =0
  Current step =0
  Current step =0
  Current step =0
  Current step =0
  Current step =0
  Current step =0
  Current step =0
  Current step =0
  Current step =0
  Current step =0
  Current step =0
  Current step =0
  Current step =0
  Current step =0
  Current step =0
  Current step =0
  Current step =0
  Current step =0
  Current step =0
  Current step =0
  Current step =0
  Current step =0
  Current step =0
  Current step =0
  Current step =0
  Current step =0
  Current step =0
  Current step =0
  Current step =0
  Current step =0
  Current step =0
  Current step =0
  Current step =0
  Current step =0
  Current step =0
  Current step =0
  Current step =0
  Current step =0
  Current step =0
  Current step =0
  Current step =0
  Current step =0
  Current step =0
  Current step =0
  Current step =0
  Current step =0
  Current step =0
  Current step =0
  Current step =0
  Current step =0
  Current step =0
  Current step =0
  Current step =0
  Current step =0
  Current step =0
  Current step =0
  Current step =0
  Current step =0
  Current step =0
  Current step =0
  Current step =0
  Current step =0
  Current step =0
  Current step =0
  Current step =0
  Current step =0
  Current step =0
  Current step =0
  Current step =0
  Current step =0
  Current step =0
  Current step =0
  Current step =0
  Current step =0
  Current step =0
  Current step =0
  Current step =0
  Current step =0
  Current step =0
  Current step =0
  Current step =0
  Current step =0
  Current step =0
  Current step =0
  Current step =0
  Current step =0
  Current step =0
  Current step =0
  Current step =0
  Current step =0
  Current step =0
  Current step =0
  Current step =0
  Current step =0
  Current step =0
  Current step =0
  Current step =0
  Current step =0
  Current step =0
  Current step =0
  Current step =0
  Current step =0
  Current step =0
  Current step =0
  Current step =0
  Current step =0
  Current step =0
  Current step =0
  Current step =0
  Current step =0
  Current step =0
  Current step =0
  Current step =0
  Current step =0
  Current step =0
  Current step =0
  Current step =0
  Current step =0
  Current step =0
  Current step =0
  Current step =0
  Current step =0
  Current step =0
  Current step =0
  Current step =0
  Current step =0
  Current step =0
  Current step =0
  Current step =0
  Current step =0
  Current step =0
  Current step =0
  Current step =0
  Current step =0
  Current step =0
  Current step =0
  Current step =0
  Current step =0
  Current step =0
  Current step =0
  Current step =0
  Current step =0
  Current step =0
  Current step =0
  Current step =0
  Current step =0
  Current step =0
  Current step =0
  Current step =0
  Current step =0
  Current step =0
  Current step =0
  Current step =0
  Current step =0
  Current step =0
  Current step =0
  Current step =0
  Current step =0
  Current step =0
  Current step =0
  Current step =0
  Current step =0
  Current step =0
  Current step =0
  Current step =0
  Current step =0
  Current step =0
  Current step =0
  Current step =0
  Current step =0
  Current step =0
  Current step =0
  Current step =0
  Current step =0
  Current step =0
  Current step =0
  Current step =0
  Current step =0
  Current step =0
  Current step =0
  Current step =0
  Current step =0
  Current step =0
  Current step =0
  Current step =0
  Current step =0
  Current step =0
  Current step =0
  Current step =0
  Current step =0
  Current step =0
  Current step =0
  Current step =0
  Current step =0
  Current step =0
  Current step =0
  Current step =0
  Current step =0
  Current step =0
  Current step =0
  Current step =0
  Current step =0
  Current step =0
  Current step =0
  Current step =0
  Current step =0
  Current step =0
  Current step =0
  Current step =0
  Current step =0
  Current step =0
  Current step =0
  Current step =0
  Current step =0
  Current step =0
  Current step =0
  Current step =0
  Current step =0
  Current step =0
  Current step =0
  Current step =0
  Current step =0
  Current step =0
  Current step =0
  Current step =0
  Current step =0
  Current step =0
  Current step =0
  Current step =0
  Current step =0
  Current step =0
  Current step =0
  Current step =0
  Current step =0
  Current step =0
  Current step =0
  Current step =0
  Current step =0
  Current step =0
  Current step =0
  Current step =0
  Current step =0
  Current step =0
  Current step =0
  Current step =0
  Current step =0
  Current step =0
  Current step =0
  Current step =0
  Current step =0
  Current step =0
  Current step =0
  Current step =0
  Current step =0
  Current step =0
  Current step =0
  Current step =0
  Current step =0
  Current step =0
  Current step =0
  Current step =0
  Current step =0
  Current step =0
  Current step =0
  Current step =0
  Current step =0
  Current step =0
  Current step =0
  Current step =0
  Current step =0
  Current step =0
  Current step =0
  Current step =0
  Current step =0
  Current step =0
  Current step =0
  Current step =0
  Current step =0
  Current step =0
  Current step =0
  Current step =0
  Current step =0
  Current step =0
  Current step =0
  Current step =0
  Current step =0
  Current step =0
  Current step =0
  Current step =0
  Current step =0
  Current step =0
  Current step =0
  Current step =0
  Current step =0
  Current step =0
  Current step =0
  Current step =0
  Current step =0
  Current step =0
  Current step =0
  Current step =0
  Current step =0
  Current step =0
  Current step =0
  Current step =0
  Current step =0
  Current step =0
  Current step =0
  Current step =0
  Current step =0
  Current step =0
  Current step =0
  Current step =0
  Current step =0
  Current step =0
  Current step =0
  Current step =0
  Current step =0
  Current step =0
  Current step =0
  Current step =0
  Current step =0
  Current step =0
  Current step =0
  Current step =0
  Current step =0
  Current step =0
  Current step =0
  Current step =0
  Current step =0
  Current step =0
  Current step =0
  Current step =0
  Current step =0
  Current step =0
  Current step =0
  Current step =0
  Current step =0
  Current step =0
  Current step =0
  Current step =0
  Current step =0
  Current step =0
  Current step =0
  Current step =0
  Current step =0
  Current step =0
  Current step =0
  Current step =0
  Current step =0
  Current step =0
  Current step =0
  Current step =0
  Current step =0
  Current step =0
  Current step =0
  Current step =0
  Current step =0
  Current step =0
  Current step =0
  Current step =0
  Current step =0
  Current step =0
  Current step =0
  Current step =0
  Current step =0
  Current step =0
  Current step =0
  Current step =0
  Current step =0
  Current step =0
  Current step =0
  Current step =0
  Current step =0
  Current step =0
  Current step =0
  Current step =0
  Current step =0
  Current step =0
  Current step =0
  Current step =0
  Current step =0
  Current step =0
  Current step =0
  Current step =0
  Current step =0
  Current step =0
  Current step =0
  Current step =0
  Current step =0
  Current step =0
  Current step =0
  Current step =0
  Current step =0
  Current step =0
  Current step =0
  Current step =0
  Current step =0
  Current step =0
  Current step =0
  Current step =0
  Current step =0
  Current step =0
  Current step =0
  Current step =0
  Current step =0
  Current step =0
  Current step =0
  Current step =0
  Current step =0
  Current step =0
  Current step =0
  Current step =0
  Current step =0
  Current step =0
  Current step =0
  Current step =0
  Current step =0
  Current step =0
  Current step =0
  Current step =0
  Current step =0
  Current step =0
  Current step =0
  Current step =0
  Current step =0
  Current step =0
  Current step =0
  Current step =0
  Current step =0
  Current step =0
  Current step =0
  Current step =0
  Current step =0
  Current step =0
  Current step =0
  Current step =0
  Current step =0
  Current step =0
  Current step =0
  Current step =0
  Current step =0
  Current step =0
  Current step =0
  Current step =0
  Current step =0
  Current step =0
  Current step =0
  Current step =0
  Current step =0
  Current step =0
  Current step =0
  Current step =0
  Current step =0
  Current step =0
  Current step =0
  Current step =0
  Current step =0
  Current step =0
  Current step =0
  Current step =0
  Current step =0
  Current step =0
  Current step =0
  Current step =0
  Current step =0
  Current step =0
  Current step =0
  Current step =0
  Current step =0
  Current step =0
  Current step =0
  Current step =0
  Current step =0
  Current step =0
  Current step =0
  Current step =0
  Current step =0
  Current step =0
  Current step =0
  Current step =0
  Current step =0
  Current step =0
  Current step =0
  Current step =0
  Current step =0
  Current step =0
  Current step =0
  Current step =0
  Current step =0
  Current step =0
  Current step =0
  Current step =0
  Current step =0
  Current step =0
  Current step =0
  Current step =0
  Current step =0
  Current step =0
  Current step =0
  Current step =0
  Current step =0
  Current step =0
  Current step =0
  Current step =0
  Current step =0
  Current step =0
  Current step =0
  Current step =0
  Current step =0
  Current step =0
  Current step =0
  Current step =0
  Current step =0
  Current step =0
  Current step =0
  Current step =0
  Current step =0
  Current step =0
  Current step =0
  Current step =0
  Current step =0
  Current step =0
  Current step =0
  Current step =0
  Current step =0
  Current step =0
  Current step =0
  Current step =0
  Current step =0
  Current step =0
  Current step =0
  Current step =0
  Current step =0
  Current step =0
  Current step =0
  Current step =0
  Current step =0
  Current step =0
  Current step =0
  Current step =0
  Current step =0
  Current step =0
  Current step =0
  Current step =0
  Current step =0
  Current step =0
  Current step =0
  Current step =0
  Current step =0
  Current step =0
  Current step =0
  Current step =0
  Current step =0
  Current step =0
  Current step =0
  Current step =0
  Current step =0
  Current step =0
  Current step =0
  Current step =0
  Current step =0
  Current step =0
  Current step =0
  Current step =0
  Current step =0
  Current step =0
  Current step =0
  Current step =0
  Current step =0
  Current step =0
  Current step =0
  Current step =0
  Current step =0
  Current step =0
  Current step =0
  Current step =0
  Current step =0
  Current step =0
  Current step =0
  Current step =0
  Current step =0
  Current step =0
  Current step =0
  Current step =0
  Current step =0
  Current step =0
  Current step =0
  Current step =0
  Current step =0
  Current step =0
  Current step =0
  Current step =0
  Current step =0
  Current step =0
  Current step =0
  Current step =0
  Current step =0
  Current step =0
  Current step =0
  Current step =0
  Current step =0
  Current step =0
  Current step =0
  Current step =0
  Current step =0
  Current step =0
  Current step =0
  Current step =0
  Current step =0
  Current step =0
  Current step =0
  Current step =0
  Current step =0
  Current step =0
  Current step =0
  Current step =0
  Current step =0
  Current step =0
  Current step =0
  Current step =0
  Current step =0
  Current step =0
  Current step =0
  Current step =0
  Current step =0
  Current step =0
  Current step =0
  Current step =0
  Current step =0
  Current step =0
  Current step =0
  Current step =0
  Current step =0
  Current step =0
  Current step =0
  Current step =0
  Current step =0
  Current step =0
  Current step =0
  Current step =0
  Current step =0
  Current step =0
  Current step =0
  Current step =0
  Current step =0
  Current step =0
  Current step =0
  Current step =0
  Current step =0
  Current step =0
  Current step =0
  Current step =0
  Current step =0
  Current step =0
  Current step =0
  Current step =0
  Current step =0
  Current step =0
  Current step =0
  Current step =0
  Current step =0
  Current step =0
  Current step =0
  Current step =0
  Current step =0
  Current step =0
  Current step =0
  Current step =0
  Current step =0
  Current step =0
  Current step =0
  Current step =0
  Current step =0
  Current step =0
  Current step =0
  Current step =0
  Current step =0
  Current step =0
  Current step =0
  Current step =0
  Current step =0
  Current step =0
  Current step =0
  Current step =0
  Current step =0
  Current step =0
  Current step =0
  Current step =0
  Current step =0
  Current step =0
  Current step =0
  Current step =0
  Current step =0
  Current step =0
  Current step =0
  Current step =0
  Current step =0
  Current step =0
  Current step =0
  Current step =0
  Current step =0
  Current step =0
  Current step =0
  Current step =0
  Current step =0
  Current step =0
  Current step =0
  Current step =0
  Current step =0
  Current step =0
  Current step =0
  Current step =0
  Current step =0
  Current step =0
  Current step =0
  Current step =0
  Current step =0
  Current step =0
  Current step =0
  Current step =0
  Current step =0
  Current step =0
  Current step =0
  Current step =0
  Current step =0
  Current step =0
  Current step =0
  Current step =0
  Current step =0
  Current step =0
  Current step =0
  Current step =0
  Current step =0
  Current step =0
  Current step =0
  Current step =0
  Current step =0
  Current step =0
  Current step =0
  Current step =0
  Current step =0
  Current step =0
  Current step =0
  Current step =0
  Current step =0
  Current step =0
  Current step =0
  Current step =0
  Current step =0
  Current step =0
  Current step =0
  Current step =0
  Current step =0
  Current step =0
  Current step =0
  Current step =0
  Current step =0
  Current step =0
  Current step =0
  Current step =0
  Current step =0
  Current step =0
  Current step =0
  Current step =0
  Current step =0
  Current step =0
  Current step =0
  Current step =0
  Current step =0
  Current step =0
  Current step =0
  Current step =0
  Current step =0
  Current step =0
  Current step =0
  Current step =0
  Current step =0
  Current step =0
  Current step =0
  Current step =0
  Current step =0
  Current step =0
  Current step =0
  Current step =0
  Current step =0
  Current step =0
  Current step =0
  Current step =0
  Current step =0
  Current step =0
  Current step =0
  Current step =0
  Current step =0
  Current step =0
  Current step =0
  Current step =0
  Current step =0
  Current step =0
  Current step =0
  Current step =0
  Current step =0
  Current step =0
  Current step =0
  Current step =0
  Current step =0
  Current step =0
  Current step =0
  Current step =0
  Current step =0
  Current step =0
  Current step =0
  Current step =0
  Current step =0
  Current step =0
  Current step =0
  Current step =0
  Current step =0
  Current step =0
  Current step =0
  Current step =0
  Current step =0
  Current step =0
  Current step =0
  Current step =0
  Current step =0
  Current step =0
  Current step =0
  Current step =0
  Current step =0
  Current step =0
  Current step =0
  Current step =0
  Current step =0
  Current step =0
  Current step =0
  Current step =0
  Current step =0
  Current step =0
  Current step =0
  Current step =0
  Current step =0
  Current step =0
  Current step =0
  Current step =0
  Current step =0
  Current step =0
  Current step =0
  Current step =0
  Current step =0
  Current step =0
  Current step =0
  Current step =0
  Current step =0
  Current step =0
  Current step =0
  Current step =0
  Current step =0
  Current step =0
  Current step =0
  Current step =0
  Current step =0
  Current step =0
  Current step =0
  Current step =0
  Current step =0
  Current step =0
  Current step =0
  Current step =0
  Current step =0
  Current step =0
  Current step =0
  Current step =0
  Current step =0
  Current step =0
  Current step =0
  Current step =0
  Current step =0
  Current step =0
  Current step =0
  Current step =0
  Current step =0
  Current step =0
  Current step =0
  Current step =0
  Current step =0
  Current step =0
  Current step =0
  Current step =0
  Current step =0
  Current step =0
  Current step =0
  Current step =0
  Current step =0
  Current step =0
  Current step =0
  Current step =0
  Current step =0
  Current step =0
  Current step =0
  Current step =0
  Current step =0
  Current step =0
  Current step =0
  Current step =0
  Current step =0
  Current step =0
  Current step =0
  Current step =0
  Current step =0
  Current step =0
  Current step =0
  Current step =0
  Current step =0
  Current step =0
  Current step =0
  Current step =0
  Current step =0
  Current step =0
  Current step =0
  Current step =0
  Current step =0
  Current step =0
  Current step =0
  Current step =0
  Current step =0
  Current step =0
  Current step =0
  Current step =0
  Current step =0
  Current step =0
  Current step =0
  Current step =0
  Current step =0
  Current step =0
  Current step =0
  Current step =0
  Current step =0
  Current step =0
  Current step =0
  Current step =0
  Current step =0
  Current step =0
  Current step =0
  Current step =0
  Current step =0
  Current step =0
  Current step =0
  Current step =0
  Current step =0
  Current step =0
  Current step =0
  Current step =0
  Current step =0
  Current step =0
  Current step =0
  Current step =0
  Current step =0
  Current step =0
  Current step =0
  Current step =0
  Current step =0
  Current step =0
  Current step =0
  Current step =0
  Current step =0
  Current step =0
  Current step =0
  Current step =0
  Current step =0
  Current step =0
  Current step =0
  Current step =0
  Current step =0
  Current step =0
  Current step =0
  Current step =0
  Current step =0
  Current step =0
  Current step =0
  Current step =0
  Current step =0
  Current step =0
  Current step =0
  Current step =0
  Current step =0
  Current step =0
  Current step =0
  Current step =0
  Current step =0
  Current step =0
  Current step =0
  Current step =0
  Current step =0
  Current step =0
  Current step =0
  Current step =0
  Current step =0
  Current step =0
  Current step =0
  Current step =0
  Current step =0
  Current step =0
  Current step =0
  Current step =0
  Current step =0
  Current step =0
  Current step =0
  Current step =0
  Current step =0
  Current step =0
  Current step =0
  Current step =0
  Current step =0
  Current step =0
  Current step =0
  Current step =0
  Current step =0
  Current step =0
  Current step =0
  Current step =0
  Current step =0
  Current step =0
  Current step =0
  Current step =0
  Current step =0
  Current step =0
  Current step =0
  Current step =0
  Current step =0
  Current step =0
  Current step =0
  Current step =0
  Current step =0
  Current step =0
  Current step =0
  Current step =0
  Current step =0
  Current step =0
  Current step =0
  Current step =0
  Current step =0
  Current step =0
  Current step =0
  Current step =0
  Current step =0
  Current step =0
  Current step =0
  Current step =0
  Current step =0
  Current step =0
  Current step =0
  Current step =0
  Current step =0
  Current step =0
  Current step =0
  Current step =0
  Current step =0
  Current step =0
  Current step =0
  Current step =0
  Current step =0
  Current step =0
  Current step =0
  Current step =0
  Current step =0
  Current step =0
  Current step =0
  Current step =0
  Current step =0
  Current step =0
  Current step =0
  Current step =0
  Current step =0
  Current step =0
  Current step =0
  Current step =0
  Current step =0
  Current step =0
  Current step =0
  Current step =0
  Current step =0
  Current step =0
  Current step =0
  Current step =0
  Current step =0
  Current step =0
  Current step =0
  Current step =0
  Current step =0
  Current step =0
  Current step =0
  Current step =0
  Current step =0
  Current step =0
  Current step =0
  Current step =0
  Current step =0
  Current step =0
  Current step =0
  Current step =0
  Current step =0
  Current step =0
  Current step =0
  Current step =0
  Current step =0
  Current step =0
  Current step =0
  Current step =0
  Current step =0
  Current step =0
  Current step =0
  Current step =0
  Current step =0
  Current step =0
  Current step =0
  Current step =0
  Current step =0
  Current step =0
  Current step =0
  Current step =0
  Current step =0
  Current step =0
  Current step =0
  Current step =0
  Current step =0
  Current step =0
  Current step =0
  Current step =0
  Current step =0
  Current step =0
  Current step =0
  Current step =0
  Current step =0
  Current step =0
  Current step =0
  Current step =0
  Current step =0
  Current step =0
  Current step =0
  Current step =0
  Current step =0
  Current step =0
  Current step =0
  Current step =0
  Current step =0
  Current step =0
  Current step =0
  Current step =0
  Current step =0
  Current step =0
  Current step =0
  Current step =0
  Current step =0
  Current step =0
  Current step =0
  Current step =0
  Current step =0
  Current step =0
  Current step =0
  Current step =0
  Current step =0
  Current step =0
  Current step =0
  Current step =0
  Current step =0
  Current step =0
  Current step =0
  Current step =0
  Current step =0
  Current step =0
  Current step =0
  Current step =0
  Current step =0
  Current step =0
  Current step =0
  Current step =0
  Current step =0
  Current step =0
  Current step =0
  Current step =0
  Current step =0
  Current step =0
  Current step =0
  Current step =0
  Current step =0
  Current step =0
  Current step =0
  Current step =0
  Current step =0
  Current step =0
  Current step =0
  Current step =0
  Current step =0
  Current step =0
  Current step =0
  Current step =0
  Current step =0
  Current step =0
  Current step =0
  Current step =0
  Current step =0
  Current step =0
  Current step =0
  Current step =0
  Current step =0
  Current step =0
  Current step =0
  Current step =0
  Current step =0
  Current step =0
  Current step =0
  Current step =0
  Current step =0
  Current step =0
  Current step =0
  Current step =0
  Current step =0
  Current step =0
  Current step =0
  Current step =0
  Current step =0
  Current step =0
  Current step =0
  Current step =0
  Current step =0
  Current step =0
  Current step =0
  Current step =0
  Current step =0
  Current step =0
  Current step =0
  Current step =0
  Current step =0
  Current step =0
  Current step =0
  Current step =0
  Current step =0
  Current step =0
  Current step =0
  Current step =0
  Current step =0
  Current step =0
  Current step =0
  Current step =0
  Current step =0
  Current step =0
  Current step =0
  Current step =0
  Current step =0
  Current step =0
  Current step =0
  Current step =0
  Current step =0
  Current step =0
  Current step =0
  Current step =0
  Current step =0
  Current step =0
  Current step =0
  Current step =0
  Current step =0
  Current step =0
  Current step =0
  Current step =0
  Current step =0
  Current step =0
  Current step =0
  Current step =0
  Current step =0
  Current step =0
  Current step =0
  Current step =0
  Current step =0
  Current step =0
  Current step =0
  Current step =0
  Current step =0
  Current step =0
  Current step =0
  Current step =0
  Current step =0
  Current step =0
  Current step =0
  Current step =0
  Current step =0
  Current step =0
  Current step =0
  Current step =0
  Current step =0
  Current step =0
  Current step =0
  Current step =0
  Current step =0
  Current step =0
  Current step =0
  Current step =0
  Current step =0
  Current step =0
  Current step =0
  Current step =0
  Current step =0
  Current step =0
  Current step =0
  Current step =0
  Current step =0
  Current step =0
  Current step =0
  Current step =0
  Current step =0
  Current step =0
  Current step =0
  Current step =0
  Current step =0
  Current step =0
  Current step =0
  Current step =0
  Current step =0
  Current step =0
  Current step =0
  Current step =0
  Current step =0
  Current step =0
  Current step =0
  Current step =0
  Current step =0
  Current step =0
  Current step =0
  Current step =0
  Current step =0
  Current step =0
  Current step =0
  Current step =0
  Current step =0
  Current step =0
  Current step =0
  Current step =0
  Current step =0
  Current step =0
  Current step =0
  Current step =0
  Current step =0
  Current step =0
  Current step =0
  Current step =0
  Current step =0
  Current step =0
  Current step =0
  Current step =0
  Current step =0
  Current step =0
  Current step =0
  Current step =0
  Current step =0
  Current step =0
  Current step =0
  Current step =0
  Current step =0
  Current step =0
  Current step =0
  Current step =0
  Current step =0
  Current step =0
  Current step =0
  Current step =0
  Current step =0
  Current step =0
  Current step =0
  Current step =0
  Current step =0
  Current step =0
  Current step =0
  Current step =0
  Current step =0
  Current step =0
  Current step =0
  Current step =0
  Current step =0
  Current step =0
  Current step =0
  Current step =0
  Current step =0
  Current step =0
  Current step =0
  Current step =0
  Current step =0
  Current step =0
  Current step =0
  Current step =0
  Current step =0
  Current step =0
  Current step =0
  Current step =0
  Current step =0
  Current step =0
  Current step =0
  Current step =0
  Current step =0
  Current step =0
  Current step =0
  Current step =0
  Current step =0
  Current step =0
  Current step =0
  Current step =0
  Current step =0
  Current step =0
  Current step =0
  Current step =0
  Current step =0
  Current step =0
  Current step =0
  Current step =0
  Current step =0
  Current step =0
  Current step =0
  Current step =0
  Current step =0
  Current step =0
  Current step =0
  Current step =0
  Current step =0
  Current step =0
  Current step =0
  Current step =0
  Current step =0
  Current step =0
  Current step =0
  Current step =0
  Current step =0
  Current step =0
  Current step =0
  Current step =0
  Current step =0
  Current step =0
  Current step =0
  Current step =0
  Current step =0
  Current step =0
  Current step =0
  Current step =0
  Current step =0
  Current step =0
  Current step =0
  Current step =0
  Current step =0
  Current step =0
  Current step =0
  Current step =0
  Current step =0
  Current step =0
  Current step =0
  Current step =0
  Current step =0
  Current step =0
  Current step =0
  Current step =0
  Current step =0
  Current step =0
  Current step =0
  Current step =0
  Current step =0
  Current step =0
  Current step =0
  Current step =0
  Current step =0
  Current step =0
  Current step =0
  Current step =0
  Current step =0
  Current step =0
  Current step =0
  Current step =0
  Current step =0
  Current step =0
  Current step =0
  Current step =0
  Current step =0
  Current step =0
  Current step =0
  Current step =0
  Current step =0
  Current step =0
  Current step =0
  Current step =0
  Current step =0
  Current step =0
  Current step =0
  Current step =0
  Current step =0
  Current step =0
  Current step =0
  Current step =0
  Current step =0
  Current step =0
  Current step =0
  Current step =0
  Current step =0
  Current step =0
  Current step =0
  Current step =0
  Current step =0
  Current step =0
  Current step =0
  Current step =0
  Current step =0
  Current step =0
  Current step =0
  Current step =0
  Current step =0
  Current step =0
  Current step =0
  Current step =0
  Current step =0
  Current step =0
  Current step =0
  Current step =0
  Current step =0
  Current step =0
  Current step =0
  Current step =0
  Current step =0
  Current step =0
  Current step =0
  Current step =0
  Current step =0
  Current step =0
  Current step =0
  Current step =0
  Current step =0
  Current step =0
  Current step =0
  Current step =0
  Current step =0
  Current step =0
  Current step =0
  Current step =0
  Current step =0
  Current step =0
  Current step =0
  Current step =0
  Current step =0
  Current step =0
  Current step =0
  Current step =0
  Current step =0
  Current step =0
  Current step =0
  Current step =0
  Current step =0
  Current step =0
  Current step =0
  Current step =0
  Current step =0
  Current step =0
  Current step =0
  Current step =0
  Current step =0
  Current step =0
  Current step =0
  Current step =0
  Current step =0
  Current step =0
  Current step =0
  Current step =0
  Current step =0
  Current step =0
  Current step =0
  Current step =0
  Current step =0
  Current step =0
  Current step =0
  Current step =0
  Current step =0
  Current step =0
  Current step =0
  Current step =0
  Current step =0
  Current step =0
  Current step =0
  Current step =0
  Current step =0
  Current step =0
  Current step =0
  Current step =0
  Current step =0
  Current step =0
  Current step =0
  Current step =0
  Current step =0
  Current step =0
  Current step =0
  Current step =0
  Current step =0
  Current step =0
  Current step =0
  Current step =0
  Current step =0
  Current step =0
  Current step =0
  Current step =0
  Current step =0
  Current step =0
  Current step =0
  Current step =0
  Current step =0
  Current step =0
  Current step =0
  Current step =0
  Current step =0
  Current step =0
  Current step =0
  Current step =0
  Current step =0
  Current step =0
  Current step =0
  Current step =0
  Current step =0
  Current step =0
  Current step =0
  Current step =0
  Current step =0
  Current step =0
  Current step =0
  Current step =0
  Current step =0
  Current step =0
  Current step =0
  Current step =0
  Current step =0
  Current step =0
  Current step =0
  Current step =0
  Current step =0
  Current step =0
  Current step =0
  Current step =0
  Current step =0
  Current step =0
  Current step =0
  Current step =0
  Current step =0
  Current step =0
  Current step =0
  Current step =0
  Current step =0
  Current step =0
  Current step =0
  Current step =0
  Current step =0
  Current step =0
  Current step =0
  Current step =0
  Current step =0
  Current step =0
  Current step =0
  Current step =0
  Current step =0
  Current step =0
  Current step =0
  Current step =0
  Current step =0
  Current step =0
  Current step =0
  Current step =0
  Current step =0
  Current step =0
  Current step =0
  Current step =0
  Current step =0
  Current step =0
  Current step =0
  Current step =0
  Current step =0
  Current step =0
  Current step =0
  Current step =0
  Current step =0
  Current step =0
  Current step =0
  Current step =0
  Current step =0
  Current step =0
  Current step =0
  Current step =0
  Current step =0
  Current step =0
  Current step =0
  Current step =0
  Current step =0
  Current step =0
  Current step =0
  Current step =0
  Current step =0
  Current step =0
  Current step =0
  Current step =0
  Current step =0
  Current step =0
  Current step =0
  Current step =0
  Current step =0
  Current step =0
  Current step =0
  Current step =0
  Current step =0
  Current step =0
  Current step =0
  Current step =0
  Current step =0

Krylov solver
Norm of residual 3.261e-17 at 21 iterations
Wall charge lower -1.328806046340345e-02 upper  1.328806046340710e-02
Fluid charge      -7.708677446371937e-16 total  2.878990448818008e-15
  Current step =0
Writing distribution output at step 10000!
MPIIO wrote to dist-000010000.001-001
-       dist aggregated   0.569 MB in   0.004 seconds
-       dist wrote        0.569 MB in   0.001 seconds
-       dist rate         0.668 GB per second
Writing electrokinetic data at step 10000!
MPIIO wrote to psi-000010000.001-001
-        psi aggregated   0.030 MB in   0.000 seconds
-        psi wrote        0.030 MB in   0.000 seconds
-        psi rate         0.134 GB per second
MPIIO wrote to qsi-000010000.001-001
-        qsi aggregated   0.059 MB in   0.001 seconds
-        qsi wrote        0.059 MB in   0.000 seconds
-        qsi rate         0.288 GB per second
MPIIO wrote to efield-000010000.001-001
-     efield aggregated   0.087 MB in   0.001 seconds
-     efield wrote        0.087 MB in   0.000 seconds
-     efield rate         0.399 GB per second

Scalars - total mean variance min max
[rho]        1216.00  1.00000000000  0.0000000e+00  1.00000000000  1.00000000000
[psi]  6.2400000e+01 -7.1734783e-18  1.0000000e-01
[rho]  1.7333335e+00  1.3265201e-03  1.4539063e-03
[rho]  1.7333335e+00  1.3265201e-03  1.4539063e-03
[elc] -8.0469485e-16 -1.2738626e-04  1.2738626e-04
[psi]  6.2400000e+01 -7.1734783e-18  1.0000000e-01
[rho]  1.7333335e+00  1.3265201e-03  1.4539063e-03
[rho]  1.7333335e+00  1.3265201e-03  1.4539063e-03
[elc] -8.0469485e-16 -1.2738626e-04  1.2738626e-04

Free energy density - timestep total fluid
[fed]          10000 -2.1053477037e-02 -2.1053477037e-02

Momentum - x y z
[total   ]  0.0000000e+00  0.0000000e+00  0.0000000e+00
[fluid   ]  0.0000000e+00  0.0000000e+00  0.0000000e+00
[walls   ]  0.0000000e+00  0.0000000e+00  0.0000000e+00

Completed cycle 10000

Timer resolution: 1e-09 second

Timer statistics
             Section:       tmin       tmax      total
               Total:    100.732    100.732    100.732 100.732417 (1 call)
      Time step loop:      0.007      0.050    100.586   0.010059 (10000 calls)
       Lattice halos:      0.000      0.004      8.465   0.000423 (20000 calls)
       phi gradients:      0.000      0.000      0.001   0.000000 (10000 calls)
            -> irecv:      0.000      0.000      0.015   0.000000 (50001 calls)
             -> pack:      0.000      0.000      2.618   0.000052 (50001 calls)
            -> isend:      0.000      0.000      0.012   0.000000 (50001 calls)
          -> waitall:      0.000      0.000      0.018   0.000000 (50001 calls)
           -> unpack:      0.000      0.003      2.392   0.000048 (50001 calls)
   Force calculation:      0.000      0.002      5.845   0.000292 (20000 calls)
          phi update:      0.000      0.000      0.001   0.000000 (10000 calls)
    Poisson equation:      0.004      0.019     70.881   0.007088 (10000 calls)
       Nernst Planck:      0.001      0.040     11.969   0.001197 (10000 calls)
Diagnostics / output:      0.000      0.010      0.067   0.000007 (10000 calls)
End time: Thu Oct  1 17:18:23 2026
Ludwig finished normally.
